label,message,clean_message
0,"I think we're going to finn's now, come",think going finn come
0,Yeah he got in at 2 and was v apologetic. n had fallen out and she was actin like spoilt child and he got caught up in that. Till 2! But we won't go there! Not doing too badly cheers. You? ,yeah got v apologetic n fallen actin like spoilt child got caught till wont go badly cheer
0,Hi baby ive just got back from work and i was wanting to see u allday! I hope i didnt piss u off on the phone today. If u are up give me a call xxx,hi baby ive got back work wanting see u allday hope didnt piss u phone today u give call xxx
0,Jus ans me lar. U'll noe later.,jus an lar ull noe later
0,Ok i will tell her to stay out. Yeah its been tough but we are optimistic things will improve this month.,ok tell stay yeah tough optimistic thing improve month
0,I can take you at like noon,take like noon
0,"K, can I pick up another 8th when you're done?",k pick another th youre done
1,"This is the 2nd time we have tried 2 contact u. U have won the 750 Pound prize. 2 claim is easy, call 08718726970 NOW! Only 10p per min. BT-national-rate ",nd time tried contact u u pound prize claim easy call p per min btnationalrate
0,Ofcourse I also upload some songs,ofcourse also upload song
0,"Faith makes things possible,Hope makes things work,Love makes things beautiful,May you have all three this Christmas!Merry Christmas!",faith make thing possiblehope make thing worklove make thing beautifulmay three christmasmerry christmas
0,"Oops - am at my mum's in somerset... Bit far! Back tomo, see you soon x",oops mum somerset bit far back tomo see soon x
0,There's no point hangin on to mr not right if he's not makin u happy,there point hangin mr right he makin u happy
0,You are gorgeous! keep those pix cumming :) thank you!,gorgeous keep pix cumming thank
0,Nope. Meanwhile she talk say make i greet you.,nope meanwhile talk say make greet
0,Love that holiday Monday feeling even if I have to go to the dentists in an hour,love holiday monday feeling even go dentist hour
0,Did you show him and wot did he say or could u not c him 4 dust?,show wot say could u c dust
1,Congratulations ur awarded 500 of CD vouchers or 125gift guaranteed & Free entry 2 100 wkly draw txt MUSIC to 87066 TnCs www.Ldew.com1win150ppmx3age16,congratulation ur awarded cd voucher gift guaranteed free entry wkly draw txt music tncs
0,DO U WANT 2 MEET UP 2MORRO,u want meet morro
0,"Arngd marriage is while u r walkin unfortuntly a snake bites u. bt love marriage is dancing in frnt of d snake &amp; sayin Bite me, bite me.",arngd marriage u r walkin unfortuntly snake bite u bt love marriage dancing frnt snake amp sayin bite bite
0,Im on gloucesterroad what are uup to later?,im gloucesterroad uup later
0,"Two fundamentals of cool life: ""Walk, like you are the KING""...! OR ""Walk like you Dont care,whoever is the KING""!... Gud nyt",two fundamental cool life walk like king walk like dont carewhoever king gud nyt
0,The search 4 happiness is 1 of d main sources of unhappiness! Accept life the way it comes! U will find happiness in every moment u live.,search happiness main source unhappiness accept life way come u find happiness every moment u live
0,"Hmm ok, i'll stay for like an hour cos my eye is really sore!",hmm ok ill stay like hour co eye really sore
0,they released another Italian one today and it has a cosign option,released another italian one today cosign option
0,"It's not that you make me cry. It's just that when all our stuff happens on top of everything else, it pushes me over the edge. You don't underdtand how often i cry over my sorry, sorry life.",make cry stuff happens top everything else push edge dont underdtand often cry sorry sorry life
0,"K, wat s tht incident?",k wat tht incident
1,As a Registered Subscriber yr draw 4 a £100 gift voucher will b entered on receipt of a correct ans. When are the next olympics. Txt ans to 80062,registered subscriber yr draw gift voucher b entered receipt correct an next olympics txt an
0,Come to medical college at 7pm ......forward it da,come medical college pm forward da
0,Huh but i got lesson at 4 lei n i was thinkin of going to sch earlier n i tot of parkin at kent vale...  ,huh got lesson lei n thinkin going sch earlier n tot parkin kent vale
1,Todays Voda numbers ending 7548 are selected to receive a $350 award. If you have a match please call 08712300220 quoting claim code 4041 standard rates app,today voda number ending selected receive award match please call quoting claim code standard rate app
1,83039 62735=£450 UK Break AccommodationVouchers terms & conditions apply. 2 claim you mustprovide your claim number which is 15541 ,uk break accommodationvouchers term condition apply claim mustprovide claim number
0,Great comedy..cant stop laughing da:),great comedycant stop laughing da
0,Lol! Nah wasn't too bad thanks. Its good to b home but its been quite a reality check. Hows ur day been? Did u do anything with website?,lol nah wasnt bad thanks good b home quite reality check hows ur day u anything website
0,My phone,phone
0,K..i deleted my contact that why?,ki deleted contact
0,Nan sonathaya soladha. Why boss?,nan sonathaya soladha bos
0,"Aldrine, rakhesh ex RTM here.pls call.urgent.",aldrine rakhesh ex rtm herepls callurgent
0,"Yes but i dont care! I need you bad, princess!",yes dont care need bad princess
0,"TODAY is Sorry day.! If ever i was angry with you, if ever i misbehaved or hurt you? plz plz JUST SLAP URSELF Bcoz, Its ur fault, I'm basically GOOD",today sorry day ever angry ever misbehaved hurt plz plz slap urself bcoz ur fault im basically good
1,FREE camera phones with linerental from 4.49/month with 750 cross ntwk mins. 1/2 price txt bundle deals also avble. Call 08001950382 or call2optout/J MF,free camera phone linerental month cross ntwk min price txt bundle deal also avble call calloptoutj mf
1,Join the UK's horniest Dogging service and u can have sex 2nite!. Just sign up and follow the instructions. Txt ENTRY to 69888 now! Nyt.EC2A.3LP.msg@150p,join uk horniest dogging service u sex nite sign follow instruction txt entry
0,Better. Made up for Friday and stuffed myself like a pig yesterday. Now I feel bleh. But at least its not writhing pain kind of bleh.,better made friday stuffed like pig yesterday feel bleh least writhing pain kind bleh
0,Hey come online! Use msn... We are all there,hey come online use msn
0,I cant wait for cornwall. Hope tonight isnt too bad as well but its rock night shite. Anyway im going for a kip now have a good night. Speak to you soon.,cant wait cornwall hope tonight isnt bad well rock night shite anyway im going kip good night speak soon
0,Pls give her the food preferably pap very slowly with loads of sugar. You can take up to an hour to give it. And then some water. Very very slowly.,pls give food preferably pap slowly load sugar take hour give water slowly
0,"Some friends want me to drive em someplace, probably take a while",friend want drive em someplace probably take
0,S.i'm watching it in live..,sim watching live
0,Beerage?,beerage
0,I;m reaching in another 2 stops.,im reaching another stop
0,Send me yetty's number pls.,send yettys number pls
1,sports fans - get the latest sports news str* 2 ur mobile 1 wk FREE PLUS a FREE TONE Txt SPORT ON to 8007 www.getzed.co.uk 0870141701216+ norm 4txt/120p ,sport fan get latest sport news str ur mobile wk free plus free tone txt sport norm txtp
0,Re your call; You didn't see my facebook huh?,call didnt see facebook huh
0,Spoons it is then okay?,spoon okay
0,Watching tv lor... Y she so funny we bluff her 4 wat. Izzit because she thk it's impossible between us?,watching tv lor funny bluff wat izzit thk impossible u
0,"Yun ah.the ubi one say if ü wan call by tomorrow.call 67441233 look for irene.ere only got bus8,22,65,61,66,382. Ubi cres,ubi tech park.6ph for 1st 5wkg days.èn",yun ahthe ubi one say wan call tomorrowcall look ireneere got bus ubi cresubi tech parkph st wkg daysn
0,Take us out shopping and Mark will distract Isaiah.=D,take u shopping mark distract isaiahd
0,Just come home. I don't want u to be miserable,come home dont want u miserable
0,Waiting 4 my tv show 2 start lor... U leh still busy doing ur report?,waiting tv show start lor u leh still busy ur report
0,"Sir, hope your day is going smoothly. i really hoped i wont have to bother you about this. I have some bills that i can't settle this month. I am out of all extra cash. I know this is a challenging time for you also but i have to let you know.",sir hope day going smoothly really hoped wont bother bill cant settle month extra cash know challenging time also let know
0,What to think no one saying clearly. Ok leave no need to ask her. I will go if she come or not,think one saying clearly ok leave need ask go come
0,Lmao!nice 1,lmaonice
0,Jay is snickering and tells me that x is totally fucking up the chords as we speak,jay snickering tell x totally fucking chord speak
0,BABE !!! I miiiiiiissssssssss you ! I need you !!! I crave you !!! :-( ... Geeee ... I'm so sad without you babe ... I love you ...,babe miiiiiiissssssssss need crave geeee im sad without babe love
0,Ok i've sent u da latest version of da project.,ok ive sent u da latest version da project
0,"Yo carlos, a few friends are already asking me about you, you working at all this weekend?",yo carlos friend already asking working weekend
1,FreeMsg Today's the day if you are ready! I'm horny & live in your town. I love sex fun & games! Netcollex Ltd 08700621170150p per msg reply Stop to end,freemsg today day ready im horny live town love sex fun game netcollex ltd p per msg reply stop end
0,Do you like Italian food?,like italian food
0,S...from the training manual it show there is no tech process:)its all about password reset and troubleshooting:),sfrom training manual show tech processits password reset troubleshooting
0,They don't put that stuff on the roads to keep it from getting slippery over there?,dont put stuff road keep getting slippery
0,No did you check? I got his detailed message now,check got detailed message
0,No dear i was sleeping :-P,dear sleeping p
0,"YEH I AM DEF UP4 SOMETHING SAT,JUST GOT PAYED2DAY & I HAVBEEN GIVEN A£50 PAY RISE 4MY WORK & HAVEBEEN MADE PRESCHOOLCO-ORDINATOR 2I AM FEELINGOOD LUV",yeh def something satjust got payedday havbeen given pay rise work havebeen made preschoolcoordinator feelingood luv
1,Valentines Day Special! Win over £1000 in our quiz and take your partner on the trip of a lifetime! Send GO to 83600 now. 150p/msg rcvd. CustCare:08718720201,valentine day special win quiz take partner trip lifetime send go pmsg rcvd custcare
0,I don't know but I'm raping dudes at poker,dont know im raping dude poker
0,I have printed it oh. So  &lt;#&gt;  come upstairs,printed oh ltgt come upstairs
1,"1000's flirting NOW! Txt GIRL or BLOKE & ur NAME & AGE, eg GIRL ZOE 18 to 8007 to join and get chatting!",flirting txt girl bloke ur name age eg girl zoe join get chatting
0,Dont hesitate. You know this is the second time she has had weakness like that. So keep i notebook of what she eat and did the day before or if anything changed the day before so that we can be sure its nothing,dont hesitate know second time weakness like keep notebook eat day anything changed day sure nothing
1,URGENT! We are trying to contact U. Todays draw shows that you have won a £800 prize GUARANTEED. Call 09050003091 from land line. Claim C52. Valid12hrs only,urgent trying contact u today draw show prize guaranteed call land line claim c validhrs
0,I didnt get anything da,didnt get anything da
0,Compliments to you. Was away from the system. How your side.,compliment away system side
0,Our ride equally uneventful - not too many of those pesky cyclists around at that time of night ;).,ride equally uneventful many pesky cyclist around time night
0,Thanx a lot 4 ur help!,thanx lot ur help
0,Hasn't that been the pattern recently crap weekends?,hasnt pattern recently crap weekend
0,"Good good, billy mates all gone. Just been jogging, again! Did enjoy concert?",good good billy mate gone jogging enjoy concert
0,Are you angry with me. What happen dear,angry happen dear
0,Me too baby! I promise to treat you well! I bet you will take good care of me...,baby promise treat well bet take good care
1,You have won a Nokia 7250i. This is what you get when you win our FREE auction. To take part send Nokia to 86021 now. HG/Suite342/2Lands Row/W1JHL 16+,nokia get win free auction take part send nokia hgsuitelands rowwjhl
0,"swhrt how u dey,hope ur ok, tot about u 2day.love n miss.take care.",swhrt u deyhope ur ok tot u daylove n misstake care
0,Kallis wont bat in 2nd innings.,kallis wont bat nd inning
0,If I get there before you after your ten billion calls and texts so help me god,get ten billion call text help god
0,Tell where you reached,tell reached
0,Gain the rights of a wife.dont demand it.i am trying as husband too.Lets see,gain right wifedont demand iti trying husband toolets see
0,Now that you have started dont stop. Just pray for more good ideas and anything i see that can help you guys i.ll forward you a link.,started dont stop pray good idea anything see help guy ill forward link
0,No da:)he is stupid da..always sending like this:)don believe any of those message.pandy is a mental:),dahe stupid daalways sending like thisdon believe messagepandy mental
0,Where u been hiding stranger?,u hiding stranger
1,we tried to contact you re your response to our offer of a new nokia fone and camcorder hit reply or call 08000930705 for delivery,tried contact response offer new nokia fone camcorder hit reply call delivery
0,Right it wasnt you who phoned it was someone with a number like yours!,right wasnt phoned someone number like
0,Is that seriously how you spell his name?,seriously spell name
0,"Tick, tick, tick .... Where are you ? I could die of loneliness you know ! *pouts* *stomps feet* I need you ...",tick tick tick could die loneliness know pout stomp foot need
0,You've always been the brainy one.,youve always brainy one
0,Now am free call me pa.,free call pa
0,I accidentally brought em home in the box,accidentally brought em home box
0,Am not interested to do like that.,interested like
0,Nothing but we jus tot u would ask cos u ba gua... But we went mt faber yest... Yest jus went out already mah so today not going out... Jus call lor...,nothing jus tot u would ask co u ba gua went mt faber yest yest jus went already mah today going jus call lor
0,Ok i am on the way to home hi hi,ok way home hi hi
0,"Call me, i am senthil from hsbc.",call senthil hsbc
0,"Dear,Me at cherthala.in case u r coming cochin pls call bfore u start.i shall also reach accordingly.or tell me which day u r coming.tmorow i am engaged ans its holiday.",dearme cherthalain case u r coming cochin pls call bfore u starti shall also reach accordinglyor tell day u r comingtmorow engaged an holiday
0,Hi kindly give us back our documents which we submitted for loan from STAPATI,hi kindly give u back document submitted loan stapati
0,Finally the match heading towards draw as your prediction.,finally match heading towards draw prediction
0,I'm ok wif it cos i like 2 try new things. But i scared u dun like mah. Cos u said not too loud.,im ok wif co like try new thing scared u dun like mah co u said loud
0,Yes. Rent is very expensive so its the way we save.,yes rent expensive way save
0,What's up. Do you want me to come online?,whats want come online
1,Had your mobile 11 months or more? U R entitled to Update to the latest colour mobiles with camera for Free! Call The Mobile Update Co FREE on 08002986030,mobile month u r entitled update latest colour mobile camera free call mobile update co free
0,"Under the sea, there lays a rock. In the rock, there is an envelope. In the envelope, there is a paper. On the paper, there are 3 words... '",sea lay rock rock envelope envelope paper paper word
0,"Sorry, I'll call later  &lt;#&gt; mins",sorry ill call later ltgt min
0,"I'll get there at 3, unless you guys want me to come some time sooner",ill get unless guy want come time sooner
0,Hui xin is in da lib.,hui xin da lib
1,A link to your picture has been sent. You can also use http://alto18.co.uk/wave/wave.asp?o=44345,link picture sent also use
0,No problem baby. Is this is a good time to talk? I called and left a message.,problem baby good time talk called left message
0,"Dear,shall mail tonite.busy in the street,shall update you tonite.things are looking ok.varunnathu edukkukayee raksha ollu.but a good one in real sense.",dearshall mail tonitebusy streetshall update tonitethings looking okvarunnathu edukkukayee raksha ollubut good one real sense
0,Watching ajith film ah?,watching ajith film ah
0,Ok ill send you with in  &lt;DECIMAL&gt;  ok.,ok ill send ltdecimalgt ok
0,No I'm in the same boat. Still here at my moms. Check me out on yo. I'm half naked.,im boat still mom check yo im half naked
0,Don't look back at the building because you have no coat and i don't want you to get more sick. Just hurry home and wear a coat to the gym!!!,dont look back building coat dont want get sick hurry home wear coat gym
0,Omg you can make a wedding chapel in frontierville? Why do they get all the good stuff?,omg make wedding chapel frontierville get good stuff
1,"Auction round 4. The highest bid is now £54. Next maximum bid is £71. To bid, send BIDS e. g. 10 (to bid £10) to 83383. Good luck.",auction round highest bid next maximum bid bid send bid e g bid good luck
0,"Oh, i will get paid. The most outstanding one is for a commercial i did for Hasbro...in AUGUST! They made us jump through so many hoops to get paid. Still not.",oh get paid outstanding one commercial hasbroin august made u jump many hoop get paid still
0,Baaaaaaaabe! Wake up ! I miss you ! I crave you! I need you!,baaaaaaaabe wake miss crave need
0,Why don't you go tell your friend you're not sure you want to live with him because he smokes too much then spend hours begging him to come smoke,dont go tell friend youre sure want live smoke much spend hour begging come smoke
0,Also maaaan are you missing out,also maaaan missing
0,I'm in school now n i'll be in da lab doing some stuff give me a call when ü r done.,im school n ill da lab stuff give call r done
0,Also remember the beads don't come off. Ever.,also remember bead dont come ever
0,"Are you sure you don't mean ""get here, we made you hold all the weed""",sure dont mean get made hold weed
1,"Hi ya babe x u 4goten bout me?' scammers getting smart..Though this is a regular vodafone no, if you respond you get further prem rate msg/subscription. Other nos used also. Beware!",hi ya babe x u goten bout scammer getting smartthough regular vodafone respond get prem rate msgsubscription no used also beware
0,Yup. Thk of u oso boring wat.,yup thk u oso boring wat
0,Wanna do some art?! :D,wan na art
0,Oops. 4 got that bit.,oops got bit
0,"Could you not read me, my Love ? I answered you",could read love answered
0,Will do. Have a good day,good day
0,I'm always looking for an excuse to be in the city.,im always looking excuse city
0,That's cause your old. I live to be high.,thats cause old live high
0,Ü dun need to pick ur gf?,dun need pick ur gf
0,So there's a ring that comes with the guys costumes. It's there so they can gift their future yowifes. Hint hint,there ring come guy costume gift future yowifes hint hint
0,* Am on a train back from northampton so i'm afraid not!,train back northampton im afraid
0,"Yeah, probably earlier than that",yeah probably earlier
0,"Almost there, see u in a sec",almost see u sec
0,"Sir, waiting for your letter.",sir waiting letter
0,Dunno lei ü all decide lor. How abt leona? Oops i tot ben is going n i msg him.,dunno lei decide lor abt leona oops tot ben going n msg
0,That's a shame! Maybe cld meet for few hrs tomo?,thats shame maybe cld meet hr tomo
0,That means from february to april i'll be getting a place to stay down there so i don't have to hustle back and forth during audition season as i have since my sister moved away from harlem.,mean february april ill getting place stay dont hustle back forth audition season since sister moved away harlem
0,Finish already... Yar they keep saying i mushy... I so embarrassed ok...,finish already yar keep saying mushy embarrassed ok
0,No. Yes please. Been swimming?,yes please swimming
0,Ding me on ya break fassyole! Blacko from londn,ding ya break fassyole blacko londn
0,I can ask around but there's not a lot in terms of mids up here,ask around there lot term mids
0,"Wishing you and your family Merry ""X"" mas and HAPPY NEW Year in advance..",wishing family merry x ma happy new year advance
0,You made my day. Do have a great day too.,made day great day
0,I will come tomorrow di,come tomorrow di
0,I know you are serving. I mean what are you doing now.,know serving mean
0,"Sir Goodmorning, Once free call me.",sir goodmorning free call
0,"Good afternoon, my love. It was good to see your words on YM and get your tm. Very smart move, my slave ... *smiles* ... I drink my coffee and await you.",good afternoon love good see word ym get tm smart move slave smile drink coffee await
0,Ü neva tell me how i noe... I'm not at home in da aft wat... ,neva tell noe im home da aft wat
1,What do U want for Xmas? How about 100 free text messages & a new video phone with half price line rental? Call free now on 0800 0721072 to find out more!,u want xmas free text message new video phone half price line rental call free find
0,Ok then i come n pick u at engin?,ok come n pick u engin
0,I went to project centre,went project centre
0,"Sorry, it's a lot of friend-of-a-friend stuff, I'm just now about to talk to the actual guy who wants to buy",sorry lot friendofafriend stuff im talk actual guy want buy
0,"Imagine you finally get to sink into that bath after I have put you through your paces, maybe even having you eat me for a while before I left ... But also imagine the feel of that cage on your cock surrounded by the bath water, reminding you always who owns you ... Enjoy, my cuck",imagine finally get sink bath put pace maybe even eat left also imagine feel cage cock surrounded bath water reminding always owns enjoy cuck
0,Then u go back urself lor...,u go back urself lor
0,Omg how did u know what I ate?,omg u know ate
0,Dude how do you like the buff wind.,dude like buff wind
0,"Shit that is really shocking and scary, cant imagine for a second. Def up for night out. Do u think there is somewhere i could crash for night, save on taxi?",shit really shocking scary cant imagine second def night u think somewhere could crash night save taxi
0,"I noe la... U wana pei bf oso rite... K lor, other days den...",noe la u wana pei bf oso rite k lor day den
0,Sorry i now then c ur msg... Yar lor so poor thing... But only 4 one night... Tmr u'll have a brand new room 2 sleep in...,sorry c ur msg yar lor poor thing one night tmr ull brand new room sleep
0,U havent lost me ill always b here 4u.i didnt intend 2 hurt u but I never knew how u felt about me when Iwas+marine&thats what itried2tell urmom.i careabout u,u havent lost ill always b ui didnt intend hurt u never knew u felt iwasmarinethats itriedtell urmomi careabout u
0,Ew are you one of them?,ew one
0,Wat would u like 4 ur birthday?,wat would u like ur birthday
0,"K I'm leaving soon, be there a little after 9",k im leaving soon little
0,Sitting in mu waiting for everyone to get out of my suite so I can take a shower,sitting mu waiting everyone get suite take shower
1,"You are a £1000 winner or Guaranteed Caller Prize, this is our Final attempt to contact you! To Claim Call 09071517866 Now! 150ppmPOBox10183BhamB64XE",winner guaranteed caller prize final attempt contact claim call ppmpoboxbhambxe
0,Hi here. have birth at on the  to  at 8lb 7oz. Mother and baby doing brilliantly.,hi birth lb oz mother baby brilliantly
0,Aight sorry I take ten years to shower. What's the plan?,aight sorry take ten year shower whats plan
0,"K I'll head out in a few mins, see you there",k ill head min see
0,"Don't Think About ""What u Have Got"" Think About ""How to Use It That You Have Got"" gooD ni8",dont think u got think use got good ni
0,Lol yep did that yesterday. Already got my fireplace. Now its just another icon sitting there for me.,lol yep yesterday already got fireplace another icon sitting
0,One small prestige problem now.,one small prestige problem
0,Mum not going robinson already.,mum going robinson already
0,Is there coming friday is leave for pongal?do you get any news from your work place.,coming friday leave pongaldo get news work place
0,"Better than bb. If he wont use it, his wife will or them doctor",better bb wont use wife doctor
0,Did u see what I posted on your Facebook?,u see posted facebook
0,HCL chennai requires FRESHERS for voice process.Excellent english needed.Salary upto  &lt;#&gt; .Call Ms.Suman  &lt;#&gt;  for Telephonic interview -via Indyarocks.com,hcl chennai requires fresher voice processexcellent english neededsalary upto ltgt call mssuman ltgt telephonic interview via indyarockscom
0,Gettin rdy to ship comp,gettin rdy ship comp
0,"The guy at the car shop who was flirting with me got my phone number from the paperwork and called and texted me. I'm nervous because of course now he may have my address. Should i call his boss and tell him, knowing this may get him fired?",guy car shop flirting got phone number paperwork called texted im nervous course may address call bos tell knowing may get fired
0,"Haha, my friend tyler literally just asked if you could get him a dubsack",haha friend tyler literally asked could get dubsack
0,Hmmm.still we dont have opener?,hmmmstill dont opener
0,Thanks chikku..:-) gud nyt:-*,thanks chikku gud nyt
1,URGENT! We are trying to contact you. Last weekends draw shows that you have won a £900 prize GUARANTEED. Call 09061701939. Claim code S89. Valid 12hrs only,urgent trying contact last weekend draw show prize guaranteed call claim code valid hr
0,Already one guy loving you:-.,already one guy loving
0,Give me a sec to think think about it,give sec think think
0,"Cool, we shall go and see, have to go to tip anyway. Are you at home, got something to drop in later? So lets go to town tonight! Maybe mum can take us in.",cool shall go see go tip anyway home got something drop later let go town tonight maybe mum take u
1,"09066362231 URGENT! Your mobile No 07xxxxxxxxx won a £2,000 bonus caller prize on 02/06/03! this is the 2nd attempt to reach YOU! call 09066362231 ASAP!",urgent mobile xxxxxxxxx bonus caller prize nd attempt reach call asap
0,I'm okay. Chasing the dream. What's good. What are you doing next.,im okay chasing dream whats good next
0,WOT U WANNA DO THEN MISSY?,wot u wan na missy
0,Dip's cell dead. So i m coming with him. U better respond else we shall come back.,dip cell dead coming u better respond else shall come back
0,Have you not finished work yet or something?,finished work yet something
0,Rofl. Its true to its name,rofl true name
0,"I get out of class in bsn in like  &lt;#&gt;  minutes, you know where advising is?",get class bsn like ltgt minute know advising
0,K then 2marrow are you coming to class.,k marrow coming class
0,Mathews or tait or edwards or anderson,mathews tait edward anderson
1,ree entry in 2 a weekly comp for a chance to win an ipod. Txt POD to 80182 to get entry (std txt rate) T&C's apply 08452810073 for details 18+,ree entry weekly comp chance win ipod txt pod get entry std txt rate tc apply detail
0,"House-Maid is the murderer, coz the man was murdered on  &lt;#&gt; th January.. As public holiday all govt.instituitions are closed,including post office..",housemaid murderer coz man murdered ltgt th january public holiday govtinstituitions closedincluding post office
0,"Goodmorning,my grandfather expired..so am on leave today.",goodmorningmy grandfather expiredso leave today
0,We not leaving yet. Ok lor then we go elsewhere n eat. U thk...,leaving yet ok lor go elsewhere n eat u thk
0,"Aight, I'll text you when I'm back",aight ill text im back
0,All e best 4 ur driving tmr :-),e best ur driving tmr
0,Check mail.i have mailed varma and kept copy to you regarding membership.take care.insha allah.,check maili mailed varma kept copy regarding membershiptake careinsha allah
0,hiya hows it going in sunny africa? hope u r avin a good time. give that big old silver back a big kiss from me.,hiya hows going sunny africa hope u r avin good time give big old silver back big kiss
0,"Solve d Case : A Man Was Found Murdered On  &lt;DECIMAL&gt; . &lt;#&gt;  AfterNoon. 1,His wife called Police. 2,Police questioned everyone. 3,Wife: Sir,I was sleeping, when the murder took place. 4.Cook: I was cooking. 5.Gardener: I was picking vegetables. 6.House-Maid: I went 2 d post office. 7.Children: We went 2 play. 8.Neighbour: We went 2 a marriage. Police arrested d murderer Immediately. Who's It? Reply With Reason, If U r Brilliant.",solve case man found murdered ltdecimalgt ltgt afternoon wife called police police questioned everyone wife siri sleeping murder took place cook cooking gardener picking vegetable housemaid went post office child went play neighbour went marriage police arrested murderer immediately who reply reason u r brilliant
0,Okay name ur price as long as its legal! Wen can I pick them up? Y u ave x ams xx,okay name ur price long legal wen pick u ave x am xx
0,Yo dude guess who just got arrested the other day,yo dude guess got arrested day
0,Just got up. have to be out of the room very soon. …. i hadn't put the clocks back til at 8 i shouted at everyone to get up and then realised it was 7. wahay. another hour in bed.,got room soon hadnt put clock back til shouted everyone get realised wahay another hour bed
0,"Lets use it next week, princess :)",let use next week princess
1,"Urgent! call 09061749602 from Landline. Your complimentary 4* Tenerife Holiday or £10,000 cash await collection SAE T&Cs BOX 528 HP20 1YF 150ppm 18+",urgent call landline complimentary tenerife holiday cash await collection sae tc box hp yf ppm
0,it's really getting me down just hanging around.,really getting hanging around
0,Its a valentine game. . . Send dis msg to all ur friends. .. If 5 answers r d same then someone really loves u. Ques- which colour suits me the best?rply me,valentine game send dis msg ur friend answer r someone really love u ques colour suit bestrply
0,"Oh, then your phone phoned me but it disconnected",oh phone phoned disconnected
0,Thats cool princess! I will cover your face in hot sticky cum :),thats cool princess cover face hot sticky cum
0,How dare you stupid. I wont tell anything to you. Hear after i wont talk to you:-.,dare stupid wont tell anything hear wont talk
0,"My planning usually stops at ""find hella weed, smoke hella weed""",planning usually stop find hella weed smoke hella weed
1,PRIVATE! Your 2004 Account Statement for 078498****7 shows 786 unredeemed Bonus Points. To claim call 08719180219 Identifier Code: 45239 Expires 06.05.05,private account statement show unredeemed bonus point claim call identifier code expires
0,Eh ur laptop got no stock lei... He say mon muz come again to take a look c got a not...,eh ur laptop got stock lei say mon muz come take look c got
0,I'm coming back on Thursday. Yay. Is it gonna be ok to get the money. Cheers. Oh yeah and how are you. Everything alright. Hows school. Or do you call it work now,im coming back thursday yay gon na ok get money cheer oh yeah everything alright hows school call work
0,I'm in office now . I will call you  &lt;#&gt;  min:),im office call ltgt min
0,Remember to ask alex about his pizza,remember ask alex pizza
0,"Bloody hell, cant believe you forgot my surname Mr . Ill give u a clue, its spanish and begins with m... ",bloody hell cant believe forgot surname mr ill give u clue spanish begin
0,Still in customer place,still customer place
0,"Mmmmmm ... I love you,so much, Ahmad ... I can't wait for this year to begin as every second takes me closer to being at your side. Happy New Year, my love!!",mmmmmm love youso much ahmad cant wait year begin every second take closer side happy new year love
0,"alright, I'll make sure the car is back tonight",alright ill make sure car back tonight
0,Are you available for soiree on June 3rd?,available soiree june rd
0,Ok then i will come to ur home after half an hour,ok come ur home half hour
0,Thx. All will be well in a few months,thx well month
0,No problem. How are you doing?,problem
0,"Haha good to hear, I'm officially paid and on the market for an 8th",haha good hear im officially paid market th
0,Oi when you gonna ring,oi gon na ring
0,K do I need a login or anything,k need login anything
0,Great. P diddy is my neighbor and comes for toothpaste every morning,great p diddy neighbor come toothpaste every morning
1,"Spook up your mob with a Halloween collection of a logo & pic message plus a free eerie tone, txt CARD SPOOK to 8007 zed 08701417012150p per logo/pic",spook mob halloween collection logo pic message plus free eerie tone txt card spook zed p per logopic
0,Hows the pain dear?y r u smiling?,hows pain deary r u smiling
0,"Just looked it up and addie goes back Monday, sucks to be her",looked addie go back monday suck
0,Hey ! Don't forget ... You are MINE ... For ME ... My possession ... MY property ... MMM ... *childish smile* ...,hey dont forget mine possession property mmm childish smile
0,S:)8 min to go for lunch:),min go lunch
0,He's an adult and would learn from the experience. There's no real danger. I just dont like peeps using drugs they dont need. But no comment,he adult would learn experience there real danger dont like peep using drug dont need comment
0,Oh shut it. Omg yesterday I had a dream that I had 2 kids both boys. I was so pissed. Not only about the kids but them being boys. I even told mark in my dream that he was changing diapers cause I'm not getting owed in the face.,oh shut omg yesterday dream kid boy pissed kid boy even told mark dream changing diaper cause im getting owed face
1,Had your mobile 11mths ? Update for FREE to Oranges latest colour camera mobiles & unlimited weekend calls. Call Mobile Upd8 on freefone 08000839402 or 2StopTx,mobile mths update free orange latest colour camera mobile unlimited weekend call call mobile upd freefone stoptx
0,E admin building there? I might b slightly earlier... I'll call u when i'm reaching...,e admin building might b slightly earlier ill call u im reaching
0,"If you can make it any time tonight or whenever you can it's cool, just text me whenever you're around",make time tonight whenever cool text whenever youre around
1,Are you unique enough? Find out from 30th August. www.areyouunique.co.uk,unique enough find th august
0,Yup... I havent been there before... You want to go for the yoga? I can call up to book ,yup havent want go yoga call book
0,"Me, i dont know again oh",dont know oh
0,Do you know what Mallika Sherawat did yesterday? Find out now @  &lt;URL&gt;,know mallika sherawat yesterday find lturlgt
0,I also thk too fast... Xy suggest one not me. U dun wan it's ok. Going 2 rain leh where got gd.,also thk fast xy suggest one u dun wan ok going rain leh got gd
0,My stomach has been thru so much trauma I swear I just can't eat. I better lose weight.,stomach thru much trauma swear cant eat better lose weight
1,"REMINDER FROM O2: To get 2.50 pounds free call credit and details of great offers pls reply 2 this text with your valid name, house no and postcode",reminder get pound free call credit detail great offer pls reply text valid name house postcode
0,Great escape. I fancy the bridge but needs her lager. See you tomo ,great escape fancy bridge need lager see tomo
1,Do you want a new video handset? 750 anytime any network mins? Half Price Line Rental? Camcorder? Reply or call 08000930705 for delivery tomorrow,want new video handset anytime network min half price line rental camcorder reply call delivery tomorrow
0,I know you are. Can you pls open the back?,know pls open back
0,"Sorry, I'll call later in meeting any thing related to trade please call Arul. &lt;#&gt; ",sorry ill call later meeting thing related trade please call arul ltgt
0,U really pig leh sleep so much. My dad wake me up at 10 smth 2 eat lunch today.,u really pig leh sleep much dad wake smth eat lunch today
0,How do you plan to manage that,plan manage
0,Do you still have the grinder?,still grinder
0,1 in cbe. 2 in chennai.,cbe chennai
0,Yar lor wait 4 my mum 2 finish sch then have lunch lor... I whole morning stay at home clean my room now my room quite clean... Hee...,yar lor wait mum finish sch lunch lor whole morning stay home clean room room quite clean hee
1,PRIVATE! Your 2003 Account Statement for shows 800 un-redeemed S. I. M. points. Call 08715203694 Identifier Code: 40533 Expires 31/10/04,private account statement show unredeemed point call identifier code expires
1,5p 4 alfie Moon's Children in need song on ur mob. Tell ur m8s. Txt Tone charity to 8007 for Nokias or Poly charity for polys: zed 08701417012 profit 2 charity.,p alfie moon child need song ur mob tell ur m txt tone charity nokias poly charity polys zed profit charity
0,"Sounds gd... Haha... Can... Wah, u yan jiu so fast liao...",sound gd haha wah u yan jiu fast liao
0,What you doing?how are you?,doinghow
0,Lol that's different. I don't go trying to find every real life photo you ever took.,lol thats different dont go trying find every real life photo ever took
0,"Awesome, think we can get an 8th at usf some time tonight?",awesome think get th usf time tonight
0,So when do you wanna gym harri,wan na gym harri
1,IMPORTANT INFORMATION 4 ORANGE USER 0796XXXXXX. TODAY IS UR LUCKY DAY!2 FIND OUT WHY LOG ONTO http://www.urawinner.com THERE'S A FANTASTIC PRIZEAWAITING YOU!,important information orange user xxxxxx today ur lucky day find log onto there fantastic prizeawaiting
0,Dunno lei... I might b eatin wif my frens... If ü wan to eat then i wait 4 ü lar,dunno lei might b eatin wif frens wan eat wait lar
0,I take it we didn't have the phone callon Friday. Can we assume we won't have it this year now?,take didnt phone callon friday assume wont year
0,Do you always celebrate NY's with your family ?,always celebrate ny family
1,"FREE RING TONE just text ""POLYS"" to 87131. Then every week get a new tone. 0870737910216yrs only £1.50/wk.",free ring tone text polys every week get new tone yr wk
1,Get ur 1st RINGTONE FREE NOW! Reply to this msg with TONE. Gr8 TOP 20 tones to your phone every week just £1.50 per wk 2 opt out send STOP 08452810071 16,get ur st ringtone free reply msg tone gr top tone phone every week per wk opt send stop
0,"Yalru lyfu astne chikku.. Bt innu mundhe lyf ali halla ke bilo (marriage)program edhae, so lyf is nt yet ovr chikku..ali vargu lyfu meow meow:-D",yalru lyfu astne chikku bt innu mundhe lyf ali halla ke bilo marriageprogram edhae lyf nt yet ovr chikkuali vargu lyfu meow meowd
0,"I've got ten bucks, jay is being noncomittal",ive got ten buck jay noncomittal
0,How was txting and driving,txting driving
0,Never blame a day in ur life. Good days give u happiness. Bad days give u experience. Both are essential in life! All are Gods blessings! good morning.:,never blame day ur life good day give u happiness bad day give u experience essential life god blessing good morning
0,Hi..i got the money da:),hii got money da
0,"The table's occupied, I'm waiting by the tree",table occupied im waiting tree
0,Where are you?when wil you reach here?,youwhen wil reach
0,Let there be snow. Let there be snow. This kind of weather brings ppl together so friendships can grow.,let snow let snow kind weather brings ppl together friendship grow
0,"Vikky, come around  &lt;TIME&gt; ..",vikky come around lttimegt
0,oh ya... Got hip hop open. Haha i was thinking can go for jazz then zoom to cine... Actually tonight i'm free leh... And there's a kb lesson tonight,oh ya got hip hop open haha thinking go jazz zoom cine actually tonight im free leh there kb lesson tonight
0,"Good afternoon sunshine! How dawns that day ? Are we refreshed and happy to be alive? Do we breathe in the air and smile ? I think of you, my love ... As always",good afternoon sunshine dawn day refreshed happy alive breathe air smile think love always
0,Ok..,ok
1,WIN a £200 Shopping spree every WEEK Starting NOW. 2 play text STORE to 88039. SkilGme. TsCs08714740323 1Winawk! age16 £1.50perweeksub.,win shopping spree every week starting play text store skilgme tscswinawk age perweeksub
0,Just sleeping..and surfing,sleepingand surfing
1,Ur TONEXS subscription has been renewed and you have been charged £4.50. You can choose 10 more polys this month. www.clubzed.co.uk *BILLING MSG*,ur tonexs subscription renewed charged choose polys month billing msg
0,"Send ur birthdate with month and year, I will tel u ur LIFE PARTNER'S name. and the method of calculation. Reply must.",send ur birthdate month year tel u ur life partner name method calculation reply must
1,XMAS iscoming & ur awarded either £500 CD gift vouchers & free entry 2 r £100 weekly draw txt MUSIC to 87066 TnC www.Ldew.com1win150ppmx3age16subscription ,xmas iscoming ur awarded either cd gift voucher free entry r weekly draw txt music tnc
1,You have won a Nokia 7250i. This is what you get when you win our FREE auction. To take part send Nokia to 86021 now. HG/Suite342/2Lands Row/W1JHL 16+ ,nokia get win free auction take part send nokia hgsuitelands rowwjhl
0,Well welp is sort of a semiobscure internet thing,well welp sort semiobscure internet thing
0,Hey now am free you can call me.,hey free call
0,K.k:)advance happy pongal.,kkadvance happy pongal
0,"Customer place, i wil cal u sir.",customer place wil cal u sir
0,"When you just put in the + sign, choose my number and the pin will show. Right?",put sign choose number pin show right
0,"idc get over here, you are not weaseling your way out of this shit twice in a row",idc get weaseling way shit twice row
1,-PLS STOP bootydelious (32/F) is inviting you to be her friend. Reply YES-434 or NO-434 See her: www.SMS.ac/u/bootydelious STOP? Send STOP FRND to 62468,pls stop bootydelious f inviting friend reply yes see stop send stop frnd
0,Pls speak to that customer machan.,pls speak customer machan
0,I dont know exactly could you ask chechi.,dont know exactly could ask chechi
0,Hey darlin.. i can pick u up at college if u tell me wen & where 2 mt.. love Pete xx,hey darlin pick u college u tell wen mt love pete xx
0,How long does applebees fucking take,long applebees fucking take
1,New TEXTBUDDY Chat 2 horny guys in ur area 4 just 25p Free 2 receive Search postcode or at gaytextbuddy.com. TXT ONE name to 89693. 08715500022 rpl Stop 2 cnl,new textbuddy chat horny guy ur area p free receive search postcode gaytextbuddycom txt one name rpl stop cnl
0,"The last thing i ever wanted to do was hurt you. And i didn't think it would have. You'd laugh, be embarassed, delete the tag and keep going. But as far as i knew, it wasn't even up. The fact that you even felt like i would do it to hurt you shows you really don't know me at all. It was messy wednesday, but it wasn't bad. The problem i have with it is you HAVE the time to clean it, but you choose not to. You skype, you take pictures, you sleep, you want to go out. I don't mind a few things here and there, but when you don't make the bed, when you throw laundry on top of it, when i can't have a friend in the house because i'm embarassed that there's underwear and bras strewn on the bed, pillows on the floor, that's something else. You used to be good about at least making the bed.",last thing ever wanted hurt didnt think would youd laugh embarassed delete tag keep going far knew wasnt even fact even felt like would hurt show really dont know messy wednesday wasnt bad problem time clean choose skype take picture sleep want go dont mind thing dont make bed throw laundry top cant friend house im embarassed there underwear bra strewn bed pillow floor thats something else used good least making bed
0,Lol no. Just trying to make your day a little more interesting,lol trying make day little interesting
1,"You can stop further club tones by replying ""STOP MIX"" See my-tone.com/enjoy. html for terms. Club tones cost GBP4.50/week. MFL, PO Box 1146 MK45 2WT (2/3)",stop club tone replying stop mix see mytonecomenjoy html term club tone cost gbpweek mfl po box mk wt
0,What is this 'hex' place you talk of? Explain!,hex place talk explain
1,Ur cash-balance is currently 500 pounds - to maximize ur cash-in now send GO to 86688 only 150p/msg. CC 08718720201 HG/Suite342/2Lands Row/W1J6HL,ur cashbalance currently pound maximize ur cashin send go pmsg cc hgsuitelands rowwjhl
0,Talk to g and x about that,talk g x
0,Do you work all this week ?,work week
0,"If you want to mapquest it or something look up ""usf dogwood drive"", that's the tiny street where the parking lot is",want mapquest something look usf dogwood drive thats tiny street parking lot
0,soon you will have the real thing princess! Do i make you wet? :),soon real thing princess make wet
0,On ma way to school. Can you pls send me ashley's number,way school pls send ashleys number
1,Dear 0776xxxxxxx U've been invited to XCHAT. This is our final attempt to contact u! Txt CHAT to 86688 150p/MsgrcvdHG/Suite342/2Lands/Row/W1J6HL LDN 18yrs ,dear xxxxxxx uve invited xchat final attempt contact u txt chat pmsgrcvdhgsuitelandsrowwjhl ldn yr
1,"Urgent! Please call 0906346330. Your ABTA complimentary 4* Spanish Holiday or £10,000 cash await collection SAE T&Cs BOX 47 PO19 2EZ 150ppm 18+",urgent please call abta complimentary spanish holiday cash await collection sae tc box po ez ppm
0,Yes princess! I want to please you every night. Your wish is my command...,yes princess want please every night wish command
0,Love you aathi..love u lot..,love aathilove u lot
0,Tell them u have a headache and just want to use 1 hour of sick time.,tell u headache want use hour sick time
0,It has everything to do with the weather. Keep extra warm. Its a cold but nothing serious. Pls lots of vitamin c,everything weather keep extra warm cold nothing serious pls lot vitamin c
0,Hope you are not scared!,hope scared
0,No * am working on the ringing u thing but have whole houseful of screaming brats so * am pulling my hair out! Loving u,working ringing u thing whole houseful screaming brat pulling hair loving u
1,<Forwarded from 21870000>Hi - this is your Mailbox Messaging SMS alert. You have 40 matches. Please call back on 09056242159 to retrieve your messages and matches cc100p/min,forwarded hi mailbox messaging sm alert match please call back retrieve message match ccpmin
0,"True. It is passable. And if you get a high score and apply for phd, you get 5years of salary. So it makes life easier.",true passable get high score apply phd get year salary make life easier
0,All done? All handed in? Celebrations in full swing yet?,done handed celebration full swing yet
0,The bus leaves at  &lt;#&gt; ,bus leaf ltgt
0,Huh so slow i tot u reach long ago liao... U 2 more days only i 4 more leh...,huh slow tot u reach long ago liao u day leh
0,Future is not what we planned for tomorrow.....! it is the result of what we do today...! Do the best in present... enjoy the future.,future planned tomorrow result today best present enjoy future
0,Havent.,havent
1,Ur cash-balance is currently 500 pounds - to maximize ur cash-in now send GO to 86688 only 150p/meg. CC: 08718720201 HG/Suite342/2lands Row/W1j6HL,ur cashbalance currently pound maximize ur cashin send go pmeg cc hgsuitelands rowwjhl
0,have * good weekend.,good weekend
0,U ned to convince him tht its not possible witot hurting his feeling its the main,u ned convince tht possible witot hurting feeling main
0,K...k...yesterday i was in cbe .,kkyesterday cbe
0,"No I'm good for the movie, is it ok if I leave in an hourish?",im good movie ok leave hourish
0,Headin towards busetop,headin towards busetop
0,"Night night, see you tomorrow",night night see tomorrow
0,This girl does not stay in bed. This girl doesn't need recovery time. Id rather pass out while having fun then be cooped up in bed,girl stay bed girl doesnt need recovery time id rather pas fun cooped bed
0,Why are u up so early?,u early
0,Yes watching footie but worried we're going to blow it - Phil Neville?,yes watching footie worried going blow phil neville
0,"I'm a guy, browsin is compulsory",im guy browsin compulsory
1,"To review and KEEP the fantastic Nokia N-Gage game deck with Club Nokia, go 2 www.cnupdates.com/newsletter. unsubscribe from alerts reply with the word OUT",review keep fantastic nokia ngage game deck club nokia go unsubscribe alert reply word
0,MY NO. IN LUTON 0125698789 RING ME IF UR AROUND! H*,luton ring ur around h
0,Go where n buy? Juz buy when we get there lar.,go n buy juz buy get lar
1,"u r subscribed 2 TEXTCOMP 250 wkly comp. 1st wk?s free question follows, subsequent wks charged@150p/msg.2 unsubscribe txt STOP 2 84128,custcare 08712405020",u r subscribed textcomp wkly comp st wks free question follows subsequent wks unsubscribe txt stop custcare
0,So how are you really. What are you up to. How's the masters. And so on.,really hows master
0,"It's wylie, you in tampa or sarasota?",wylie tampa sarasota
0,Please leave this topic..sorry for telling that..,please leave topicsorry telling
0,Yeah do! Don‘t stand to close tho- you‘ll catch something!,yeah dont stand close tho youll catch something
0,Wrong phone! This phone! I answer this one but assume the other is people i don't well,wrong phone phone answer one assume people dont well
0,2mro i am not coming to gym machan. Goodnight.,mro coming gym machan goodnight
0,Shant disturb u anymore... Jia you...,shant disturb u anymore jia
0,And several to you sir.,several sir
0,I know a few people I can hit up and fuck to the yes,know people hit fuck yes
1,U have a Secret Admirer who is looking 2 make contact with U-find out who they R*reveal who thinks UR so special-call on 09065171142-stopsms-08718727870150ppm,u secret admirer looking make contact ufind rreveal think ur specialcall stopsmsppm
0,Ok then i'll let him noe later n ask him call u tmr...,ok ill let noe later n ask call u tmr
1,thesmszone.com lets you send free anonymous and masked messages..im sending this message from there..do you see the potential for abuse???,thesmszonecom let send free anonymous masked messagesim sending message theredo see potential abuse
0,No messages on her phone. I'm holding it now,message phone im holding
0,"I promise to take good care of you, princess. I have to run now. Please send pics when you get a chance. Ttyl!",promise take good care princess run please send pic get chance ttyl
0,Hi. I'm sorry i missed your call. Can you pls call back.,hi im sorry missed call pls call back
0,Hey what are you doing. Y no reply pa..,hey reply pa
0,Pls send me the correct name da.,pls send correct name da
0,Enjoy urself tmr...,enjoy urself tmr
1,"TheMob> Check out our newest selection of content, Games, Tones, Gossip, babes and sport, Keep your mobile fit and funky text WAP to 82468",themob check newest selection content game tone gossip babe sport keep mobile fit funky text wap
0,I want to sent  &lt;#&gt; mesages today. Thats y. Sorry if i hurts,want sent ltgt mesages today thats sorry hurt
0,If you r @ home then come down within 5 min,r home come within min
0,Anything lar then ü not going home 4 dinner?,anything lar going home dinner
1,Santa Calling! Would your little ones like a call from Santa Xmas eve? Call 09058094583 to book your time.,santa calling would little one like call santa xmas eve call book time
0,"sorry, no, have got few things to do. may be in pub later.",sorry got thing may pub later
0,Ya had just now.onion roast.,ya nowonion roast
0,Good. do you think you could send me some pix? I would love to see your top and bottom...,good think could send pix would love see top bottom
0,Lol ... I really need to remember to eat when I'm drinking but I do appreciate you keeping me company that night babe *smiles*,lol really need remember eat im drinking appreciate keeping company night babe smile
0,Yeah I'll try to scrounge something up,yeah ill try scrounge something
0,Okay but i thought you were the expert,okay thought expert
0,Did u receive my msg?,u receive msg
0,Well boy am I glad G wasted all night at applebees for nothing,well boy glad g wasted night applebees nothing
0,East coast,east coast
0,Nothing will ever be easy. But don't be looking for a reason not to take a risk on life and love,nothing ever easy dont looking reason take risk life love
0,Happy birthday... May all ur dreams come true...,happy birthday may ur dream come true
0,She.s fine. I have had difficulties with her phone. It works with mine. Can you pls send her another friend request.,shes fine difficulty phone work mine pls send another friend request
0,I will spoil you in bed as well :),spoil bed well
0,I.ll hand her my phone to chat wit u,ill hand phone chat wit u
0,And miss vday the parachute and double coins??? U must not know me very well...,miss vday parachute double coin u must know well
0,No let me do the math. Your not good at it.,let math good
0,No. On the way home. So if not for the long dry spell the season would have been over,way home long dry spell season would
1,Natalie (20/F) is inviting you to be her friend. Reply YES-165 or NO-165 See her: www.SMS.ac/u/natalie2k9 STOP? Send STOP FRND to 62468,natalie f inviting friend reply yes see stop send stop frnd
0,No calls..messages..missed calls,callsmessagesmissed call
0,I'm done...,im done
0,Oh k.k..where did you take test?,oh kkwhere take test
0,For The First Time In The History 'Need' 'Comfort' And 'Luxury' Are Sold At Same Price In India..!! Onion-Rs. &lt;#&gt;  Petrol-Rs. &lt;#&gt;  Beer-Rs. &lt;#&gt;  SHESIL  &lt;#&gt;,first time history need comfort luxury sold price india onionrs ltgt petrolrs ltgt beerrs ltgt shesil ltgt
0,Raji..pls do me a favour. Pls convey my Birthday wishes to Nimya. Pls. Today is her birthday.,rajipls favour pls convey birthday wish nimya pls today birthday
0,Anyway holla at me whenever you're around because I need an excuse to go creep on people in sarasota,anyway holla whenever youre around need excuse go creep people sarasota
0,And smile for me right now as you go and the world will wonder what you are smiling about and think your crazy and keep away from you ... *grins*,smile right go world wonder smiling think crazy keep away grin
1,You have an important customer service announcement from PREMIER.,important customer service announcement premier
0,"Beautiful Truth against Gravity.. Read carefully: ""Our heart feels light when someone is in it.. But it feels very heavy when someone leaves it.."" GOODMORNING",beautiful truth gravity read carefully heart feel light someone feel heavy someone leaf goodmorning
0,"Aight no rush, I'll ask jay",aight rush ill ask jay
0,It has issues right now. Ill fix for her by tomorrow.,issue right ill fix tomorrow
0,"Lol, oh you got a friend for the dog ?",lol oh got friend dog
0,"K, text me when you're on the way",k text youre way
0,Yes. They replied my mail. I'm going to the management office later. Plus will in to bank later also.or on wednesday.,yes replied mail im going management office later plus bank later alsoor wednesday
0,No..he joined today itself.,nohe joined today
0,Oh:)as usual vijay film or its different?,ohas usual vijay film different
1,"Download as many ringtones as u like no restrictions, 1000s 2 choose. U can even send 2 yr buddys. Txt Sir to 80082 £3 ",download many ringtones u like restriction choose u even send yr buddy txt sir
1,URGENT! This is the 2nd attempt to contact U!U have WON £1000CALL 09071512432 b4 300603t&csBCM4235WC1N3XX.callcost150ppmmobilesvary. max£7. 50,urgent nd attempt contact uu call b tcsbcmwcnxxcallcostppmmobilesvary max
0,Hi dis is yijue i would be happy to work wif ü all for gek1510...,hi dis yijue would happy work wif gek
1,"Dear Matthew please call 09063440451 from a landline, your complimentary 4*Lux Tenerife holiday or £1000 CASH await collection. ppm150 SAE T&Cs Box334 SK38XH.",dear matthew please call landline complimentary lux tenerife holiday cash await collection ppm sae tc box skxh
0,Ok anyway no need to change with what you said,ok anyway need change said
0,My supervisor find 4 me one lor i thk his students. I havent ask her yet. Tell u aft i ask her.,supervisor find one lor thk student havent ask yet tell u aft ask
0,Unfortunately i've just found out that we have to pick my sister up from the airport that evening so don't think i'll be going out at all. We should try to go out one of th,unfortunately ive found pick sister airport evening dont think ill going try go one th
0,Customer place i will call you,customer place call
1,How come it takes so little time for a child who is afraid of the dark to become a teenager who wants to stay out all night?,come take little time child afraid dark become teenager want stay night
0,Also where's the piece,also wheres piece
0,Yesterday its with me only . Now am going home.,yesterday going home
0, &lt;DECIMAL&gt; m but its not a common car here so its better to buy from china or asia. Or if i find it less expensive. I.ll holla,ltdecimalgt common car better buy china asia find less expensive ill holla
0,"Get the door, I'm here",get door im
0,"Lol ... Oh no babe, I wont be sliding into your place after midnight, but thanks for the invite",lol oh babe wont sliding place midnight thanks invite
0,ZOE IT JUST HIT ME 2 IM FUCKING SHITIN MYSELF IL DEFO TRY MY HARDEST 2 CUM 2MOROW LUV U MILLIONS LEKDOG,zoe hit im fucking shitin il defo try hardest cum morow luv u million lekdog
0,Yo you guys ever figure out how much we need for alcohol? Jay and I are trying to figure out how much we can safely spend on weed,yo guy ever figure much need alcohol jay trying figure much safely spend weed
0,ARE YOU IN TOWN? THIS IS V. IMPORTANT,town v important
1,Talk sexy!! Make new friends or fall in love in the worlds most discreet text dating service. Just text VIP to 83110 and see who you could meet.,talk sexy make new friend fall love world discreet text dating service text vip see could meet
0,She's fine. Good to hear from you. How are you my dear? Happy new year oh.,shes fine good hear dear happy new year oh
1,"Someone U know has asked our dating service 2 contact you! Cant guess who? CALL 09058095107 NOW all will be revealed. POBox 7, S3XY 150p ",someone u know asked dating service contact cant guess call revealed pobox sxy p
0,Bbq this sat at mine from 6ish. Ur welcome 2 come,bbq sat mine ish ur welcome come
1,URGENT This is our 2nd attempt to contact U. Your £900 prize from YESTERDAY is still awaiting collection. To claim CALL NOW 09061702893. ACL03530150PM,urgent nd attempt contact u prize yesterday still awaiting collection claim call aclpm
0,He's just gonna worry for nothing. And he won't give you money its no use.,he gon na worry nothing wont give money use
0,"Ya ok, then had dinner?",ya ok dinner
0,U meet other fren dun wan meet me ah... Muz b a guy rite...,u meet fren dun wan meet ah muz b guy rite
1,"Hi there, 2nights ur lucky night! Uve been invited 2 XCHAT, the Uks wildest chat! Txt CHAT to 86688 now! 150p/MsgrcvdHG/Suite342/2Lands/Row/W1J6HL LDN 18yrs",hi night ur lucky night uve invited xchat uk wildest chat txt chat pmsgrcvdhgsuitelandsrowwjhl ldn yr
0,Ok. Me watching tv too.,ok watching tv
0,Then ur sis how?,ur si
0,Oh did you charge camera,oh charge camera
0,Lol yes. Our friendship is hanging on a thread cause u won't buy stuff.,lol yes friendship hanging thread cause u wont buy stuff
0,The basket's gettin full so I might be by tonight,basket gettin full might tonight
1,"U can WIN £100 of Music Gift Vouchers every week starting NOW Txt the word DRAW to 87066 TsCs www.ldew.com SkillGame,1Winaweek, age16.150ppermessSubscription",u win music gift voucher every week starting txt word draw tscs skillgamewinaweek ageppermesssubscription
0,K.:)you are the only girl waiting in reception ah?,kyou girl waiting reception ah
0,I want to be inside you every night...,want inside every night
0,You didn't have to tell me that...now i'm thinking. Plus he's going to stop all your runs,didnt tell thatnow im thinking plus he going stop run
0,"Whenevr ur sad, Whenevr ur gray, Remembr im here 2 listn 2 watevr u wanna say, Jus walk wid me a little while,&amp; I promise I'll bring back ur smile.:-)",whenevr ur sad whenevr ur gray remembr im listn watevr u wan na say jus walk wid little whileamp promise ill bring back ur smile
0,Ard 530 like dat lor. We juz meet in mrt station then ü dun haf to come out.,ard like dat lor juz meet mrt station dun haf come
0,K I'll be there before 4.,k ill
0,HI DARLIN ITS KATE ARE U UP FOR DOIN SOMETHIN TONIGHT? IM GOING TO A PUB CALLED THE SWAN OR SOMETHING WITH MY PARENTS FOR ONE DRINK SO PHONE ME IF U CAN,hi darlin kate u doin somethin tonight im going pub called swan something parent one drink phone u
0,Saw Guys and Dolls last night with Patrick Swayze it was great,saw guy doll last night patrick swayze great
0,"Dad wanted to talk about the apartment so I got a late start, omw now",dad wanted talk apartment got late start omw
0,"Oh, my love, it's soooo good to hear from you. Omg I missed you so much today. I'm sorry your having problems with the provider but thank you for tming me",oh love soooo good hear omg missed much today im sorry problem provider thank tming
0,This phone has the weirdest auto correct.,phone weirdest auto correct
0,"Go until jurong point, crazy.. Available only in bugis n great world la e buffet... Cine there got amore wat...",go jurong point crazy available bugis n great world la e buffet cine got amore wat
0,K.k:)i'm going to tirunelvali this week to see my uncle ..i already spend the amount by taking dress .so only i want money.i will give it on feb 1,kkim going tirunelvali week see uncle already spend amount taking dress want moneyi give feb
0,Aiyah u did ok already lar. E nydc at wheellock?,aiyah u ok already lar e nydc wheellock
0,Jos ask if u wana meet up?,jos ask u wana meet
0,Lara said she can loan me  &lt;#&gt; .,lara said loan ltgt
0,I might come to kerala for 2 days.so you can be prepared to take a leave once i finalise .dont plan any travel during my visit.need to finish urgent works.,might come kerala daysso prepared take leave finalise dont plan travel visitneed finish urgent work
0,"Babe, I need your advice",babe need advice
0,"Hello. No news on job, they are making me wait a fifth week! Yeah im up for some woozles and weasels... In exeter still, but be home about 3. ",hello news job making wait fifth week yeah im woozles weasel exeter still home
0,WE REGRET TO INFORM U THAT THE NHS HAS MADE A MISTAKE.U WERE NEVER ACTUALLY BORN.PLEASE REPORT 2 YOR LOCAL HOSPITAL 2B TERMINATED.WE R SORRY 4 THE INCONVENIENCE,regret inform u nh made mistakeu never actually bornplease report yor local hospital b terminatedwe r sorry inconvenience
0,I will see in half an hour,see half hour
0,;-) ok. I feel like john lennon.,ok feel like john lennon
0,Then any special there?,special
0,Pls dont restrict her from eating anythin she likes for the next two days.,pls dont restrict eating anythin like next two day
1,Dear Voucher holder Have your next meal on us. Use the following link on your pc 2 enjoy a 2 4 1 dining experiencehttp://www.vouch4me.com/etlp/dining.asp,dear voucher holder next meal u use following link pc enjoy dining experience
1,Monthly password for wap. mobsi.com is 391784. Use your wap phone not PC.,monthly password wap mobsicom use wap phone pc
0,Oh...i asked for fun. Haha...take care. ü,ohi asked fun hahatake care
0,Thats cool. I want to please you...,thats cool want please
0,"I'm back &amp; we're packing the car now, I'll let you know if there's room",im back amp packing car ill let know there room
0,Super msg da:)nalla timing.,super msg danalla timing
0,Probably earlier than that if the station's where I think it is,probably earlier station think
0,Our Prashanthettan's mother passed away last night. pray for her and family.,prashanthettans mother passed away last night pray family
0,Of cos can lar i'm not so ba dao ok... 1 pm lor... Y u never ask where we go ah... I said u would ask on fri but he said u will ask today...,co lar im ba dao ok pm lor u never ask go ah said u would ask fri said u ask today
0,Lol for real. She told my dad I have cancer,lol real told dad cancer
0,Thanks for this hope you had a good day today,thanks hope good day today
0,K actually can you guys meet me at the sunoco on howard? It should be right on the way,k actually guy meet sunoco howard right way
0,"She said,'' do u mind if I go into the bedroom for a minute ? '' ''OK'', I sed in a sexy mood. She came out 5 minuts latr wid a cake...n My Wife,",said u mind go bedroom minute ok sed sexy mood came minuts latr wid caken wife
0,Hi there. We have now moved in2 our pub . Would be great 2 c u if u cud come up.,hi moved pub would great c u u cud come
0,I REALLY NEED 2 KISS U I MISS U MY BABY FROM UR BABY 4EVA,really need kiss u miss u baby ur baby eva
0,Mm i had my food da from out,mm food da
0,Haiyoh... Maybe your hamster was jealous of million,haiyoh maybe hamster jealous million
0,If u sending her home first it's ok lor. I'm not ready yet.,u sending home first ok lor im ready yet
0,Hello handsome ! Are you finding that job ? Not being lazy ? Working towards getting back that net for mummy ? Where's my boytoy now ? Does he miss me ?,hello handsome finding job lazy working towards getting back net mummy wheres boytoy miss
0,Ok Chinese food on its way. When I get fat you're paying for my lipo.,ok chinese food way get fat youre paying lipo
0,I want to go to perumbavoor,want go perumbavoor
0,I told your number to gautham..,told number gautham
0,U dun say so early hor... U c already then say...,u dun say early hor u c already say
1,2p per min to call Germany 08448350055 from your BT line. Just 2p per min. Check PlanetTalkInstant.com for info & T's & C's. Text stop to opt out,p per min call germany bt line p per min check planettalkinstantcom info t c text stop opt
0,I am great princess! What are you thinking about me? :),great princess thinking
0,I wanted to ask ü to wait 4 me to finish lect. Cos my lect finishes in an hour anyway.,wanted ask wait finish lect co lect finish hour anyway
0,"Erm... Woodland avenue somewhere. Do you get the parish magazine, his telephone number will be in there.",erm woodland avenue somewhere get parish magazine telephone number
0,"I just lov this line: ""Hurt me with the truth, I don't mind,i wil tolerat.bcs ur my someone..... But, Never comfort me with a lie"" gud ni8 and sweet dreams",lov line hurt truth dont mindi wil toleratbcs ur someone never comfort lie gud ni sweet dream
0,Congrats kano..whr s the treat maga?,congrats kanowhr treat maga
0,Wow v v impressed. Have funs shopping!,wow v v impressed fun shopping
0,"Sorry about earlier. Putting out fires.Are you around to talk after 9? Or do you actually have a life, lol!",sorry earlier putting firesare around talk actually life lol
0,Anything lor but toa payoh got place 2 walk meh...,anything lor toa payoh got place walk meh
0,Beautiful truth : Expression of the face could Be seen by everyone... But the depression of heart Could be understood only By the Loved ones.. Gud Ni8;-),beautiful truth expression face could seen everyone depression heart could understood loved one gud ni
1,As one of our registered subscribers u can enter the draw 4 a 100 G.B. gift voucher by replying with ENTER. To unsubscribe text STOP,one registered subscriber u enter draw gb gift voucher replying enter unsubscribe text stop
0,You are a big chic. Common. Declare,big chic common declare
0,"Aight will do, thanks again for comin out",aight thanks comin
0,Apps class varaya elaya.,apps class varaya elaya
1,We tried to contact you re your reply to our offer of a Video Phone 750 anytime any network mins Half Price Line Rental Camcorder Reply or call 08000930705,tried contact reply offer video phone anytime network min half price line rental camcorder reply call
0,So ü pay first lar... Then when is da stock comin...,pay first lar da stock comin
0,"Hi, my love! How goes that day? Fuck, this morning I woke and dropped my cell on the way down the stairs but it seems alright ... *phews* I miss you !",hi love go day fuck morning woke dropped cell way stair seems alright phews miss
0,We have all rounder:)so not required:),rounderso required
1,"This weeks SavaMob member offers are now accessible. Just call 08709501522 for details! SavaMob, POBOX 139, LA3 2WU. Only £1.50/week. SavaMob - offers mobile!",week savamob member offer accessible call detail savamob pobox la wu week savamob offer mobile
0,Ard 6 like dat lor.,ard like dat lor
0,True lov n care wil nevr go unrecognized. though somone often makes mistakes when valuing it. but they will definitly undrstnd once when they start missing it.,true lov n care wil nevr go unrecognized though somone often make mistake valuing definitly undrstnd start missing
0,Oh. U must have taken your REAL Valentine out shopping first.,oh u must taken real valentine shopping first
0,Do u still have plumbers tape and a wrench we could borrow?,u still plumber tape wrench could borrow
0,Ok lor... Or u wan me go look 4 u?,ok lor u wan go look u
0,"Great. I'm in church now, will holla when i get out",great im church holla get
0,"After my work ah... Den 6 plus lor... U workin oso rite... Den go orchard lor, no other place to go liao...",work ah den plus lor u workin oso rite den go orchard lor place go liao
0,Onum ela pa. Normal than.,onum ela pa normal
0,"I got arrested for possession at, I shit you not,  &lt;TIME&gt;  pm",got arrested possession shit lttimegt pm
0,LMAO where's your fish memory when I need it?,lmao wheres fish memory need
0,My uncles in Atlanta. Wish you guys a great semester.,uncle atlanta wish guy great semester
1,<Forwarded from 448712404000>Please CALL 08712404000 immediately as there is an urgent message waiting for you.,forwarded please call immediately urgent message waiting
0,1's finish meeting call me.,finish meeting call
0,Should I be stalking u?,stalking u
0,"Sir, I am waiting for your mail.",sir waiting mail
0,Yup but not studying surfing lor. I'm in e lazy mode today.,yup studying surfing lor im e lazy mode today
1,You are now unsubscribed all services. Get tons of sexy babes or hunks straight to your phone! go to http://gotbabes.co.uk. No subscriptions.,unsubscribed service get ton sexy babe hunk straight phone go subscription
0,Sorry i'm not free...,sorry im free
0,Yup it's at paragon... I havent decided whether 2 cut yet... Hee...,yup paragon havent decided whether cut yet hee
0,"Nah can't help you there, I've never had an iphone",nah cant help ive never iphone
0,Dai  &lt;#&gt;  naal eruku.,dai ltgt naal eruku
0,"Hey babe, my friend had to cancel, still up for a visit ?",hey babe friend cancel still visit
0,Got meh... When?,got meh
1,FREE entry into our £250 weekly comp just send the word WIN to 80086 NOW. 18 T&C www.txttowin.co.uk,free entry weekly comp send word win tc
0,Good morning. At the repair shop--the ONLY reason i'm up at this hour.,good morning repair shopthe reason im hour
0,When is school starting. Where will you stay. What's the weather like. And the food. Do you have a social support system like friends in the school. All these things are important.,school starting stay whats weather like food social support system like friend school thing important
0,Oh you got many responsibilities.,oh got many responsibility
0,"Goodnight, sleep well da please take care pa. Please.",goodnight sleep well da please take care pa please
0,hi my darlin im on my way to London and we have just been smashed into by another driver! and have a big dent! im really missing u what have u been up to? xxx,hi darlin im way london smashed another driver big dent im really missing u u xxx
0,Die... Now i have e toot fringe again...,die e toot fringe
0,Nope but i'll b going 2 sch on fri quite early lor cos mys sis got paper in da morn :-),nope ill b going sch fri quite early lor co mys si got paper da morn
0,I need you to be in my strong arms...,need strong arm
0,Wah... Okie okie... Muz make use of e unlimited... Haha... ,wah okie okie muz make use e unlimited haha
0,I've been trying to reach him without success,ive trying reach without success
0,"You might want to pull out more just in case and just plan on not spending it if you can, I don't have much confidence in derek and taylor's money management",might want pull case plan spending dont much confidence derek taylor money management
0,"HI HUN! IM NOT COMIN 2NITE-TELL EVERY1 IM SORRY 4 ME, HOPE U AVA GOODTIME!OLI RANG MELNITE IFINK IT MITE B SORTED,BUT IL EXPLAIN EVERYTHIN ON MON.L8RS.x",hi hun im comin nitetell every im sorry hope u ava goodtimeoli rang melnite ifink mite b sortedbut il explain everythin monlrsx
1,CDs 4u: Congratulations ur awarded £500 of CD gift vouchers or £125 gift guaranteed & Freeentry 2 £100 wkly draw xt MUSIC to 87066 TnCs www.ldew.com1win150ppmx3age16 ,cd u congratulation ur awarded cd gift voucher gift guaranteed freeentry wkly draw xt music tncs
0,"Tunde, how are you doing. This is just wishing you a great day. Abiola.",tunde wishing great day abiola
0,"Thats a bit weird, even ?- where is the do supposed to be happening? But good idea, sure they will be in pub!",thats bit weird even supposed happening good idea sure pub
0,Same as u... Dun wan... Y u dun like me already ah... Wat u doing now? Still eating?,u dun wan u dun like already ah wat u still eating
0,"Just checked out, heading out to drop off my stuff now",checked heading drop stuff
0,No current and food here. I am alone also,current food alone also
0,Too late. I said i have the website. I didn't i have or dont have the slippers,late said website didnt dont slipper
0,What u talking bout early morning? It's almost noon where your at!,u talking bout early morning almost noon
0,Goin to workout lor... Muz lose e fats... ,goin workout lor muz lose e fat
0,Erutupalam thandiyachu,erutupalam thandiyachu
0,At home also.,home also
0,Draw va?i dont think so:),draw vai dont think
0,K..u also dont msg or reply to his msg..,ku also dont msg reply msg
0,"The house is on the water with a dock, a boat rolled up with a newscaster who dabbles in jazz flute behind the wheel",house water dock boat rolled newscaster dabbles jazz flute behind wheel
0,"There'll be a minor shindig at my place later tonight, you interested?",therell minor shindig place later tonight interested
0,I liked the new mobile,liked new mobile
0,Did u fix the teeth?if not do it asap.ok take care.,u fix teethif asapok take care
0,Also that chat was awesome but don't make it regular unless you can see her in person,also chat awesome dont make regular unless see person
0,It will stop on itself. I however suggest she stays with someone that will be able to give ors for every stool.,stop however suggest stay someone able give or every stool
0,Are you the cutest girl in the world or what,cutest girl world
1,"FreeMSG You have been awarded a FREE mini DIGITAL CAMERA, just reply SNAP to collect your prize! (quizclub Opt out? Stop 80122300p/wk SP:RWM Ph:08704050406)",freemsg awarded free mini digital camera reply snap collect prize quizclub opt stop pwk sprwm ph
0,U can call me now...,u call
0,Most of the tiime when i don't let you hug me it's so i don't break into tears.,tiime dont let hug dont break tear
0,Were somewhere on Fredericksburg,somewhere fredericksburg
0,"Yo, you gonna still be in stock tomorrow/today? I'm trying to get a dubsack",yo gon na still stock tomorrowtoday im trying get dubsack
0,Near kalainar tv office.thenampet,near kalainar tv officethenampet
0,Gud ni8.swt drms.take care,gud niswt drmstake care
1,U have a secret admirer who is looking 2 make contact with U-find out who they R*reveal who thinks UR so special-call on 09058094594,u secret admirer looking make contact ufind rreveal think ur specialcall
0,Mm yes dear look how i am hugging you both. :-P,mm yes dear look hugging p
0,Ok... C ya...,ok c ya
0,"Hmmm ... And imagine after you've come home from that having to rub my feet, make me dinner and help me get ready for my date ! Are you sure your ready for that kind of life ?",hmmm imagine youve come home rub foot make dinner help get ready date sure ready kind life
0,"Thanx 4 the time weve spent 2geva, its bin mint! Ur my Baby and all I want is u!xxxx",thanx time weve spent geva bin mint ur baby want uxxxx
0,How did you find out in a way that didn't include all of these details,find way didnt include detail
0,Auntie huai juan never pick up her phone,auntie huai juan never pick phone
0,Surely result will offer:),surely result offer
0,"Its ok chikku, and its my 1 of favourite song..:-)",ok chikku favourite song
0,Oh yah... We never cancel leh... Haha ,oh yah never cancel leh haha
0,Wow so healthy. Old airport rd lor. Cant thk of anything else. But i'll b bathing my dog later.,wow healthy old airport rd lor cant thk anything else ill b bathing dog later
1,Urgent Please call 09066612661 from landline. £5000 cash or a luxury 4* Canary Islands Holiday await collection. T&Cs SAE award. 20M12AQ. 150ppm. 16+ “,urgent please call landline cash luxury canary island holiday await collection tc sae award maq ppm
0,how tall are you princess?,tall princess
0,Thankyou so much for the call. I appreciate your care.,thankyou much call appreciate care
0,Old Orchard near univ. How about you?,old orchard near univ
0,I am going to sao mu today. Will be done only at 12 ,going sao mu today done
0,YO YO YO BYATCH WHASSUP?,yo yo yo byatch whassup
0,They finally came to fix the ceiling.,finally came fix ceiling
0,"Sorry that took so long, omw now",sorry took long omw
0,Whatsup there. Dont u want to sleep,whatsup dont u want sleep
0,"Im cool ta luv but v.tired 2 cause i have been doin loads of planning all wk, we have got our social services inspection at the nursery! Take care & spk sn x.",im cool ta luv vtired cause doin load planning wk got social service inspection nursery take care spk sn x
0,Might ax well im there.,might ax well im
0,"Nt only for driving even for many reasons she is called BBD..thts it chikku, then hw abt dvg cold..heard tht vinobanagar violence hw is the condition..and hw ru ? Any problem?",nt driving even many reason called bbdthts chikku hw abt dvg coldheard tht vinobanagar violence hw conditionand hw ru problem
0,I'm job profile seems like bpo..,im job profile seems like bpo
0,Sorry. || mail? || ,sorry mail
1,"Hello from Orange. For 1 month's free access to games, news and sport, plus 10 free texts and 20 photo messages, reply YES. Terms apply: www.orange.co.uk/ow",hello orange month free access game news sport plus free text photo message reply yes term apply
0,Well its not like you actually called someone a punto. That woulda been worse.,well like actually called someone punto woulda worse
0,Dnt worry...use ice pieces in a cloth pack.also take 2 tablets.,dnt worryuse ice piece cloth packalso take tablet
1,"This is the 2nd attempt to contract U, you have won this weeks top prize of either £1000 cash or £200 prize. Just call 09066361921",nd attempt contract u week top prize either cash prize call
1,Congratulations YOU'VE Won. You're a Winner in our August £1000 Prize Draw. Call 09066660100 NOW. Prize Code 2309.,congratulation youve youre winner august prize draw call prize code
0,i can call in  &lt;#&gt;  min if thats ok,call ltgt min thats ok
0,Haf u found him? I feel so stupid da v cam was working.,haf u found feel stupid da v cam working
0,"Probably not, I'm almost out of gas and I get some cash tomorrow",probably im almost gas get cash tomorrow
0,Please attend the phone:),please attend phone
0,R ü going 4 today's meeting?,r going today meeting
0,I have many dependents,many dependent
1,Customer Loyalty Offer:The NEW Nokia6650 Mobile from ONLY £10 at TXTAUCTION! Txt word: START to No: 81151 & get yours Now! 4T&Ctxt TC 150p/MTmsg,customer loyalty offerthe new nokia mobile txtauction txt word start get tctxt tc pmtmsg
0,"If e timing can, then i go w u lor...",e timing go w u lor
0,I want to be there so i can kiss you and feel you next to me,want kiss feel next
0,Pls accept me for one day. Or am begging you change the number.,pls accept one day begging change number
0,"Sorry man my account's dry or I would, if you want we could trade back half or I could buy some shit with my credit card",sorry man account dry would want could trade back half could buy shit credit card
0,"You have come into my life and brought the sun ..Shiny down on me, warming my heart. Putting a constant smile on my face ... Making me feel loved and cared for",come life brought sun shiny warming heart putting constant smile face making feel loved cared
0,Can ü send me a copy of da report?,send copy da report
0,"Come to me right now, Ahmad",come right ahmad
0,Hi dude hw r u da realy mising u today,hi dude hw r u da realy mising u today
0,Desires- u going to doctor 4 liver. And get a bit stylish. Get ur hair managed. Thats it.,desire u going doctor liver get bit stylish get ur hair managed thats
0,Ya very nice. . .be ready on thursday,ya nice ready thursday
0,Prabha..i'm soryda..realy..frm heart i'm sory,prabhaim sorydarealyfrm heart im sory
0,Carlos says we can pick up from him later so yeah we're set,carlos say pick later yeah set
0,How do friends help us in problems? They give the most stupid suggestion that Lands us into another problem and helps us forgt the previous problem,friend help u problem give stupid suggestion land u another problem help u forgt previous problem
0,says the  &lt;#&gt;  year old with a man and money. I'm down to my last  &lt;#&gt; . Still waiting for that check.,say ltgt year old man money im last ltgt still waiting check
0,is your hamster dead? Hey so tmr i meet you at 1pm orchard mrt? ,hamster dead hey tmr meet pm orchard mrt
0,Water logging in desert. Geoenvironmental implications.,water logging desert geoenvironmental implication
1,"U can WIN £100 of Music Gift Vouchers every week starting NOW Txt the word DRAW to 87066 TsCs www.Idew.com SkillGame, 1Winaweek, age16. 150ppermessSubscription",u win music gift voucher every week starting txt word draw tscs skillgame winaweek age ppermesssubscription
0,watever reLation u built up in dis world only thing which remains atlast iz lonlines with lotz n lot memories! feeling..,watever relation u built dis world thing remains atlast iz lonlines lotz n lot memory feeling
0,Ok. I only ask abt e movie. U wan ktv oso?,ok ask abt e movie u wan ktv oso
0,"Nimbomsons. Yep phone knows that one. Obviously, cos thats a real word",nimbomsons yep phone know one obviously co thats real word
0,Even u dont get in trouble while convincing..just tel him once or twice and just tel neglect his msgs dont c and read it..just dont reply,even u dont get trouble convincingjust tel twice tel neglect msg dont c read itjust dont reply
0,Err... Cud do. I'm going to  at 8pm. I haven't got a way to contact him until then.,err cud im going pm havent got way contact
1,"cmon babe, make me horny, *turn* me on! Txt me your fantasy now babe -) Im hot, sticky and need you now. All replies cost £1.50. 2 cancel send STOP",cmon babe make horny turn txt fantasy babe im hot sticky need reply cost cancel send stop
0,Lol now I'm after that hot air balloon!,lol im hot air balloon
0,Tell them the drug dealer's getting impatient,tell drug dealer getting impatient
0,"Now u sound like manky scouse boy steve,like! I is travelling on da bus home.wot has u inmind 4 recreation dis eve?",u sound like manky scouse boy stevelike travelling da bus homewot u inmind recreation dis eve
0,I meant middle left or right?,meant middle left right
0,Been up to ne thing interesting. Did you have a good birthday? When are u wrking nxt? I started uni today.,ne thing interesting good birthday u wrking nxt started uni today
1,"Update_Now - Xmas Offer! Latest Motorola, SonyEricsson & Nokia & FREE Bluetooth! Double Mins & 1000 Txt on Orange. Call MobileUpd8 on 08000839402 or call2optout/F4Q=",updatenow xmas offer latest motorola sonyericsson nokia free bluetooth double min txt orange call mobileupd calloptoutfq
0,Do you know when the result.,know result
0,Please give it 2  or i will pick it up on Tuesday evening about 8 if that is ok.,please give pick tuesday evening ok
0,"wiskey Brandy Rum Gin Beer Vodka Scotch Shampain Wine ""KUDI""yarasu dhina vaazhthukkal. ..",wiskey brandy rum gin beer vodka scotch shampain wine kudiyarasu dhina vaazhthukkal
0,Hi ....My engagement has been fixd on  &lt;#&gt; th of next month. I know its really shocking bt....hmm njan vilikkam....t ws al of a sudn;-(.,hi engagement fixd ltgt th next month know really shocking bthmm njan vilikkamt w al sudn
0,Shall call now dear having food,shall call dear food
0,Hope ur head doesn't hurt 2 much ! Am ploughing my way through a pile of ironing ! Staying in with a chinky tonight come round if you like.,hope ur head doesnt hurt much ploughing way pile ironing staying chinky tonight come round like
0,Went to ganesh dress shop,went ganesh dress shop
0,Thanks for ve lovely wisheds. You rock,thanks lovely wisheds rock
1,You have 1 new message. Call 0207-083-6089,new message call
0,"Good morning, my boytoy! How's those yummy lips ? Where's my sexy buns now ? What do you do ? Do you think of me ? Do you crave me ? Do you need me ?",good morning boytoy hows yummy lip wheres sexy bun think crave need
0,Appt is at &lt;TIME&gt; am. Not my fault u don't listen. I told u twice,appt lttimegt fault u dont listen told u twice
0,"I hav almost reached. Call, i m unable to connect u.",hav almost reached call unable connect u
0,"Yeah we wouldn't leave for an hour at least, how's 4 sound?",yeah wouldnt leave hour least hows sound
1,"Hungry gay guys feeling hungry and up 4 it, now. Call 08718730555 just 10p/min. To stop texts call 08712460324 (10p/min)",hungry gay guy feeling hungry call pmin stop text call pmin
0,WHO ARE YOU SEEING?,seeing
0,"I dun thk i'll quit yet... Hmmm, can go jazz ? Yogasana oso can... We can go meet em after our lessons den... ",dun thk ill quit yet hmmm go jazz yogasana oso go meet em lesson den
0,That day you asked about anand number. Why:-),day asked anand number
0,I can make lasagna for you... vodka...,make lasagna vodka
0,Do u ever get a song stuck in your head for no reason and it won't go away til u listen to it like 5 times?,u ever get song stuck head reason wont go away til u listen like time
0,U sleeping now.. Or you going to take? Haha.. I got spys wat.. Me online checking n replying mails lor..,u sleeping going take haha got spy wat online checking n replying mail lor
0,Guess who spent all last night phasing in and out of the fourth dimension,guess spent last night phasing fourth dimension
0,Jesus armand really is trying to tell everybody he can find,jesus armand really trying tell everybody find
0,Audrie lousy autocorrect,audrie lousy autocorrect
0,Is there any training tomorrow?,training tomorrow
0,Whats the staff name who is taking class for us?,whats staff name taking class u
0,"Dizzamn, aight I'll ask my suitemates when I get back",dizzamn aight ill ask suitemates get back
1,Natalja (25/F) is inviting you to be her friend. Reply YES-440 or NO-440 See her: www.SMS.ac/u/nat27081980 STOP? Send STOP FRND to 62468,natalja f inviting friend reply yes see stop send stop frnd
0,Yo do you know anyone  &lt;#&gt;  or otherwise able to buy liquor? Our guy flaked and right now if we don't get a hold of somebody its just 4 loko all night,yo know anyone ltgt otherwise able buy liquor guy flaked right dont get hold somebody loko night
0,1Apple/Day=No Doctor. 1Tulsi Leaf/Day=No Cancer. 1Lemon/Day=No Fat. 1Cup Milk/day=No Bone Problms 3 Litres Watr/Day=No Diseases Snd ths 2 Whom U Care..:-),appledayno doctor tulsi leafdayno cancer lemondayno fat cup milkdayno bone problms litre watrdayno disease snd th u care
0,Okay. I've seen it. So i should pick it on friday?,okay ive seen pick friday
0,Please tell me not all of my car keys are in your purse,please tell car key purse
0,Tiwary to rcb.battle between bang and kochi.,tiwary rcbbattle bang kochi
1,You won't believe it but it's true. It's Incredible Txts! Reply G now to learn truly amazing things that will blow your mind. From O2FWD only 18p/txt,wont believe true incredible txts reply g learn truly amazing thing blow mind ofwd ptxt
0,Dont talk to him ever ok its my word.,dont talk ever ok word
1,Our brand new mobile music service is now live. The free music player will arrive shortly. Just install on your phone to browse content from the top artists.,brand new mobile music service live free music player arrive shortly install phone browse content top artist
0,yeah sure thing mate haunt got all my stuff sorted but im going sound anyway promoting hex for .by the way who is this? dont know number. Joke,yeah sure thing mate haunt got stuff sorted im going sound anyway promoting hex way dont know number joke
0,We not watching movie already. Xy wants 2 shop so i'm shopping w her now.,watching movie already xy want shop im shopping w
0,Lmao but its so fun...,lmao fun
0,I not at home now lei...,home lei
0,Leaving to qatar tonite in search of an opportunity.all went fast.pls add me in ur prayers dear.Rakhesh,leaving qatar tonite search opportunityall went fastpls add ur prayer dearrakhesh
0,"Haha, my legs and neck are killing me and my amigos are hoping to end the night with a burn, think I could swing by in like an hour?",haha leg neck killing amigo hoping end night burn think could swing like hour
0,R ü comin back for dinner?,r comin back dinner
0,What you did in  leave.,leave
0,"Happy new year to u and ur family...may this new year bring happiness , stability and tranquility to ur vibrant colourful life:):)",happy new year u ur familymay new year bring happiness stability tranquility ur vibrant colourful life
1,Wanna have a laugh? Try CHIT-CHAT on your mobile now! Logon by txting the word: CHAT and send it to No: 8883 CM PO Box 4217 London W1A 6ZF 16+ 118p/msg rcvd,wan na laugh try chitchat mobile logon txting word chat send cm po box london wa zf pmsg rcvd
0,Okie,okie
1,important information 4 orange user 0789xxxxxxx. today is your lucky day!2find out why log onto http://www.urawinner.com THERE'S A FANTASTIC SURPRISE AWAITING YOU!,important information orange user xxxxxxx today lucky dayfind log onto there fantastic surprise awaiting
1,"Thanks for your ringtone order, ref number R836. Your mobile will be charged £4.50. Should your tone not arrive please call customer services on 09065069154",thanks ringtone order ref number r mobile charged tone arrive please call customer service
0,"Aight, sounds good. When do you want me to come down?",aight sound good want come
0,When i have stuff to sell i.ll tell you,stuff sell ill tell
1,500 free text msgs. Just text ok to 80488 and we'll credit your account,free text msg text ok well credit account
0,I cant wait to see you! How were the photos were useful? :),cant wait see photo useful
0,I am great! How are you?,great
0,Tell rob to mack his gf in the theater,tell rob mack gf theater
0,"Haha yeah I see that now, be there in a sec",haha yeah see sec
0,Where are you ? You said you would be here when I woke ... :-(,said would woke
0,Jason says it's cool if we pick some up from his place in like an hour,jason say cool pick place like hour
0,Will it help if we propose going back again tomorrow,help propose going back tomorrow
0,Yup... Ok i go home look at the timings then i msg ü again... Xuhui going to learn on 2nd may too but her lesson is at 8am,yup ok go home look timing msg xuhui going learn nd may lesson
1,sexy sexy cum and text me im wet and warm and ready for some porn! u up for some fun? THIS MSG IS FREE RECD MSGS 150P INC VAT 2 CANCEL TEXT STOP,sexy sexy cum text im wet warm ready porn u fun msg free recd msg p inc vat cancel text stop
0,"Good afternoon sexy buns! How goes the job search ? I wake and you are my first thought as always, my love. I wish your fine and happy and know I adore you!",good afternoon sexy bun go job search wake first thought always love wish fine happy know adore
0,I donno its in your genes or something,donno gene something
0,"Chinatown got porridge, claypot rice, yam cake, fishhead beehoon... Either we eat cheap den go cafe n tok or go nydc or somethin...",chinatown got porridge claypot rice yam cake fishhead beehoon either eat cheap den go cafe n tok go nydc somethin
0,Sounds like you have many talents! would you like to go on a dinner date next week?,sound like many talent would like go dinner date next week
0,Ok u can take me shopping when u get paid =D,ok u take shopping u get paid
0,"Nothing, smsing u n xy lor. Sorry lor da guys neva c u in person but they sort of know u lor. So u wan 2 meet them xy ask me 2 bring u along 4 our next meeting.",nothing smsing u n xy lor sorry lor da guy neva c u person sort know u lor u wan meet xy ask bring u along next meeting
0,Those were my exact intentions,exact intention
0,Don know..he is watching film in computer..,knowhe watching film computer
0,I think its far more than that but find out. Check google maps for a place from your dorm.,think far find check google map place dorm
0,I AM AT A PARTY WITH ALEX NICHOLS,party alex nichols
0,Yup next stop.,yup next stop
0,"Hey, can you tell me blake's address? Carlos wanted me to meet him there but I got lost and he's not answering his phone",hey tell blake address carlos wanted meet got lost he answering phone
0,We are pleased to inform that your application for Airtel Broadband is processed successfully. Your installation will happen within 3 days.,pleased inform application airtel broadband processed successfully installation happen within day
0,A guy who gets used but is too dumb to realize it.,guy get used dumb realize
0,Oh that was a forwarded message. I thought you send that to me,oh forwarded message thought send
0,Think + da. You wil do.,think da wil
0,"Hi Chikku, send some nice msgs",hi chikku send nice msg
0,"Anyway I don't think I can secure anything up here, lemme know if you want me to drive down south and chill",anyway dont think secure anything lem know want drive south chill
0,Uncle boye. I need movies oh. Guide me. Plus you know torrents are not particularly legal here. And the system is slowing down. What should i do. Have a gr8 day. Plus have you started cos i dont meet you online. How was the honey moon.,uncle boye need movie oh guide plus know torrent particularly legal system slowing gr day plus started co dont meet online honey moon
0,My sister got placed in birla soft da:-),sister got placed birla soft da
1,GENT! We are trying to contact you. Last weekends draw shows that you won a £1000 prize GUARANTEED. Call 09064012160. Claim Code K52. Valid 12hrs only. 150ppm,gent trying contact last weekend draw show prize guaranteed call claim code k valid hr ppm
0,If I was I wasn't paying attention,wasnt paying attention
0,"That's fine, I'll bitch at you about it later then",thats fine ill bitch later
0,Hi good mornin.. Thanku wish u d same..,hi good mornin thanku wish u
0,So u wan 2 come for our dinner tonight a not?,u wan come dinner tonight
0,I luv u soo much u dont understand how special u r 2 me ring u 2morrow luv u xxx,luv u soo much u dont understand special u r ring u morrow luv u xxx
0,Aft i finish my lunch then i go str down lor. Ard 3 smth lor. U finish ur lunch already?,aft finish lunch go str lor ard smth lor u finish ur lunch already
0,:-) :-),
0,My sort code is  and acc no is . The bank is natwest. Can you reply to confirm i've sent this to the right person!,sort code acc bank natwest reply confirm ive sent right person
0,1's reach home call me.,reach home call
0,"Dont worry, 1 day very big lambu ji vl come..til then enjoy batchlor party:-)",dont worry day big lambu ji vl cometil enjoy batchlor party
0,Wot u up 2 u weirdo?,wot u u weirdo
0,Dear reached railway. What happen to you,dear reached railway happen
0,"its cool but tyler had to take off so we're gonna buy for him and drop it off at his place later tonight. Our total order is a quarter, you got enough?",cool tyler take gon na buy drop place later tonight total order quarter got enough
0,Yes.i'm in office da:),yesim office da
0,Watching tv lor...,watching tv lor
0,"Sorry, I'll call later",sorry ill call later
0,5 nights...We nt staying at port step liao...Too ex,nightswe nt staying port step liaotoo ex
0,Thank you. I like you as well...,thank like well
0,"Just got part Nottingham - 3 hrs 63miles. Good thing i love my man so much, but only doing 40mph. Hey ho",got part nottingham hr mile good thing love man much mph hey ho
1,This message is brought to you by GMW Ltd. and is not connected to the,message brought gmw ltd connected
0,You see the requirements please,see requirement please
0,Dunno lei he neva say...,dunno lei neva say
0,"* Was a nice day and, impressively, i was sensible, went home early and now feel fine. Or am i just boring?! When's yours, i can't remember.",nice day impressively sensible went home early feel fine boring whens cant remember
0,Ill call you evening ill some ideas.,ill call evening ill idea
0,Yup i'm free...,yup im free
0,Tell me again what your address is,tell address
0,Hi happy birthday. Hi hi hi hi hi hi hi,hi happy birthday hi hi hi hi hi hi hi
0,U still going to the mall?,u still going mall
0,Aiyo a bit pai seh ü noe... Scared he dun rem who i am then die... Hee... But he become better lookin oredi leh...,aiyo bit pai seh noe scared dun rem die hee become better lookin oredi leh
1,Ur cash-balance is currently 500 pounds - to maximize ur cash-in now send CASH to 86688 only 150p/msg. CC: 08718720201 PO BOX 114/14 TCR/W1,ur cashbalance currently pound maximize ur cashin send cash pmsg cc po box tcrw
0,"By march ending, i should be ready. But will call you for sure. The problem is that my capital never complete. How far with you. How's work and the ladies",march ending ready call sure problem capital never complete far hows work lady
0,Do I? I thought I put it back in the box,thought put back box
0,Good evening! How are you?,good evening
0,Hello madam how are you ?,hello madam
0,I want kfc its Tuesday. Only buy 2 meals ONLY 2. No gravy. Only 2 Mark. 2!,want kfc tuesday buy meal gravy mark
0,Feel Yourself That You Are Always Happy.. Slowly It Becomes Your Habit &amp; Finally It Becomes Part Of Your Life.. Follow It.. Happy Morning &amp; Have A Happy Day:),feel always happy slowly becomes habit amp finally becomes part life follow happy morning amp happy day
0,You can jot down things you want to remember later.,jot thing want remember later
0,"Nothing, i got msg frm tht unknown no..",nothing got msg frm tht unknown
0,Well if I'm that desperate I'll just call armand again,well im desperate ill call armand
0,I have to take exam with march 3,take exam march
0,Probably money worries. Things are coming due and i have several outstanding invoices for work i did two and three months ago.,probably money worry thing coming due several outstanding invoice work two three month ago
0,Hello darlin ive finished college now so txt me when u finish if u can love Kate xxx,hello darlin ive finished college txt u finish u love kate xxx
0,Still in the area of the restaurant. Ill try to come back soon,still area restaurant ill try come back soon
0,I wont get concentration dear you know you are my mind and everything :-),wont get concentration dear know mind everything
0,Yep then is fine 7.30 or 8.30 for ice age.,yep fine ice age
0,"I got like $ &lt;#&gt; , I can get some more later though. Get whatever you feel like",got like ltgt get later though get whatever feel like
1,FreeMsg:Feelin kinda lnly hope u like 2 keep me company! Jst got a cam moby wanna c my pic?Txt or reply DATE to 82242 Msg150p 2rcv Hlp 08712317606 stop to 82242,freemsgfeelin kinda lnly hope u like keep company jst got cam moby wan na c pictxt reply date msgp rcv hlp stop
0,Where are you ? What do you do ? How can you stand to be away from me ? Doesn't your heart ache without me ? Don't you wonder of me ? Don't you crave me ?,stand away doesnt heart ache without dont wonder dont crave
0,Let Ur Heart Be Ur Compass Ur Mind Ur Map Ur Soul Ur Guide And U Will Never loose in world....gnun - Sent via WAY2SMS.COM,let ur heart ur compass ur mind ur map ur soul ur guide u never loose worldgnun sent via waysmscom
0,"aight we can pick some up, you open before tonight?",aight pick open tonight
0,"Good stuff, will do.",good stuff
1,"Welcome to Select, an O2 service with added benefits. You can now call our specially trained advisors FREE from your mobile by dialling 402.",welcome select service added benefit call specially trained advisor free mobile dialling
0,Have you heard about that job? I'm going to that wildlife talk again tonight if u want2come. Its that2worzels and a wizzle or whatever it is?! ,heard job im going wildlife talk tonight u wantcome thatworzels wizzle whatever
1,8007 FREE for 1st week! No1 Nokia tone 4 ur mob every week just txt NOKIA to 8007 Get txting and tell ur mates www.getzed.co.uk POBox 36504 W4 5WQ norm 150p/tone 16+,free st week nokia tone ur mob every week txt nokia get txting tell ur mate pobox w wq norm ptone
1,"our mobile number has won £5000, to claim calls us back or ring the claims hot line on 09050005321.",mobile number claim call u back ring claim hot line
0,Long beach lor. Expected... U having dinner now?,long beach lor expected u dinner
0,I have had two more letters from . I will copy them for you cos one has a message for you. Speak soon,two letter copy co one message speak soon
0,"Not yet chikku..going to room nw, i'm in bus..",yet chikkugoing room nw im bus
0,Yay! You better not have told that to 5 other girls either.,yay better told girl either
0,"Yep, at derek's house now, see you Sunday &lt;3",yep dereks house see sunday lt
0,Prakesh is there know.,prakesh know
0,I'm ok. Will do my part tomorrow,im ok part tomorrow
0,Hi its Kate it was lovely to see you tonight and ill phone you tomorrow. I got to sing and a guy gave me his card! xxx,hi kate lovely see tonight ill phone tomorrow got sing guy gave card xxx
1,WINNER! As a valued network customer you hvae been selected to receive a £900 reward! To collect call 09061701444. Valid 24 hours only. ACL03530150PM,winner valued network customer hvae selected receive reward collect call valid hour aclpm
1,Ringtone Club: Get the UK singles chart on your mobile each week and choose any top quality ringtone! This message is free of charge.,ringtone club get uk single chart mobile week choose top quality ringtone message free charge
1,"URGENT! Your mobile number *************** WON a £2000 Bonus Caller prize on 10/06/03! This is the 2nd attempt to reach you! Call 09066368753 ASAP! Box 97N7QP, 150ppm",urgent mobile number bonus caller prize nd attempt reach call asap box nqp ppm
0,Printer is cool. I mean groovy. Wine is groovying,printer cool mean groovy wine groovying
0,O i played smash bros  &lt;#&gt;  religiously.,played smash bros ltgt religiously
0,Me fine..absolutly fine,fineabsolutly fine
0,Cancel cheyyamo?and get some money back?,cancel cheyyamoand get money back
0,HI ITS JESS I DONT KNOW IF YOU ARE AT WORK BUT CALL ME WHEN U CAN IM AT HOME ALL EVE. XXX,hi jess dont know work call u im home eve xxx
0,Quite lor. But dun tell him wait he get complacent...,quite lor dun tell wait get complacent
0,Like a personal sized or what,like personal sized
0,Tell them no need to investigate about me anywhere.,tell need investigate anywhere
0,If You mean the website. Yes.,mean website yes
0,Omg if its not one thing its another. My cat has worms :/ when does this bad day end?,omg one thing another cat worm bad day end
0,Good evening! this is roger. How are you?,good evening roger
0,"No, but you told me you were going, before you got drunk!",told going got drunk
0,I might go 2 sch. Yar at e salon now v boring.,might go sch yar e salon v boring
0,God's love has no limit. God's grace has no measure. God's power has no boundaries. May u have God's endless blessings always in ur life...!! Gud ni8,god love limit god grace measure god power boundary may u god endless blessing always ur life gud ni
0,Have you bookedthe hut? And also your time off? How are you by the way?,bookedthe hut also time way
0,"Did I forget to tell you ? I want you , I need you, I crave you ... But most of all ... I love you my sweet Arabian steed ... Mmmmmm ... Yummy",forget tell want need crave love sweet arabian steed mmmmmm yummy
0,Did u find a sitter for kaitlyn? I was sick and slept all day yesterday.,u find sitter kaitlyn sick slept day yesterday
0,No. Thank you. You've been wonderful,thank youve wonderful
0,How many licks does it take to get to the center of a tootsie pop?,many lick take get center tootsie pop
0,So are you guys asking that i get that slippers again or its gone with last year,guy asking get slipper gone last year
0,"Thanks da thangam, i feel very very happy dear. I also miss you da.",thanks da thangam feel happy dear also miss da
0,Do you like shaking your booty on the dance floor?,like shaking booty dance floor
0,Call to the number which is available in appointment. And ask to connect the call to waheed fathima.,call number available appointment ask connect call waheed fathima
0,Hai priya are you right. What doctor said pa. Where are you.,hai priya right doctor said pa
0,Shall i come to get pickle,shall come get pickle
0,I just saw ron burgundy captaining a party boat so yeah,saw ron burgundy captaining party boat yeah
0,Somebody set up a website where you can play hold em using eve online spacebucks,somebody set website play hold em using eve online spacebucks
0,What happen dear. Why you silent. I am tensed,happen dear silent tensed
0,Dunno lei shd b driving lor cos i go sch 1 hr oni.,dunno lei shd b driving lor co go sch hr oni
0,You will go to walmart. I.ll stay.,go walmart ill stay
0,Me i'm not workin. Once i get job...,im workin get job
0,"How is my boy? No sweet words left for me this morning ... *sighs* ... How goes you day, my love ? Did you start your studying?",boy sweet word left morning sigh go day love start studying
0,i want to grasp your pretty booty :),want grasp pretty booty
0,Sorry. You never hear unless you book it. One was kinda a joke--thet were really looking for skinny white girls. The other was one line--you can only do so much on camera with that. Something like that they're casting on the look.,sorry never hear unless book one kinda jokethet really looking skinny white girl one lineyou much camera something like theyre casting look
0,"K, makes sense, btw carlos is being difficult so you guys are gonna smoke while I go pick up the second batch and get gas",k make sense btw carlos difficult guy gon na smoke go pick second batch get gas
0,I to am looking forward to all the sex cuddling.. Only two more sleeps ,looking forward sex cuddling two sleep
0,Okay... I booked all already... Including the one at bugis.,okay booked already including one bugis
0,Goodmorning sleeping ga.,goodmorning sleeping ga
0,Let me know how to contact you. I've you settled in a room. Lets know you are ok.,let know contact ive settled room let know ok
0,Bishan lar nearer... No need buy so early cos if buy now i gotta park my car...,bishan lar nearer need buy early co buy got ta park car
0,Kinda. First one gets in at twelve! Aah. Speak tomo,kinda first one get twelve aah speak tomo
0,"Fuck babe, I miss you sooooo much !! I wish you were here to sleep with me ... My bed is so lonely ... I go now, to sleep ... To dream of you, my love ...",fuck babe miss sooooo much wish sleep bed lonely go sleep dream love
1,Hi I'm sue. I am 20 years old and work as a lapdancer. I love sex. Text me live - I'm i my bedroom now. text SUE to 89555. By TextOperator G2 1DA 150ppmsg 18+,hi im sue year old work lapdancer love sex text live im bedroom text sue textoperator g da ppmsg
0,Hello boytoy ! Geeee ... I'm missing you today. I like to send you a tm and remind you I'm thinking of you ... And you are loved ... *loving kiss*,hello boytoy geeee im missing today like send tm remind im thinking loved loving kiss
0,I send the print  outs da.,send print out da
0,Hi Princess! Thank you for the pics. You are very pretty. How are you?,hi princess thank pic pretty
1,Please CALL 08712402972 immediately as there is an urgent message waiting for you,please call immediately urgent message waiting
0,Shb b ok lor... Thanx...,shb b ok lor thanx
0,"Sorry sir, i will call you tomorrow.  senthil.hsbc",sorry sir call tomorrow senthilhsbc
0,Im just wondering what your doing right now?,im wondering right
0,Lol. Well quality aint bad at all so i aint complaining,lol well quality aint bad aint complaining
0,How come?,come
0,Can't take any major roles in community outreach. You rock mel,cant take major role community outreach rock mel
0,G.W.R,gwr
0,Thats cool. i am a gentleman and will treat you with dignity and respect.,thats cool gentleman treat dignity respect
0,Mm have some kanji dont eat anything heavy ok,mm kanji dont eat anything heavy ok
0,Thanks for loving me so. You rock,thanks loving rock
0,No I don't have cancer. Moms making a big deal out of a regular checkup aka pap smear,dont cancer mom making big deal regular checkup aka pap smear
0,"Probably, want to pick up more?",probably want pick
0,He telling not to tell any one. If so treat for me hi hi hi,telling tell one treat hi hi hi
0,did u get that message,u get message
0,"No my blankets are sufficient, thx",blanket sufficient thx
0,S:)but he had some luck.2 catches put down:),sbut luck catch put
0,Probably a couple hours tops,probably couple hour top
0,I'm fine. Hope you are also,im fine hope also
0,So wat's da decision?,wats da decision
0,Then u drive lor.,u drive lor
0,Dear where you. Call me,dear call
0,Nothin comes to my mind. Ü help me buy hanger lor. Ur laptop not heavy?,nothin come mind help buy hanger lor ur laptop heavy
0,I don't run away frm u... I walk slowly &amp; it kills me that u don't care enough to stop me...,dont run away frm u walk slowly amp kill u dont care enough stop
1,<Forwarded from 21870000>Hi - this is your Mailbox Messaging SMS alert. You have 4 messages. You have 21 matches. Please call back on 09056242159 to retrieve your messages and matches,forwarded hi mailbox messaging sm alert message match please call back retrieve message match
0,Shhhhh nobody is supposed to know!,shhhhh nobody supposed know
0,There are many company. Tell me the language.,many company tell language
0,Dont kick coco when he's down,dont kick coco he
0,alright. Thanks for the advice. Enjoy your night out. I'ma try to get some sleep...,alright thanks advice enjoy night ima try get sleep
0,They will pick up and drop in car.so no problem..,pick drop carso problem
1,"YOU VE WON! Your 4* Costa Del Sol Holiday or £5000 await collection. Call 09050090044 Now toClaim. SAE, TC s, POBox334, Stockport, SK38xh, Cost£1.50/pm, Max10mins",costa del sol holiday await collection call toclaim sae tc pobox stockport skxh costpm maxmins
0,ELLO BABE U OK?,ello babe u ok
0,What * u wearing?,u wearing
0,Height of recycling: Read twice- People spend time for earning money and the same money is spent for spending time!;-) Good morning.. keep smiling:-),height recycling read twice people spend time earning money money spent spending time good morning keep smiling
0,"Party's at my place at usf, no charge (but if you can contribute in any way it is greatly appreciated) and yeah, we got room for one more",party place usf charge contribute way greatly appreciated yeah got room one
0,Bugis oso near wat... ,bugis oso near wat
0,"Yetunde, i'm sorry but moji and i seem too busy to be able to go shopping. Can you just please find some other way to get what you wanted us to get. Please forgive me. You can reply free via yahoo messenger.",yetunde im sorry moji seem busy able go shopping please find way get wanted u get please forgive reply free via yahoo messenger
0,Hey i will be really pretty late... You want to go for the lesson first? I will join you. I'm only reaching tp mrt,hey really pretty late want go lesson first join im reaching tp mrt
0,I wan but too early lei... Me outside now wun b home so early... Neva mind then...,wan early lei outside wun b home early neva mind
0,"The LAY MAN! Just to let you know you are missed and thought off. Do have a great day. And if you can send me bimbo and ugo's numbers, ill appreciate. Safe",lay man let know missed thought great day send bimbo ugos number ill appreciate safe
0,"Hello, As per request from  &lt;#&gt;  Rs.5 has been transfered to you",hello per request ltgt r transfered
0,We still on for tonight?,still tonight
1,YOU HAVE WON! As a valued Vodafone customer our computer has picked YOU to win a £150 prize. To collect is easy. Just call 09061743386 ,valued vodafone customer computer picked win prize collect easy call
0,I thank you so much for all you do with selflessness. I love you plenty.,thank much selflessness love plenty
0,No. To be nosy I guess. Idk am I over reacting if I'm freaked?,nosy guess idk reacting im freaked
0,Hey... are you going to quit soon? Xuhui and i working till end of the month ,hey going quit soon xuhui working till end month
0,"wow. You're right! I didn't mean to do that. I guess once i gave up on boston men and changed my search location to nyc, something changed. Cuz on my signin page it still says boston.",wow youre right didnt mean guess gave boston men changed search location nyc something changed cuz signin page still say boston
0,Hmm...Bad news...Hype park plaza $700 studio taken...Only left 2 bedrm-$900...,hmmbad newshype park plaza studio takenonly left bedrm
0,So what about you. What do you remember,remember
0,"I jus hope its true that  missin me cos i'm really missin him! You haven't done anything to feel guilty about, yet.",jus hope true missin co im really missin havent done anything feel guilty yet
0,HI BABE IM AT HOME NOW WANNA DO SOMETHING? XX,hi babe im home wan na something xx
0,Then cant get da laptop? My matric card wif ü lei... ,cant get da laptop matric card wif lei
0,"I can't speak, bcaz mobile have problem. I can listen you but you cann't listen my voice. So i calls you later.",cant speak bcaz mobile problem listen cannt listen voice call later
0,"Just sent again. Do you scream and moan in bed, princess?",sent scream moan bed princess
0,Yo! Howz u? girls never rang after india. L,yo howz u girl never rang india l
0,Mm so you asked me not to call radio,mm asked call radio
0,K..give back my thanks.,kgive back thanks
0,Can i meet ü at 5.. As 4 where depends on where ü wan 2 in lor..,meet depends wan lor
1,"Hey Boys. Want hot XXX pics sent direct 2 ur phone? Txt PORN to 69855, 24Hrs free and then just 50p per day. To stop text STOPBCM SF WC1N3XX",hey boy want hot xxx pic sent direct ur phone txt porn hr free p per day stop text stopbcm sf wcnxx
1,Free entry in 2 a wkly comp to win FA Cup final tkts 21st May 2005. Text FA to 87121 to receive entry question(std txt rate)T&C's apply 08452810075over18's,free entry wkly comp win fa cup final tkts st may text fa receive entry questionstd txt ratetcs apply over
0,Ha ha - had popped down to the loo when you hello-ed me. Hello!,ha ha popped loo helloed hello
0,Still work going on:)it is very small house.,still work going onit small house
0,The battery is for mr adewale my uncle. Aka Egbon,battery mr adewale uncle aka egbon
1,Well done ENGLAND! Get the official poly ringtone or colour flag on yer mobile! text TONE or FLAG to 84199 NOW! Opt-out txt ENG STOP. Box39822 W111WX £1.50,well done england get official poly ringtone colour flag yer mobile text tone flag optout txt eng stop box wwx
0,Do you think i can move  &lt;#&gt;  in a week,think move ltgt week
0,You still around? I could use a half-8th,still around could use halfth
0,K..k...from tomorrow onwards started ah?,kkfrom tomorrow onwards started ah
1,**FREE MESSAGE**Thanks for using the Auction Subscription Service. 18 . 150p/MSGRCVD 2 Skip an Auction txt OUT. 2 Unsubscribe txt STOP CustomerCare 08718726270,free messagethanks using auction subscription service pmsgrcvd skip auction txt unsubscribe txt stop customercare
0,"You know, wot people wear. T shirts, jumpers, hat, belt, is all we know. We r at Cribbs",know wot people wear shirt jumper hat belt know r cribbs
0,"Sorry, I'll call later in meeting.",sorry ill call later meeting
0,Hi did u decide wot 2 get 4 his bday if not ill prob jus get him a voucher frm virgin or sumfing ,hi u decide wot get bday ill prob jus get voucher frm virgin sumfing
0,Yeah confirmed for you staying at  that weekend,yeah confirmed staying weekend
0,"It wont b until 2.15 as trying 2 sort house out, is that ok?",wont b trying sort house ok
0,"Hi frnd, which is best way to avoid missunderstding wit our beloved one's?",hi frnd best way avoid missunderstding wit beloved one
0,How are you babes. Hope your doing ok. I had a shit nights sleep. I fell asleep at 5.Im knackered and im dreading work tonight. What are thou upto tonight. X,babe hope ok shit night sleep fell asleep im knackered im dreading work tonight thou upto tonight x
0,Yes princess! I want to make you happy...,yes princess want make happy
0,"That's good, because I need drugs",thats good need drug
0,"Ya ok, vikky vl c witin  &lt;#&gt; mins and il reply u..",ya ok vikky vl c witin ltgt min il reply u
0,You sure your neighbors didnt pick it up,sure neighbor didnt pick
0,"Damn, can you make it tonight or do you want to just wait til tomorrow",damn make tonight want wait til tomorrow
0,It's é only $140 ard...É rest all ard $180 at least...Which is é price 4 é 2 bedrm ($900),ard rest ard leastwhich price bedrm
1,YES! The only place in town to meet exciting adult singles is now in the UK. Txt CHAT to 86688 now! 150p/Msg.,yes place town meet exciting adult single uk txt chat pmsg
0,You do what all you like,like
0,if you text on your way to cup stop that should work. And that should be BUS,text way cup stop work bus
0,Great! I shoot big loads so get ready!,great shoot big load get ready
0,Should I tell my friend not to come round til like  &lt;#&gt; ish?,tell friend come round til like ltgt ish
0,Wait  &lt;#&gt;  min..,wait ltgt min
0,"Aight, let me know when you're gonna be around usf",aight let know youre gon na around usf
0,"I guess you could be as good an excuse as any, lol.",guess could good excuse lol
0,Hey gorgeous man. My work mobile number is. Have a good one babe. Squishy Mwahs.,hey gorgeous man work mobile number good one babe squishy mwahs
1,1000's of girls many local 2 u who r virgins 2 this & r ready 2 4fil ur every sexual need. Can u 4fil theirs? text CUTE to 69911(£1.50p. m),girl many local u r virgin r ready fil ur every sexual need u fil text cute p
0,Then mum's repent how?,mum repent
0,"Response is one of d powerful weapon 2 occupy a place in others 'HEART'... So, always give response 2 who cares 4 U""... Gud night..swt dreams..take care",response one powerful weapon occupy place others heart always give response care u gud nightswt dreamstake care
1,Todays Voda numbers ending with 7634 are selected to receive a £350 reward. If you have a match please call 08712300220 quoting claim code 7684 standard rates apply.,today voda number ending selected receive reward match please call quoting claim code standard rate apply
0,Moji just informed me that you saved our lives. Thanks.,moji informed saved life thanks
0,"Also north carolina and texas atm, you would just go to the gre site and pay for the test results to be sent.",also north carolina texas atm would go gre site pay test result sent
0,I would but I'm still cozy. And exhausted from last night.nobody went to school or work. Everything is closed.,would im still cozy exhausted last nightnobody went school work everything closed
0,Its normally hot mail. Com you see!,normally hot mail com see
0,Slept? I thinkThis time ( &lt;#&gt;  pm) is not dangerous,slept thinkthis time ltgt pm dangerous
0,"'Wnevr i wana fal in luv vth my books, My bed fals in luv vth me..!'' . Yen madodu, nav pretsorginta, nammanna pretsovru important alwa....!!:) Gud eveB-).",wnevr wana fal luv vth book bed fals luv vth yen madodu nav pretsorginta nammanna pretsovru important alwa gud eveb
0,"Didn't try, g and I decided not to head out",didnt try g decided head
0,:-( sad puppy noise,sad puppy noise
0,I havent lei.. Next mon can?,havent lei next mon
1,FREE>Ringtone! Reply REAL or POLY eg REAL1 1. PushButton 2. DontCha 3. BabyGoodbye 4. GoldDigger 5. WeBeBurnin 1st tone FREE and 6 more when u join for £3/wk,freeringtone reply real poly eg real pushbutton dontcha babygoodbye golddigger webeburnin st tone free u join wk
0,When/where do I pick you up,whenwhere pick
0,After completed degree. There is no use in joining finance.,completed degree use joining finance
0,Haven't left yet so probably gonna be here til dinner,havent left yet probably gon na til dinner
0,Yeah my usual guy's out of town but there're definitely people around I know,yeah usual guy town therere definitely people around know
0,How come u got nothing to do?,come u got nothing
1,We tried to contact you re your reply to our offer of 750 mins 150 textand a new video phone call 08002988890 now or reply for free delivery tomorrow,tried contact reply offer min textand new video phone call reply free delivery tomorrow
0,Miserable. They don't tell u that the side effects of birth control are massive gut wrenching cramps for the first 2 months. I didn't sleep at all last night.,miserable dont tell u side effect birth control massive gut wrenching cramp first month didnt sleep last night
0,Thanks honey but still haven't heard anything I will leave it a bit longer so not 2 crowd him and will try later - great advice thanks hope cardiff is still there!,thanks honey still havent heard anything leave bit longer crowd try later great advice thanks hope cardiff still
0,"Sorry my roommates took forever, it ok if I come by now?",sorry roommate took forever ok come
0,And also I've sorta blown him off a couple times recently so id rather not text him out of the blue looking for weed,also ive sorta blown couple time recently id rather text blue looking weed
0,BOO BABE! U ENJOYIN YOURJOB? U SEEMED 2 B GETTIN ON WELL HUNNY!HOPE URE OK?TAKE CARE & ILLSPEAK 2U SOONLOTS OF LOVEME XXXX.,boo babe u enjoyin yourjob u seemed b gettin well hunnyhope ure oktake care illspeak u soonlots loveme xxxx
0,Yeah whatever lol,yeah whatever lol
0,Lol wtf random. Btw is that your lunch break,lol wtf random btw lunch break
0,Oh ok no prob..,oh ok prob
0,"Living is very simple.. Loving is also simple.. Laughing is too simple.. Winning is tooo simple.. But, Being 'SIMPLE' is very difficult...;-) :-)",living simple loving also simple laughing simple winning tooo simple simple difficult
0,Oh yeah I forgot. U can only take 2 out shopping at once.,oh yeah forgot u take shopping
0,Weightloss! No more girl friends. Make loads of money on ebay or something. And give thanks to God.,weightloss girl friend make load money ebay something give thanks god
0,"Pete,is this your phone still? Its Jenny from college and Leanne.what are you up to now?:)",peteis phone still jenny college leannewhat
0,Lol well don't do it without me. We could have a big sale together.,lol well dont without could big sale together
0,So i'm doing a list of buyers.,im list buyer
0,Pls ask macho how much is budget for bb bold 2 is cos i saw a new one for  &lt;#&gt;  dollars.,pls ask macho much budget bb bold co saw new one ltgt dollar
0,Just now saw your message.it k da:),saw messageit k da
0,thanks for the temales it was wonderful. Thank. Have a great week.,thanks temales wonderful thank great week
0,"SHIT BABE.. THASA BIT MESSED UP.YEH, SHE SHUDVETOLD U. DID URGRAN KNOW?NEWAY, ILLSPEAK 2 U2MORO WEN IM NOT ASLEEP...",shit babe thasa bit messed upyeh shudvetold u urgran knowneway illspeak umoro wen im asleep
1,"FreeMsg Hey there darling it's been 3 week's now and no word back! I'd like some fun you up for it still? Tb ok! XxX std chgs to send, £1.50 to rcv",freemsg hey darling week word back id like fun still tb ok xxx std chgs send rcv
0,"Sorry, was in the bathroom, sup",sorry bathroom sup
1,4mths half price Orange line rental & latest camera phones 4 FREE. Had your phone 11mths ? Call MobilesDirect free on 08000938767 to update now! or2stoptxt,mths half price orange line rental latest camera phone free phone mths call mobilesdirect free update orstoptxt
0,R u sure they'll understand that! Wine * good idea just had a slurp!,r u sure theyll understand wine good idea slurp
0,TELL HER I SAID EAT SHIT.,tell said eat shit
0,So gd got free ice cream... I oso wan...,gd got free ice cream oso wan
0,Am okay. Will soon be over. All the best,okay soon best
0,"Hey. What happened? U switch off ur cell d whole day. This isnt good. Now if u do care, give me a call tomorrow.",hey happened u switch ur cell whole day isnt good u care give call tomorrow
1,This msg is for your mobile content order It has been resent as previous attempt failed due to network error Queries to customersqueries@netvision.uk.com,msg mobile content order resent previous attempt failed due network error query
1,"FreeMsg Why haven't you replied to my text? I'm Randy, sexy, female and live local. Luv to hear from u. Netcollex Ltd 08700621170150p per msg reply Stop to end",freemsg havent replied text im randy sexy female live local luv hear u netcollex ltd p per msg reply stop end
1,lyricalladie(21/F) is inviting you to be her friend. Reply YES-910 or NO-910. See her: www.SMS.ac/u/hmmross STOP? Send STOP FRND to 62468,lyricalladief inviting friend reply yes see stop send stop frnd
0,"You are always putting your business out there. You put pictures of your ass on facebook. You are one of the most open people i've ever met. Why would i think a picture of your room would hurt you, make you feel violated.",always putting business put picture as facebook one open people ive ever met would think picture room would hurt make feel violated
0,And pls pls drink plenty plenty water,pls pls drink plenty plenty water
0,Ugh fuck it I'm resubbing to eve,ugh fuck im resubbing eve
0,Your opinion about me? 1. Over 2. Jada 3. Kusruthi 4. Lovable 5. Silent 6. Spl character 7. Not matured 8. Stylish 9. Simple Pls reply..,opinion jada kusruthi lovable silent spl character matured stylish simple pls reply
0,Free any day but i finish at 6 on mon n thurs...,free day finish mon n thurs
0,"We are at grandmas. Oh dear, u still ill? I felt Shit this morning but i think i am just hungover! Another night then. We leave on sat.",grandma oh dear u still ill felt shit morning think hungover another night leave sat
0,I borrow ur bag ok.,borrow ur bag ok
0,If we win its really no 1 side for long time.,win really side long time
0,"Hmm... Dunno leh, mayb a bag 4 goigng out dat is not too small. Or jus anything except perfume, smth dat i can keep.",hmm dunno leh mayb bag goigng dat small jus anything except perfume smth dat keep
0,"Night has ended for another day, morning has come in a special way. May you smile like the sunny rays and leaves your worries at the blue blue bay. Gud mrng",night ended another day morning come special way may smile like sunny ray leaf worry blue blue bay gud mrng
0,Think I could stop by in like an hour or so? My roommate's looking to stock up for a trip,think could stop like hour roommate looking stock trip
0,Alright took the morphine. Back in yo.,alright took morphine back yo
0,Thats cool! Sometimes slow and gentle. Sonetimes rough and hard :),thats cool sometimes slow gentle sonetimes rough hard
0,The guy did some bitching but I acted like i'd be interested in buying something else next week and he gave it to us for free,guy bitching acted like id interested buying something else next week gave u free
0,So how's scotland. Hope you are not over showing your JJC tendencies. Take care. Live the dream,hows scotland hope showing jjc tendency take care live dream
0,"Nah it's straight, if you can just bring bud or drinks or something that's actually a little more useful than straight cash",nah straight bring bud drink something thats actually little useful straight cash
0,"No, its true..k,Do u knw dis no. &lt;#&gt; ?",truekdo u knw dis ltgt
1,"Ur balance is now £600. Next question: Complete the landmark, Big, A. Bob, B. Barry or C. Ben ?. Text A, B or C to 83738. Good luck!",ur balance next question complete landmark big bob b barry c ben text b c good luck
1,Sunshine Quiz Wkly Q! Win a top Sony DVD player if u know which country the Algarve is in? Txt ansr to 82277. £1.50 SP:Tyrone,sunshine quiz wkly q win top sony dvd player u know country algarve txt ansr sptyrone
0,I wish things were different. I wonder when i will be able to show you how much i value you. Pls continue the brisk walks no drugs without askin me please and find things to laugh about. I love you dearly.,wish thing different wonder able show much value pls continue brisk walk drug without askin please find thing laugh love dearly
0,One of the joys in lifeis waking up each daywith thoughts that somewhereSomeone cares enough tosend a warm morning greeting.. -,one joy lifeis waking daywith thought somewheresomeone care enough tosend warm morning greeting
0,Did you catch the bus ? Are you frying an egg ? Did you make a tea? Are you eating your mom's left over dinner ? Do you feel my Love ?,catch bus frying egg make tea eating mom left dinner feel love
0,Yup no more already... Thanx 4 printing n handing it up.,yup already thanx printing n handing
0,Ok how you dear. Did you call chechi,ok dear call chechi
0,"Cool, text me when you head out",cool text head
0,So u workin overtime nigpun?,u workin overtime nigpun
0,"Babe, have you got enough money to pick up bread and milk ? And I'll give you it back when you get home ?",babe got enough money pick bread milk ill give back get home
1,Free msg: Single? Find a partner in your area! 1000s of real people are waiting to chat now!Send CHAT to 62220Cncl send STOPCS 08717890890£1.50 per msg,free msg single find partner area real people waiting chat nowsend chat cncl send stopcs per msg
0,Ü still attending da talks?,still attending da talk
0,3 pa but not selected.,pa selected
0,"Why is that, princess? I bet the brothas are all chasing you!",princess bet brothas chasing
0,Yun buying... But school got offer 2000 plus only...,yun buying school got offer plus
1,You have been specially selected to receive a 2000 pound award! Call 08712402050 BEFORE the lines close. Cost 10ppm. 16+. T&Cs apply. AG Promo,specially selected receive pound award call line close cost ppm tc apply ag promo
0,I'm in town now so i'll jus take mrt down later.,im town ill jus take mrt later
0,I reach home safe n sound liao...,reach home safe n sound liao
0,I dont want to hear philosophy. Just say what happen,dont want hear philosophy say happen
0,"Thursday night? Yeah, sure thing, we'll work it out then",thursday night yeah sure thing well work
0,Slaaaaave ! Where are you ? Must I summon you to me all the time now ? Don't you wish to come to me on your own anymore?,slaaaaave must summon time dont wish come anymore
0,All these nice new shirts and the only thing I can wear them to is nudist themed ;_; you in mu?,nice new shirt thing wear nudist themed mu
0,I know! Grumpy old people. My mom was like you better not be lying. Then again I am always the one to play jokes...,know grumpy old people mom like better lying always one play joke
0,What about this one then.,one
0,"Ah, well that confuses things, doesnt it? I thought was friends with now. Maybe i did the wrong thing but i already sort of invited -tho he may not come cos of money.",ah well confuses thing doesnt thought friend maybe wrong thing already sort invited tho may come co money
0,It just seems like weird timing that the night that all you and g want is for me to come smoke is the same day as when a shitstorm is attributed to me always coming over and making everyone smoke,seems like weird timing night g want come smoke day shitstorm attributed always coming making everyone smoke
0,Am watching house – very entertaining – am getting the whole hugh laurie thing – even with the stick – indeed especially with the stick.,watching house entertaining getting whole hugh laurie thing even stick indeed especially stick
0,Hi Dear Call me its urgnt. I don't know whats your problem. You don't want to work or if you have any other problem at least tell me. Wating for your reply.,hi dear call urgnt dont know whats problem dont want work problem least tell wating reply
0,Meet after lunch la...,meet lunch la
0,We will meet soon princess! Ttyl!,meet soon princess ttyl
0,"Goodmorning, today i am late for 1hr.",goodmorning today late hr
0,I'm gonna rip out my uterus.,im gon na rip uterus
1,+449071512431 URGENT! This is the 2nd attempt to contact U!U have WON £1250 CALL 09071512433 b4 050703 T&CsBCM4235WC1N3XX. callcost 150ppm mobilesvary. max£7. 50,urgent nd attempt contact uu call b tcsbcmwcnxx callcost ppm mobilesvary max
0,I'll let you know when it kicks in,ill let know kick
0,Send me your id and password,send id password
0,Can help u swoop by picking u up from wherever ur other birds r meeting if u want.,help u swoop picking u wherever ur bird r meeting u want
0,"Call me da, i am waiting for your call.",call da waiting call
1,URGENT! We are trying to contact U. Todays draw shows that you have won a £800 prize GUARANTEED. Call 09050001295 from land line. Claim A21. Valid 12hrs only,urgent trying contact u today draw show prize guaranteed call land line claim valid hr
0,"Cool breeze... Bright sun... Fresh flower... Twittering birds... All these waiting to wish u: ""GOODMORNING &amp; HAVE A NICE DAY"" :)",cool breeze bright sun fresh flower twittering bird waiting wish u goodmorning amp nice day
0,Shall I bring us a bottle of wine to keep us amused? Only joking! I‘ll bring one anyway,shall bring u bottle wine keep u amused joking ill bring one anyway
0,Well good morning mr . Hows london treatin' ya treacle?,well good morning mr hows london treatin ya treacle
0,HI DARLIN HOW WAS WORK DID U GET INTO TROUBLE? IJUST TALKED TO YOUR MUM ALL MORNING! I HAD A REALLY GOOD TIME LAST NIGHT IM GOIN OUT SOON BUT CALL ME IF U CAN,hi darlin work u get trouble ijust talked mum morning really good time last night im goin soon call u
0,Long after I quit. I get on only like 5 minutes a day as it is.,long quit get like minute day
0,But your brother transfered only  &lt;#&gt;  +  &lt;#&gt; . Pa.,brother transfered ltgt ltgt pa
0,And whenever you and i see we can still hook up too.,whenever see still hook
0,Awww dat is sweet! We can think of something to do he he! Have a nice time tonight ill probably txt u later cos im lonely :( xxx.,awww dat sweet think something nice time tonight ill probably txt u later co im lonely xxx
0,I am literally in bed and have been up for like  &lt;#&gt;  hours,literally bed like ltgt hour
0,Where's my boytoy? I miss you ... What happened?,wheres boytoy miss happened
1,http//tms. widelive.com/index. wml?id=820554ad0a1705572711&first=true¡C C Ringtone¡,widelivecomindex wmlidadafirsttruec c ringtone
0,No drama Pls.i have had enough from you and family while i am struggling in the hot sun in a strange place.No reason why there should be an ego of not going 'IF NOT INVITED' when actually its necessity to go.wait for very serious reppurcussions.,drama plsi enough family struggling hot sun strange placeno reason ego going invited actually necessity gowait serious reppurcussions
0,Can you let me know details of fri when u find out cos I'm not in tom or fri. mentionned chinese. Thanks,let know detail fri u find co im tom fri mentionned chinese thanks
0,Then just eat a shit and wait for ur monkey face bitch.......... U asshole..................,eat shit wait ur monkey face bitch u asshole
0,Why tired what special there you had,tired special
0,"Sorry I missed you babe. I was up late and slept in. I hope you enjoy your driving lesson, boytoy. I miss you too ... *teasing kiss*",sorry missed babe late slept hope enjoy driving lesson boytoy miss teasing kiss
0,Btw regarding that we should really try to see if anyone else can be our 4th guy before we commit to a random dude,btw regarding really try see anyone else th guy commit random dude
0,Now only i reached home. . . I am very tired now. . I will come tomorro,reached home tired come tomorro
0,S.s:)i thinl role is like sachin.just standing. Others have to hit.,ssi thinl role like sachinjust standing others hit
0,Yup... How ü noe leh...,yup noe leh
0,Went fast asleep dear.take care.,went fast asleep deartake care
0,Doc prescribed me morphine cause the other pain meds aren't enough. Waiting for my mom to bring it. That med should kick in fast so I'm gonna try to be on later,doc prescribed morphine cause pain med arent enough waiting mom bring med kick fast im gon na try later
1,A £400 XMAS REWARD IS WAITING FOR YOU! Our computer has randomly picked you from our loyal mobile customers to receive a £400 reward. Just call 09066380611 ,xmas reward waiting computer randomly picked loyal mobile customer receive reward call
0,Not a drop in the tank,drop tank
0,I'm now but have to wait till 2 for the bus to pick me.,im wait till bus pick
0,I will treasure every moment we spend together...,treasure every moment spend together
0,Hey whats up? U sleeping all morning?,hey whats u sleeping morning
0,&lt;#&gt;  w jetton ave if you forgot,ltgt w jetton ave forgot
0,But you dint in touch with me.,dint touch
0,"Just making dinner, you ?",making dinner
0,NO GIFTS!! You trying to get me to throw myself off a cliff or something?,gift trying get throw cliff something
0,"Dude u knw also telugu..thts gud..k, gud nyt..",dude u knw also teluguthts gudk gud nyt
0,Boo I'm on my way to my moms. She's making tortilla soup. Yummmm,boo im way mom shes making tortilla soup yummmm
0,Aiyar u so poor thing... I give u my support k... Jia you! I'll think of u...,aiyar u poor thing give u support k jia ill think u
0,Now got tv 2 watch meh? U no work today?,got tv watch meh u work today
0,Boo. How's things? I'm back at home and a little bored already :-(,boo hows thing im back home little bored already
0,I tagged MY friends that you seemed to count as YOUR friends.,tagged friend seemed count friend
0,There is no sense in my foot and penis.,sense foot penis
0,"Hello, hello, hi lou sorry it took so long 2 reply- I left mobile at friends in Lancaster, just got it bak Neway im sorry I couldnt make ur bday 2 hun!",hello hello hi lou sorry took long reply left mobile friend lancaster got bak neway im sorry couldnt make ur bday hun
0,The whole car appreciated the last two! Dad and are having a map reading semi argument but apart from that things are going ok. P.,whole car appreciated last two dad map reading semi argument apart thing going ok p
0,"How long has it been since you screamed, princess?",long since screamed princess
0,"Yeah, probably but not sure. Ilol let u know, but personally I wuldnt bother, then again if ur goin to then I mite as well!!",yeah probably sure ilol let u know personally wuldnt bother ur goin mite well
0,I'll probably be around mu a lot,ill probably around mu lot
0,Mmmm.... I cant wait to lick it!,mmmm cant wait lick
0,No message..no responce..what happend?,messageno responcewhat happend
0,No problem. We will be spending a lot of quality time together...,problem spending lot quality time together
0,"Fun fact: although you would think armand would eventually build up a tolerance or some shit considering how much he smokes, he gets fucked up in like 2 hits",fun fact although would think armand would eventually build tolerance shit considering much smoke get fucked like hit
0,OH FUCK. JUSWOKE UP IN A BED ON A BOATIN THE DOCKS. SLEPT WID 25 YEAR OLD. SPINOUT! GIV U DA GOSSIP L8R. XXX,oh fuck juswoke bed boatin dock slept wid year old spinout giv u da gossip lr xxx
0,Ok then u tell me wat time u coming later lor.,ok u tell wat time u coming later lor
0,Doesn't g have class early tomorrow and thus shouldn't be trying to smoke at  &lt;#&gt;,doesnt g class early tomorrow thus shouldnt trying smoke ltgt
0,Sary just need Tim in the bollox &it hurt him a lot so he tol me!,sary need tim bollox hurt lot tol
0,ME 2 BABE I FEEL THE SAME LETS JUST 4GET ABOUT IT+BOTH TRY +CHEER UP+NOT FIT SOO MUCHXXLOVE U LOCAXX,babe feel let get itboth try cheer upnot fit soo muchxxlove u locaxx
0,"I'm back, lemme know when you're ready",im back lem know youre ready
0, and  picking them up from various points,picking various point
0,"Ya, i'm referin to mei's ex wat... No ah, waitin 4 u to treat, somebody shld b rich liao...So gd, den u dun have to work frm tmr onwards...",ya im referin mei ex wat ah waitin u treat somebody shld b rich liaoso gd den u dun work frm tmr onwards
0,I miss you so much I'm so desparate I have recorded the message you left for me the other day and listen to it just to hear the sound of your voice. I love you,miss much im desparate recorded message left day listen hear sound voice love
0,K come to nordstrom when you're done,k come nordstrom youre done
0,I'll meet you in the lobby,ill meet lobby
0,"I'm in a meeting, call me later at",im meeting call later
0,X course it 2yrs. Just so her messages on messenger lik you r sending me,x course yr message messenger lik r sending
0,"I.ll always be there, even if its just in spirit. I.ll get a bb soon. Just trying to be sure i need it.",ill always even spirit ill get bb soon trying sure need
0,THANX 4 PUTTIN DA FONE DOWN ON ME!!,thanx puttin da fone
0,Pls go ahead with watts. I just wanted to be sure. Do have a great weekend. Abiola,pls go ahead watt wanted sure great weekend abiola
0,Keep my payasam there if rinu brings,keep payasam rinu brings
0,"Frnd s not juz a word.....not merely a relationship.....its a silent promise which says ... "" I will be with YOU "" Wherevr.. Whenevr.. Forevr... Gudnyt dear..",frnd juz wordnot merely relationshipits silent promise say wherevr whenevr forevr gudnyt dear
0,&lt;#&gt;  am I think? Should say on syllabus,ltgt think say syllabus
0,They just talking thats it de. They wont any other.,talking thats de wont
0,Thanks for picking up the trash.,thanks picking trash
0,Sun ah... Thk mayb can if dun have anythin on... Thk have to book e lesson... E pilates is at orchard mrt u noe hor...  ,sun ah thk mayb dun anythin thk book e lesson e pilate orchard mrt u noe hor
0,Thanks  and ! Or bomb and date as my phone wanted to say! ,thanks bomb date phone wanted say
1,SMS AUCTION - A BRAND NEW Nokia 7250 is up 4 auction today! Auction is FREE 2 join & take part! Txt NOKIA to 86021 now!,sm auction brand new nokia auction today auction free join take part txt nokia
0,"Aiyo... U always c our ex one... I dunno abt mei, she haven reply... First time u reply so fast... Y so lucky not workin huh, got bao by ur sugardad ah...gee.. ",aiyo u always c ex one dunno abt mei reply first time u reply fast lucky workin huh got bao ur sugardad ahgee
1,Urgent Ur £500 guaranteed award is still unclaimed! Call 09066368327 NOW closingdate04/09/02 claimcode M39M51 £1.50pmmorefrommobile2Bremoved-MobyPOBox734LS27YF,urgent ur guaranteed award still unclaimed call closingdate claimcode mm pmmorefrommobilebremovedmobypoboxlsyf
0,Hey anyway i have to :-),hey anyway
0,In other news after hassling me to get him weed for a week andres has no money. HAUGHAIGHGTUJHYGUJ,news hassling get weed week andres money haughaighgtujhyguj
0,"Come around  &lt;DECIMAL&gt; pm vikky..i'm otside nw, il come by tht time",come around ltdecimalgt pm vikkyim otside nw il come tht time
0,"Huh... Hyde park not in mel ah, opps, got confused... Anyway, if tt's e best choice den we juz have to take it...",huh hyde park mel ah opps got confused anyway tt e best choice den juz take
0,Eek that's a lot of time especially since American Pie is like 8 minutes long. I can't stop singing it.,eek thats lot time especially since american pie like minute long cant stop singing
0,My darling sister. How are you doing. When's school resuming. Is there a minimum wait period before you reapply? Do take care,darling sister whens school resuming minimum wait period reapply take care
0,Lol yes. But it will add some spice to your day.,lol yes add spice day
0,Gr8. So how do you handle the victoria island traffic. Plus when's the album due,gr handle victoria island traffic plus whens album due
1,"You are guaranteed the latest Nokia Phone, a 40GB iPod MP3 player or a £500 prize! Txt word: COLLECT to No: 83355! IBHltd LdnW15H 150p/Mtmsgrcvd18+",guaranteed latest nokia phone gb ipod mp player prize txt word collect ibhltd ldnwh pmtmsgrcvd
0,WHITE FUDGE OREOS ARE IN STORES,white fudge oreo store
0,My sister going to earn more than me da.,sister going earn da
0,Yar but they say got some error.,yar say got error
0,Was the farm open?,farm open
0,Thts god's gift for birds as humans hav some natural gift frm god..,thts god gift bird human hav natural gift frm god
0,Did u turn on the heater? The heater was on and set to &lt;#&gt; degrees.,u turn heater heater set ltgt degree
0,how are you? I miss you!,miss
0,We left already we at orchard now.,left already orchard
0,At 4. Let's go to bill millers,let go bill miller
0,I remain unconvinced that this isn't an elaborate test of my willpower,remain unconvinced isnt elaborate test willpower
0,Then she buying today? Ü no need to c meh...,buying today need c meh
0,Sorry dude. Dont know how i forgot. Even after Dan reminded me. Sorry. Hope you guys had fun.,sorry dude dont know forgot even dan reminded sorry hope guy fun
0,But we havent got da topic yet rite?,havent got da topic yet rite
0,I dont have any of your file in my bag..i was in work when you called me.i 'll tell you if i find anything in my room.,dont file bagi work called mei tell find anything room
0,The monthly amount is not that terrible and you will not pay anything till 6months after finishing school.,monthly amount terrible pay anything till month finishing school
0,I love ya too but try and budget your money better babe. Gary would freak on me if he knew,love ya try budget money better babe gary would freak knew
0,"yeah, that's what I was thinking",yeah thats thinking
0,Same to u...,u
0,Hey mr whats the name of that bill brison book the one about language and words ,hey mr whats name bill brison book one language word
0,What time you think you'll have it? Need to know when I should be near campus,time think youll need know near campus
0,No da if you run that it activate the full version da.,da run activate full version da
0,"Hi. Hope ur day * good! Back from walk, table booked for half eight. Let me know when ur coming over.",hi hope ur day good back walk table booked half eight let know ur coming
0,Tell me something. Thats okay.,tell something thats okay
1,08714712388 between 10am-7pm Cost 10p,ampm cost p
0,"Neither [in sterm voice] - i'm studying. All fine with me! Not sure the  thing will be resolved, tho. Anyway. Have a fab hols",neither sterm voice im studying fine sure thing resolved tho anyway fab hols
0,Yes.he have good crickiting mind,yeshe good crickiting mind
0,Oh is it! Which brand?,oh brand
0,Yes:)from last week itself i'm taking live call.,yesfrom last week im taking live call
1,Not heard from U4 a while. Call 4 rude chat private line 01223585334 to cum. Wan 2C pics of me gettin shagged then text PIX to 8552. 2End send STOP 8552 SAM xxx,heard u call rude chat private line cum wan c pic gettin shagged text pix end send stop sam xxx
0,Hope you are having a great new semester. Do wish you the very best. You are made for greatness.,hope great new semester wish best made greatness
0,....photoshop makes my computer shut down.,photoshop make computer shut
0,"I had been hoping i would not have to send you this message. My rent is due and i dont have enough for it. My reserves are completely gone. Its a loan i need and was hoping you could her. The balance is  &lt;#&gt; . Is there a way i could get that from you, till mid march when i hope to pay back.",hoping would send message rent due dont enough reserve completely gone loan need hoping could balance ltgt way could get till mid march hope pay back
0,No dear i do have free messages without any recharge. Hi hi hi,dear free message without recharge hi hi hi
1,Text & meet someone sexy today. U can find a date or even flirt its up to U. Join 4 just 10p. REPLY with NAME & AGE eg Sam 25. 18 -msg recd@thirtyeight pence,text meet someone sexy today u find date even flirt u join p reply name age eg sam msg penny
0,"Ok da, i already planned. I wil pick you.",ok da already planned wil pick
0,Hi i won't b ard 4 christmas. But do enjoy n merry x'mas.,hi wont b ard christmas enjoy n merry xmas
0,"The fact that you're cleaning shows you know why i'm upset. Your priority is constantly ""what i want to do,"" not ""what i need to do.""",fact youre cleaning show know im upset priority constantly want need
1,Am new 2 club & dont fink we met yet Will B gr8 2 C U Please leave msg 2day wiv ur area 09099726553 reply promised CARLIE x Calls£1/minMobsmore LKPOBOX177HP51FL,new club dont fink met yet b gr c u please leave msg day wiv ur area reply promised carlie x callsminmobsmore lkpoboxhpfl
0,"Actually nvm, got hella cash, we still on for  &lt;#&gt; ish?",actually nvm got hella cash still ltgt ish
0,He like not v shock leh. Cos telling shuhui is like telling leona also. Like dat almost all know liao. He got ask me abt ur reaction lor.,like v shock leh co telling shuhui like telling leona also like dat almost know liao got ask abt ur reaction lor
0,Hey you told your name to gautham ah?,hey told name gautham ah
0,If i said anything wrong sorry de:-),said anything wrong sorry de
1,You have 1 new message. Please call 08718738034.,new message please call
0,Poor girl can't go one day lmao,poor girl cant go one day lmao
0,Yes I started to send requests to make it but pain came back so I'm back in bed. Double coins at the factory too. I gotta cash in all my nitros.,yes started send request make pain came back im back bed double coin factory got ta cash nitros
0,Just nw i came to hme da..,nw came hme da
0,"I'm not sure, I was just checking out what was happening around the area",im sure checking happening around area
1,Your next amazing xxx PICSFREE1 video will be sent to you enjoy! If one vid is not enough for 2day text back the keyword PICSFREE1 to get the next video.,next amazing xxx picsfree video sent enjoy one vid enough day text back keyword picsfree get next video
0,At home watching tv lor.,home watching tv lor
0,Dare i ask... Any luck with sorting out the car?,dare ask luck sorting car
0,Please sen :)my kind advice :-)please come here and try:-),please sen kind advice please come try
0,Ok... Sweet dreams...,ok sweet dream
0,Still chance there. If you search hard you will get it..let have a try :),still chance search hard get itlet try
1,Ur cash-balance is currently 500 pounds - to maximize ur cash-in now send GO to 86688 only 150p/msg. CC: 08718720201 PO BOX 114/14 TCR/W1,ur cashbalance currently pound maximize ur cashin send go pmsg cc po box tcrw
0,Haha okay... Today weekend leh... ,haha okay today weekend leh
0,Ok lor thanx... Ü in school?,ok lor thanx school
1,"Last Chance! Claim ur £150 worth of discount vouchers today! Text SHOP to 85023 now! SavaMob, offers mobile! T Cs SavaMob POBOX84, M263UZ. £3.00 Sub. 16",last chance claim ur worth discount voucher today text shop savamob offer mobile c savamob pobox muz sub
0,No. But we'll do medical missions to nigeria,well medical mission nigeria
0,No de.am seeing in online shop so that i asked.,deam seeing online shop asked
1,u r a winner U ave been specially selected 2 receive £1000 cash or a 4* holiday (flights inc) speak to a live operator 2 claim 0871277810710p/min (18 ),u r winner u ave specially selected receive cash holiday flight inc speak live operator claim pmin
0,Pls call me da. What happen.,pls call da happen
0,Carlos'll be here in a minute if you still need to buy,carlosll minute still need buy
0,I love to wine and dine my lady!,love wine dine lady
0,I was about to do it when i texted. I finished a long time ago and showered and er'ything!,texted finished long time ago showered erything
0,Mystery solved! Just opened my email and he's sent me another batch! Isn't he a sweetie,mystery solved opened email he sent another batch isnt sweetie
0,Missing you too.pray inshah allah,missing toopray inshah allah
1,"ou are guaranteed the latest Nokia Phone, a 40GB iPod MP3 player or a £500 prize! Txt word: COLLECT to No: 83355! IBHltd LdnW15H 150p/Mtmsgrcvd18",ou guaranteed latest nokia phone gb ipod mp player prize txt word collect ibhltd ldnwh pmtmsgrcvd
0,Tell dear what happen to you. Why you talking to me like an alian,tell dear happen talking like alian
0,U wan 2 haf lunch i'm in da canteen now.,u wan haf lunch im da canteen
0,"Hello lover! How goes that new job? Are you there now? Are you happy? Do you think of me? I wake, my slave and send you a teasing kiss from across the sea",hello lover go new job happy think wake slave send teasing kiss across sea
0,Spending new years with my brother and his family. Lets plan to meet next week. Are you ready to be spoiled? :),spending new year brother family let plan meet next week ready spoiled
0,"that would be good … I'll phone you tomo lunchtime, shall I, to organise something?",would good ill phone tomo lunchtime shall organise something
0,"Jay wants to work out first, how's 4 sound?",jay want work first hows sound
0,I don't want you to leave. But i'm barely doing what i can to stay sane. fighting with you constantly isn't helping.,dont want leave im barely stay sane fighting constantly isnt helping
0,Hurt me... Tease me... Make me cry... But in the end of my life when i die plz keep one rose on my grave and say STUPID I MISS U.. HAVE A NICE DAY BSLVYL,hurt tease make cry end life die plz keep one rose grave say stupid miss u nice day bslvyl
0,Check wid corect speling i.e. Sarcasm,check wid corect speling ie sarcasm
0,"Awesome, lemme know whenever you're around",awesome lem know whenever youre around
0,You tell what happen dont behave like this to me. Ok no need to say,tell happen dont behave like ok need say
0,No. She's currently in scotland for that.,shes currently scotland
0,Wishing you a wonderful week.,wishing wonderful week
0,Yeah so basically any time next week you can get away from your mom &amp; get up before 3,yeah basically time next week get away mom amp get
0,"2 celebrate my bday, y else?",celebrate bday else
1,"Get 3 Lions England tone, reply lionm 4 mono or lionp 4 poly. 4 more go 2 www.ringtones.co.uk, the original n best. Tones 3GBP network operator rates apply",get lion england tone reply lionm mono lionp poly go original n best tone gbp network operator rate apply
1,"Free entry to the gr8prizes wkly comp 4 a chance to win the latest Nokia 8800, PSP or £250 cash every wk.TXT GREAT to 80878 http//www.gr8prizes.com 08715705022",free entry grprizes wkly comp chance win latest nokia psp cash every wktxt great
0,"St andre, virgil's cream",st andre virgil cream
0,S da..al r above  &lt;#&gt;,daal r ltgt
0,"Jay told me already, will do",jay told already
0,Sorry that was my uncle. I.ll keep in touch,sorry uncle ill keep touch
0,Ha ha ha good joke. Girls are situation seekers.,ha ha ha good joke girl situation seeker
0,There bold 2  &lt;#&gt; . Is that yours,bold ltgt
0,Wot about on wed nite I am 3 then but only til 9!,wot wed nite til
0,Once free call me sir. I am waiting for you.,free call sir waiting
0,No probably  &lt;#&gt; %.,probably ltgt
0,You unbelievable faglord,unbelievable faglord
0,"What i mean was i left too early to check, cos i'm working a 9-6.",mean left early check co im working
0,See? I thought it all through,see thought
0,cud u tell ppl im gona b a bit l8 cos 2 buses hav gon past cos they were full & im still waitin 4 1. Pete x,cud u tell ppl im gona b bit l co bus hav gon past co full im still waitin pete x
0,"A bit of Ur smile is my hppnss, a drop of Ur tear is my sorrow, a part of Ur heart is my life, a heart like mine wil care for U, forevr as my GOODFRIEND",bit ur smile hppnss drop ur tear sorrow part ur heart life heart like mine wil care u forevr goodfriend
0,Got but got 2 colours lor. One colour is quite light n e other is darker lor. Actually i'm done she's styling my hair now.,got got colour lor one colour quite light n e darker lor actually im done shes styling hair
0,Lol its ok I didn't remember til last nite,lol ok didnt remember til last nite
0,Lol ... I knew that .... I saw him in the dollar store,lol knew saw dollar store
0,Nooooooo I'm gonna be bored to death all day. Cable and internet outage.,nooooooo im gon na bored death day cable internet outage
0,"Sorry vikky, i'm Watching olave mandara movie kano in trishul theatre wit my frnds..",sorry vikky im watching olave mandara movie kano trishul theatre wit frnds
0,Really... I tot ur paper ended long ago... But wat u copied jus now got use? U happy lar... I still haf 2 study :-(,really tot ur paper ended long ago wat u copied jus got use u happy lar still haf study
0,Should I have picked up a receipt or something earlier,picked receipt something earlier
0,Sorry i missed your call. Can you please call back.,sorry missed call please call back
0,Ahhh. Work. I vaguely remember that! What does it feel like? Lol,ahhh work vaguely remember feel like lol
1,PRIVATE! Your 2003 Account Statement for shows 800 un-redeemed S.I.M. points. Call 08718738001 Identifier Code: 49557 Expires 26/11/04,private account statement show unredeemed sim point call identifier code expires
0,Dun b sad.. It's over.. Dun thk abt it already. Concentrate on ur other papers k.,dun b sad dun thk abt already concentrate ur paper k
0,Guessin you ain't gonna be here before 9?,guessin aint gon na
0,Do you know where my lab goggles went,know lab goggles went
0,"Feb  &lt;#&gt;  is ""I LOVE U"" day. Send dis to all ur ""VALUED FRNDS"" evn me. If 3 comes back u'll gt married d person u luv! If u ignore dis u will lose ur luv 4 Evr",feb ltgt love u day send dis ur valued frnds evn come back ull gt married person u luv u ignore dis u lose ur luv evr
0,If india win or level series means this is record:),india win level series mean record
1,Enjoy the jamster videosound gold club with your credits for 2 new videosounds+2 logos+musicnews! get more fun from jamster.co.uk! 16+only Help? call: 09701213186 ,enjoy jamster videosound gold club credit new videosounds logosmusicnews get fun jamstercouk help call
0,Hey you around? I've got enough for a half + the ten I owe you,hey around ive got enough half ten owe
0,"Sir, i am waiting for your call.",sir waiting call
0,I sent them. Do you like?,sent like
1,WIN a year supply of CDs 4 a store of ur choice worth £500 & enter our £100 Weekly draw txt MUSIC to 87066 Ts&Cs www.Ldew.com.subs16+1win150ppmx3,win year supply cd store ur choice worth enter weekly draw txt music tscs
1,Update_Now - 12Mths Half Price Orange line rental: 400mins...Call MobileUpd8 on 08000839402 or call2optout=J5Q,updatenow mths half price orange line rental minscall mobileupd calloptoutjq
0,Thank you. do you generally date the brothas?,thank generally date brothas
0,Leave it wif me lar... Ü wan to carry meh so heavy... Is da num 98321561 familiar to ü?,leave wif lar wan carry meh heavy da num familiar
0,We live in the next  &lt;#&gt; mins,live next ltgt min
0,Mm not entirely sure i understood that text but hey. Ho. Which weekend?,mm entirely sure understood text hey ho weekend
0,"Fighting with the world is easy, u either win or lose bt fightng with some1 who is close to u is dificult if u lose - u lose if u win - u still lose.",fighting world easy u either win lose bt fightng close u dificult u lose u lose u win u still lose
0,Ill be at yours in about 3 mins but look out for me,ill min look
0,Hey they r not watching movie tonight so i'll prob b home early...,hey r watching movie tonight ill prob b home early
0,"Very strange.  and  are watching the 2nd one now but i'm in bed. Sweet dreams, miss u ",strange watching nd one im bed sweet dream miss u
0,You are not bothering me but you have to trust my answers. Pls.,bothering trust answer pls
0,No screaming means shouting..,screaming mean shouting
0,Lol grr my mom is taking forever with my prescription. Pharmacy is like 2 minutes away. Ugh.,lol grr mom taking forever prescription pharmacy like minute away ugh
0,Hey you still want to go for yogasana? Coz if we end at cine then can go bathe and hav the steam bath,hey still want go yogasana coz end cine go bathe hav steam bath
0,Que pases un buen tiempo or something like that,que pas un buen tiempo something like
0,dont make ne plans for nxt wknd coz she wants us to come down then ok,dont make ne plan nxt wknd coz want u come ok
1,Your 2004 account for 07XXXXXXXXX shows 786 unredeemed points. To claim call 08719181259 Identifier code: XXXXX Expires 26.03.05,account xxxxxxxxx show unredeemed point claim call identifier code xxxxx expires
0,Well thats nice. Too bad i cant eat it,well thats nice bad cant eat
0,"Kind of. Just missed train cos of asthma attack, nxt one in half hr so driving in. not sure where to park.",kind missed train co asthma attack nxt one half hr driving sure park
0,"Abeg, make profit. But its a start. Are you using it to get sponsors for the next event?",abeg make profit start using get sponsor next event
0,I've told him that i've returned it. That should i re order it.,ive told ive returned order
0,Usually the person is unconscious that's in children but in adults they may just behave abnormally. I.ll call you now,usually person unconscious thats child adult may behave abnormally ill call
0,What time you thinkin of goin?,time thinkin goin
1,"Hi this is Amy, we will be sending you a free phone number in a couple of days, which will give you an access to all the adult parties...",hi amy sending free phone number couple day give access adult party
0,Yeah if we do have to get a random dude we need to change our info sheets to PARTY  &lt;#&gt; /7 NEVER STUDY just to be safe,yeah get random dude need change info sheet party ltgt never study safe
0,"Sorry da thangam, very very sorry i am held up with prasad.",sorry da thangam sorry held prasad
0,Did you get any gift? This year i didnt get anything. So bad,get gift year didnt get anything bad
0,"V-aluable. A-ffectionate. L-oveable. E-ternal. N-oble. T-ruthful. I-ntimate. N-atural. E-namous. Happy ""VALENTINES DAY"" in advance",valuable affectionate loveable eternal noble truthful intimate natural enamous happy valentine day advance
0,Was playng 9 doors game and gt racing on phone lol,playng door game gt racing phone lol
0,Goodnight da thangam I really miss u dear.,goodnight da thangam really miss u dear
0,"CHA QUITEAMUZING THATSCOOL BABE,PROBPOP IN & CU SATTHEN HUNNY 4BREKKIE! LOVE JEN XXX. PSXTRA LRG PORTIONS 4 ME PLEASE ",cha quiteamuzing thatscool babeprobpop cu satthen hunny brekkie love jen xxx psxtra lrg portion please
0,Let me know how it changes in the next 6hrs. It can even be appendix but you are out of that age range. However its not impossible. So just chill and let me know in 6hrs,let know change next hr even appendix age range however impossible chill let know hr
0,Im good! I have been thinking about you...,im good thinking
0,Thinking of u ;) x,thinking u x
0,Me hungry buy some food good lei... But mum n yun dun wan juz buy a little bit... ,hungry buy food good lei mum n yun dun wan juz buy little bit
0,Update your face book status frequently :),update face book status frequently
0,I will lick up every drop :) are you ready to use your mouth as well?,lick every drop ready use mouth well
0,Lol alright i was thinkin that too haha,lol alright thinkin haha
0, &lt;#&gt;  mins but i had to stop somewhere first.,ltgt min stop somewhere first
1,December only! Had your mobile 11mths+? You are entitled to update to the latest colour camera mobile for Free! Call The Mobile Update Co FREE on 08002986906 ,december mobile mths entitled update latest colour camera mobile free call mobile update co free
0,"A gram usually runs like  &lt;#&gt; , a half eighth is smarter though and gets you almost a whole second gram for  &lt;#&gt;",gram usually run like ltgt half eighth smarter though get almost whole second gram ltgt
1,Reply with your name and address and YOU WILL RECEIVE BY POST a weeks completely free accommodation at various global locations www.phb1.com ph:08700435505150p,reply name address receive post week completely free accommodation various global location php
0,Don know:)this week i'm going to tirunelvai da.,knowthis week im going tirunelvai da
0,ARR birthday today:) i wish him to get more oscar.,arr birthday today wish get oscar
0,Change windows logoff sound..,change window logoff sound
0,No but the bluray player can,bluray player
0,"We spend our days waiting for the ideal path to appear in front of us.. But what we forget is.. ""paths are made by walking.. not by waiting.."" Goodnight!",spend day waiting ideal path appear front u forget path made walking waiting goodnight
0,Hi :)finally i completed the course:),hi finally completed course
0,I am sorry it hurt you.,sorry hurt
0,"Can you please ask macho what his price range is, does he want something new or used plus it he only interfued in the blackberry bold  &lt;#&gt;  or any bb",please ask macho price range want something new used plus interfued blackberry bold ltgt bb
0,Sorry me going home first... Daddy come fetch ü later...,sorry going home first daddy come fetch later
0,Aiyo cos i sms ü then ü neva reply so i wait 4 ü to reply lar. I tot ü havent finish ur lab wat.,aiyo co sm neva reply wait reply lar tot havent finish ur lab wat
0,"What will we do in the shower, baby?",shower baby
0,Howz pain.it will come down today.do as i said ystrday.ice and medicine.,howz painit come todaydo said ystrdayice medicine
0,I thought slide is enough.,thought slide enough
0,Just finished eating. Got u a plate. NOT leftovers this time.,finished eating got u plate leftover time
0,Are you plans with your family set in stone ?,plan family set stone
0,Ok... Let u noe when i leave my house.,ok let u noe leave house
0,What's a feathery bowa? Is that something guys have that I don't know about?,whats feathery bowa something guy dont know
0,"Now, whats your house # again ? And do you have any beer there ?",whats house beer
1,Ur HMV Quiz cash-balance is currently £500 - to maximize ur cash-in now send HMV1 to 86688 only 150p/msg,ur hmv quiz cashbalance currently maximize ur cashin send hmv pmsg
0,Who's there say hi to our drugdealer,who say hi drugdealer
0,"What part of ""don't initiate"" don't you understand",part dont initiate dont understand
0,Just seeing your missed call my dear brother. Do have a gr8 day.,seeing missed call dear brother gr day
1,Get a FREE mobile video player FREE movie. To collect text GO to 89105. Its free! Extra films can be ordered t's and c's apply. 18 yrs only,get free mobile video player free movie collect text go free extra film ordered t c apply yr
0,Okie...,okie
0,"Oh... Icic... K lor, den meet other day...",oh icic k lor den meet day
0,There are some nice pubs near here or there is Frankie n Bennys near the warner cinema?,nice pub near frankie n benny near warner cinema
1,Collect your VALENTINE'S weekend to PARIS inc Flight & Hotel + £200 Prize guaranteed! Text: PARIS to No: 69101. www.rtf.sphosting.com,collect valentine weekend paris inc flight hotel prize guaranteed text paris
0,The message sent is askin for  &lt;#&gt; dollars. Shoul i pay  &lt;#&gt;  or  &lt;#&gt; ?,message sent askin ltgt dollar shoul pay ltgt ltgt
0,Alex says he's not ok with you not being ok with it,alex say he ok ok
0,Ok give me 5 minutes I think I see her. BTW you're my alibi. You were cutting my hair the whole time.,ok give minute think see btw youre alibi cutting hair whole time
0,"Yeah, where's your class at?",yeah wheres class
0,"When I was born, GOD said, ""Oh No! Another IDIOT"". When you were born, GOD said, ""OH No! COMPETITION"". Who knew, one day these two will become FREINDS FOREVER!",born god said oh another idiot born god said oh competition knew one day two become freinds forever
1,Thanks for your subscription to Ringtone UK your mobile will be charged £5/month Please confirm by replying YES or NO. If you reply NO you will not be charged,thanks subscription ringtone uk mobile charged month please confirm replying yes reply charged
0,Nice talking to you! please dont forget my pix :) i want to see all of you...,nice talking please dont forget pix want see
0,"It's ok, at least armand's still around",ok least armands still around
0,Kallis is ready for bat in 2nd innings,kallis ready bat nd inning
0,Stop calling everyone saying I might have cancer. My throat hurts to talk. I can't be answering everyones calls. If I get one more call I'm not babysitting on Monday,stop calling everyone saying might cancer throat hurt talk cant answering everyones call get one call im babysitting monday
0,I ask if u meeting da ge tmr nite...,ask u meeting da ge tmr nite
0,"Sorry, I can't help you on this.",sorry cant help
0,She.s find. I sent you an offline message to know how anjola's now.,shes find sent offline message know anjolas
0,With my sis lor... We juz watched italian job.,si lor juz watched italian job
0,Horrible u eat macs eat until u forgot abt me already rite... U take so long 2 reply. I thk it's more toot than b4 so b prepared. Now wat shall i eat?,horrible u eat mac eat u forgot abt already rite u take long reply thk toot b b prepared wat shall eat
0,Cheers for the card ... Is it that time of year already?,cheer card time year already
0,Well that must be a pain to catch,well must pain catch
0,Should I head straight there or what,head straight
0,"She is our sister.. She belongs 2 our family.. She is d hope of tomorrow.. Pray 4 her,who was fated 4 d Shoranur train incident. Lets hold our hands together &amp; fuelled by love &amp; concern prior 2 her grief &amp; pain. Pls join in dis chain &amp; pass it. STOP VIOLENCE AGAINST WOMEN.",sister belongs family hope tomorrow pray herwho fated shoranur train incident let hold hand together amp fuelled love amp concern prior grief amp pain pls join dis chain amp pas stop violence woman
0,Bognor it is! Should be splendid at this time of year.,bognor splendid time year
1,Someone has conacted our dating service and entered your phone because they fancy you!To find out who it is call from landline 09111030116. PoBox12n146tf15,someone conacted dating service entered phone fancy youto find call landline poboxntf
0,Nope. I just forgot. Will show next week,nope forgot show next week
0,Aslamalaikkum....insha allah tohar beeen muht albi mufti mahfuuz...meaning same here....,aslamalaikkuminsha allah tohar beeen muht albi mufti mahfuuzmeaning
0,Ok then no need to tell me anything i am going to sleep good night,ok need tell anything going sleep good night
0,Did u got that persons story,u got person story
1,FREE for 1st week! No1 Nokia tone 4 ur mobile every week just txt NOKIA to 8077 Get txting and tell ur mates. www.getzed.co.uk POBox 36504 W45WQ 16+ norm150p/tone,free st week nokia tone ur mobile every week txt nokia get txting tell ur mate pobox wwq normptone
0,"Ok, be careful ! Don't text and drive !",ok careful dont text drive
0,Fine if thats the way u feel. Thats the way its gota b,fine thats way u feel thats way gota b
0,So u gonna get deus ex?,u gon na get deus ex
0,I went to ur hon lab but no one is there.,went ur hon lab one
0,… and don‘t worry we‘ll have finished by march … ish!,dont worry well finished march ish
0,Serious? What like proper tongued her,serious like proper tongued
0,Aah bless! How's your arm?,aah bless hows arm
0,cThen i thk shd b enuff.. Still got conclusion n contents pg n references.. I'll b doing da contents pg n cover pg..,cthen thk shd b enuff still got conclusion n content pg n reference ill b da content pg n cover pg
0,Ummma.will call after check in.our life will begin from qatar so pls pray very hard.,ummmawill call check inour life begin qatar pls pray hard
0,"Alright omw, gotta change my order to a half8th",alright omw got ta change order halfth
1,Free video camera phones with Half Price line rental for 12 mths and 500 cross ntwk mins 100 txts. Call MobileUpd8 08001950382 or Call2OptOut/674&,free video camera phone half price line rental mths cross ntwk min txts call mobileupd calloptout
0,Gam gone after outstanding innings.,gam gone outstanding inning
0,Ok cool. See ya then.,ok cool see ya
0,I know you mood off today,know mood today
0,"I know dat feelin had it with Pete! Wuld get with em , nuther place nuther time mayb?",know dat feelin pete wuld get em nuther place nuther time mayb
0,Ok i found dis pierre cardin one which looks normal costs 20 its on sale.,ok found dis pierre cardin one look normal cost sale
1,You are being ripped off! Get your mobile content from www.clubmoby.com call 08717509990 poly/true/Pix/Ringtones/Games six downloads for only 3,ripped get mobile content call polytruepixringtonesgames six downloads
0,"(No promises on when though, haven't even gotten dinner yet)",promise though havent even gotten dinner yet
0,Thank you princess! I want to see your nice juicy booty...,thank princess want see nice juicy booty
0,"Aight text me when you're back at mu and I'll swing by, need somebody to get the door for me",aight text youre back mu ill swing need somebody get door
1,"You've won tkts to the EURO2004 CUP FINAL or £800 CASH, to collect CALL 09058099801 b4190604, POBOX 7876150ppm",youve tkts euro cup final cash collect call b pobox ppm
0,"Spoke with uncle john today. He strongly feels that you need to sacrifice to keep me here. He's going to call you. When he does, i beg you to just listen. Dont make any promises or make it clear things are not easy. And i need you to please let us work things out. As long as i keep expecting help, my creativity will be stifled so pls just keep him happy, no promises on your part.",spoke uncle john today strongly feel need sacrifice keep he going call beg listen dont make promise make clear thing easy need please let u work thing long keep expecting help creativity stifled pls keep happy promise part
1,Back 2 work 2morro half term over! Can U C me 2nite 4 some sexy passion B4 I have 2 go back? Chat NOW 09099726481 Luv DENA Calls £1/minMobsmoreLKPOBOX177HP51FL,back work morro half term u c nite sexy passion b go back chat luv dena call minmobsmorelkpoboxhpfl
0,"Haha awesome, I've been to 4u a couple times. Who all's coming?",haha awesome ive u couple time alls coming
0,She doesnt need any test.,doesnt need test
0,C movie is juz last minute decision mah. Juz watch 2 lar but i tot ü not interested.,c movie juz last minute decision mah juz watch lar tot interested
0,Ah poop. Looks like ill prob have to send in my laptop to get fixed cuz it has a gpu problem,ah poop look like ill prob send laptop get fixed cuz gpu problem
1,U 447801259231 have a secret admirer who is looking 2 make contact with U-find out who they R*reveal who thinks UR so special-call on 09058094597,u secret admirer looking make contact ufind rreveal think ur specialcall
1,"HOT LIVE FANTASIES call now 08707500020 Just 20p per min NTT Ltd, PO Box 1327 Croydon CR9 5WB 0870 is a national rate call",hot live fantasy call p per min ntt ltd po box croydon cr wb national rate call
0,How are you holding up?,holding
0,Hey i've booked the pilates and yoga lesson already... Haha,hey ive booked pilate yoga lesson already haha
0,"That‘s the thing with apes, u can fight to the death to keep something, but the minute they have it when u let go, thats it!",thats thing ape u fight death keep something minute u let go thats
0,Yupz... I've oredi booked slots 4 my weekends liao... ,yupz ive oredi booked slot weekend liao
0,"Same, I'm at my great aunts anniversary party in tarpon springs",im great aunt anniversary party tarpon spring
0,Just send a text. We'll skype later.,send text well skype later
1,URGENT! We are trying to contact U. Todays draw shows that you have won a £2000 prize GUARANTEED. Call 09066358361 from land line. Claim Y87. Valid 12hrs only,urgent trying contact u today draw show prize guaranteed call land line claim valid hr
0,Pass dis to all ur contacts n see wat u get! Red;i'm in luv wid u. Blue;u put a smile on my face. Purple;u r realy hot. Pink;u r so swt. Orange;i thnk i lyk u. Green;i realy wana go out wid u. Yelow;i wnt u bck. Black;i'm jealous of u. Brown;i miss you Nw plz giv me one color,pas dis ur contact n see wat u get redim luv wid u blueu put smile face purpleu r realy hot pinku r swt orangei thnk lyk u greeni realy wana go wid u yelowi wnt u bck blackim jealous u browni miss nw plz giv one color
0,Can come my room but cannot come my house cos my house still messy... Haha...,come room come house co house still messy haha
0,I take it the post has come then! You must have 1000s of texts now! Happy reading. My one from wiv hello caroline at the end is my favourite. Bless him,take post come must text happy reading one wiv hello caroline end favourite bless
0,"Jus chillaxin, what up",jus chillaxin
0,Glad it went well :) come over at 11 then we'll have plenty of time before claire goes to work.,glad went well come well plenty time claire go work
0,"I know where the  &lt;#&gt;  is, I'll be there around 5",know ltgt ill around
0,Well keep in mind I've only got enough gas for one more round trip barring a sudden influx of cash,well keep mind ive got enough gas one round trip barring sudden influx cash
0,"I keep seeing weird shit and bein all ""woah"" then realising it's actually reasonable and I'm all ""oh""",keep seeing weird shit bein woah realising actually reasonable im oh
0,"Hmmm ... I thought we said 2 hours slave, not 3 ... You are late ... How should I punish you ?",hmmm thought said hour slave late punish
0,"Perhaps * is much easy give your account identification, so i will tomorrow at UNI",perhaps much easy give account identification tomorrow uni
1,Welcome! Please reply with your AGE and GENDER to begin. e.g 24M,welcome please reply age gender begin eg
0,Boooo you always work. Just quit.,boooo always work quit
0," says that he's quitting at least5times a day so i wudn't take much notice of that. Nah, she didn't mind. Are you gonna see him again? Do you want to come to taunton tonight? U can tell me all about !",say he quitting leasttimes day wudnt take much notice nah didnt mind gon na see want come taunton tonight u tell
0,Lol your always so convincing.,lol always convincing
0,It is a good thing I'm now getting the connection to bw,good thing im getting connection bw
0,U free on sat rite? U wan 2 watch infernal affairs wif me n darren n mayb xy?,u free sat rite u wan watch infernal affair wif n darren n mayb xy
0,Alright. I'm out--have a good night!,alright im outhave good night
0,It didnt work again oh. Ok goodnight then. I.ll fix and have it ready by the time you wake up. You are very dearly missed have a good night sleep.,didnt work oh ok goodnight ill fix ready time wake dearly missed good night sleep
0,"Good morning, im suffering from fever and dysentry ..will not be able to come to office today.",good morning im suffering fever dysentry able come office today
0,Shopping lor. Them raining mah hard 2 leave orchard.,shopping lor raining mah hard leave orchard
0,"So you think i should actually talk to him? Not call his boss in the morning? I went to this place last year and he told me where i could go and get my car fixed cheaper. He kept telling me today how much he hoped i would come back in, how he always regretted not getting my number, etc.",think actually talk call bos morning went place last year told could go get car fixed cheaper kept telling today much hoped would come back always regretted getting number etc
0,Hi its me you are probably having too much fun to get this message but i thought id txt u cos im bored! and james has been farting at me all night,hi probably much fun get message thought id txt u co im bored james farting night
0,Argh why the fuck is nobody in town ;_;,argh fuck nobody town
0,And maybe some pressies,maybe pressies
1,Jamster! To get your free wallpaper text HEART to 88888 now! T&C apply. 16 only. Need Help? Call 08701213186.,jamster get free wallpaper text heart tc apply need help call
0,Macha dont feel upset.i can assume your mindset.believe me one evening with me and i have some wonderful plans for both of us.LET LIFE BEGIN AGAIN.call me anytime,macha dont feel upseti assume mindsetbelieve one evening wonderful plan uslet life begin againcall anytime
1,Please CALL 08712402902 immediately as there is an urgent message waiting for you.,please call immediately urgent message waiting
0,Remember on that day..,remember day
0,I place all ur points on e cultures module already.,place ur point e culture module already
0,Just forced myself to eat a slice. I'm really not hungry tho. This sucks. Mark is getting worried. He knows I'm sick when I turn down pizza. Lol,forced eat slice im really hungry tho suck mark getting worried know im sick turn pizza lol
0,So lets make it saturday or monday as per convenience.,let make saturday monday per convenience
0,I said its okay. Sorry,said okay sorry
0,Nothing lor... A bit bored too... Then y dun u go home early 2 sleep today...,nothing lor bit bored dun u go home early sleep today
0,Aiyo please ü got time meh.,aiyo please got time meh
1,Do you want 750 anytime any network mins 150 text and a NEW video phone for only five pounds per week call 08000776320 now or reply for delivery Tomorrow,want anytime network min text new video phone five pound per week call reply delivery tomorrow
1,"Xmas Offer! Latest Motorola, SonyEricsson & Nokia & FREE Bluetooth or DVD! Double Mins & 1000 Txt on Orange. Call MobileUpd8 on 08000839402 or call2optout/4QF2",xmas offer latest motorola sonyericsson nokia free bluetooth dvd double min txt orange call mobileupd calloptoutqf
0,"Hello my boytoy ... Geeee I miss you already and I just woke up. I wish you were here in bed with me, cuddling me. I love you ...",hello boytoy geeee miss already woke wish bed cuddling love
0,"I av a new number,  . Wil u only use this one,ta.",av new number wil u use oneta
0,Can you say what happen,say happen
0,Wait.i will come out.. &lt;#&gt;  min:),waiti come ltgt min
1,"URGENT!! Your 4* Costa Del Sol Holiday or £5000 await collection. Call 09050090044 Now toClaim. SAE, TC s, POBox334, Stockport, SK38xh, Cost£1.50/pm, Max10mins",urgent costa del sol holiday await collection call toclaim sae tc pobox stockport skxh costpm maxmins
0,"I can probably come by, everybody's done around  &lt;#&gt;  right?",probably come everybodys done around ltgt right
0,Just wanted to say holy shit you guys weren't kidding about this bud,wanted say holy shit guy werent kidding bud
0,Hmm thinking lor...,hmm thinking lor
0,U coming back 4 dinner rite? Dad ask me so i re confirm wif u...,u coming back dinner rite dad ask confirm wif u
0,Cheers for the message Zogtorius. Ive been staring at my phone for an age deciding whether to text or not.,cheer message zogtorius ive staring phone age deciding whether text
0,Yes but can we meet in town cos will go to gep and then home. You could text at bus stop. And don't worry we'll have finished by march … ish!,yes meet town co go gep home could text bus stop dont worry well finished march ish
0,O. Well uv causes mutations. Sunscreen is like essential thesedays,well uv cause mutation sunscreen like essential thesedays
0,Yeah I don't see why not,yeah dont see
0,"&lt;#&gt; %of pple marry with their lovers... becz they hav gud undrstndng dat avoids problems. i sent dis 2 u, u wil get gud news on friday by d person you like. And tomorrow will be the best day of your life. Dont break this chain. If you break you will suffer. send this to  &lt;#&gt;  frnds in &lt;#&gt;  mins whn u read...",ltgt pple marry lover becz hav gud undrstndng dat avoids problem sent dis u u wil get gud news friday person like tomorrow best day life dont break chain break suffer send ltgt frnds ltgt min whn u read
0,"Happy or sad , one thing about past is- ""Its no more"" GOOD MORNING :-):-).",happy sad one thing past good morning
0,Got it. Seventeen pounds for seven hundred ml – hope ok.,got seventeen pound seven hundred ml hope ok
0,Hope you are having a great day.,hope great day
0,Lol boo I was hoping for a laugh,lol boo hoping laugh
0,"Wait that's still not all that clear, were you not sure about me being sarcastic or that that's why x doesn't want to live with us",wait thats still clear sure sarcastic thats x doesnt want live u
0,U should make a fb list,u make fb list
1,XCLUSIVE@CLUBSAISAI 2MOROW 28/5 SOIREE SPECIALE ZOUK WITH NICHOLS FROM PARIS.FREE ROSES 2 ALL LADIES !!! info: 07946746291/07880867867 ,morow soiree speciale zouk nichols parisfree rose lady info
0,You do got a shitload of diamonds though,got shitload diamond though
0,My exam is for february 4. Wish you a great day.,exam february wish great day
0,"Sure, if I get an acknowledgement from you that it's astoundingly tactless and generally faggy to demand a blood oath fo",sure get acknowledgement astoundingly tactless generally faggy demand blood oath fo
0,How abt making some of the pics bigger?,abt making pic bigger
0,Nt joking seriously i told,nt joking seriously told
0,"It could work, we'll reach a consensus at the next meeting",could work well reach consensus next meeting
0,Pls come quick cant bare this.,pls come quick cant bare
0,&lt;#&gt;  great loxahatchee xmas tree burning update: you can totally see stars here,ltgt great loxahatchee xmas tree burning update totally see star
0,Ok im not sure what time i finish tomorrow but i wanna spend the evening with you cos that would be vewy vewy lubly! Love me xxx,ok im sure time finish tomorrow wan na spend evening co would vewy vewy lubly love xxx
0,Done it but internet connection v slow and can‘t send it. Will try again later or first thing tomo.,done internet connection v slow cant send try later first thing tomo
0,"This is one of the days you have a billion classes, right?",one day billion class right
0,"Oh right, ok. I'll make sure that i do loads of work during the day!  got a really nasty cough today and is dry n shot so that should really help it!",oh right ok ill make sure load work day got really nasty cough today dry n shot really help
0,Ok lor wat time ü finish?,ok lor wat time finish
0,"Ah, well that confuses things, doesn‘t it?",ah well confuses thing doesnt
0,Purity of friendship between two is not about smiling after reading the forwarded message..Its about smiling just by seeing the name. Gud evng,purity friendship two smiling reading forwarded messageits smiling seeing name gud evng
1,"Thanks for your ringtone order, ref number K718. Your mobile will be charged £4.50. Should your tone not arrive please call customer services on 09065069120",thanks ringtone order ref number k mobile charged tone arrive please call customer service
0,What do u want when i come back?.a beautiful necklace as a token of my heart for you.thats what i will give but ONLY to MY WIFE OF MY LIKING.BE THAT AND SEE..NO ONE can give you that.dont call me.i will wait till i come.,u want come backa beautiful necklace token heart youthats give wife likingbe seeno one give thatdont call mei wait till come
0,"Sorry battery died, yeah I'm here",sorry battery died yeah im
0,Its on in engalnd! But telly has decided it won't let me watch it and mia and elliot were kissing! Damn it!,engalnd telly decided wont let watch mia elliot kissing damn
0,In meeting da. I will call you,meeting da call
0,And stop being an old man. You get to build snowman snow angels and snowball fights.,stop old man get build snowman snow angel snowball fight
0,Wat time u finish ur lect today?,wat time u finish ur lect today
0,This is all just creepy and crazy to me.,creepy crazy
0,Nokia phone is lovly..,nokia phone lovly
0,"GOD ASKED, ""What is forgiveness?"" A little child gave lovely reply, ""It is d wonderful fruit that a tree gives when it is being hurt by a stone.. Good night......",god asked forgiveness little child gave lovely reply wonderful fruit tree give hurt stone good night
0,"And that is the problem. You walk around in ""julianaland"" oblivious to what is going on around you. I say the same things constantly and they go in one ear and out the other while you go off doing whatever you want to do. It's not that you don't know why I'm upset--it's that you don't listen when i tell you WHAT is going to upset me. Then you want to be surprised when I'm mad.",problem walk around julianaland oblivious going around say thing constantly go one ear go whatever want dont know im upsetits dont listen tell going upset want surprised im mad
0,Excellent! Are you ready to moan and scream in ecstasy?,excellent ready moan scream ecstasy
0,They r giving a second chance to rahul dengra.,r giving second chance rahul dengra
0,U too...,u
0,Thank you princess! You are so sexy...,thank princess sexy
1,Congratulations ur awarded either £500 of CD gift vouchers & Free entry 2 our £100 weekly draw txt MUSIC to 87066 TnCs www.Ldew.com 1 win150ppmx3age16,congratulation ur awarded either cd gift voucher free entry weekly draw txt music tncs winppmxage
0,"So anyways, you can just go to your gym or whatever, my love *smiles* I hope your ok and having a good day babe ... I miss you so much already",anyways go gym whatever love smile hope ok good day babe miss much already
0,"I know you are thinkin malaria. But relax, children cant handle malaria. She would have been worse and its gastroenteritis. If she takes enough to replace her loss her temp will reduce. And if you give her malaria meds now she will just vomit. Its a self limiting illness she has which means in a few days it will completely stop",know thinkin malaria relax child cant handle malaria would worse gastroenteritis take enough replace loss temp reduce give malaria med vomit self limiting illness mean day completely stop
0,Me n him so funny...,n funny
0,Hey! Congrats 2u2. id luv 2 but ive had 2 go home!,hey congrats u id luv ive go home
0,How come she can get it? Should b quite diff to guess rite...,come get b quite diff guess rite
0,Moji i love you more than words. Have a rich day,moji love word rich day
0,Hello! Good week? Fancy a drink or something later?,hello good week fancy drink something later
0,Getting tickets 4 walsall tue 6 th march. My mate is getting me them on sat. ill pay my treat. Want 2 go. Txt bak .Terry,getting ticket walsall tue th march mate getting sat ill pay treat want go txt bak terry
1,Ringtone Club: Gr8 new polys direct to your mobile every week !,ringtone club gr new polys direct mobile every week
0, gonna let me know cos comes bak from holiday that day.  is coming. Don't4get2text me  number. ,gon na let know co come bak holiday day coming dontgettext number
0,Dont put your phone on silent mode ok,dont put phone silent mode ok
0,They released vday shirts and when u put it on it makes your bottom half naked instead of those white underwear.,released vday shirt u put make bottom half naked instead white underwear
0,"Don't worry though, I understand how important it is that I be put in my place with a poorly thought out punishment in the face of the worst thing that has ever happened to me. Brb gonna go kill myself",dont worry though understand important put place poorly thought punishment face worst thing ever happened brb gon na go kill
0,Oh ic. I thought you meant mary jane.,oh ic thought meant mary jane
0,Are you going to wipro interview today?,going wipro interview today
0,No. I meant the calculation is the same. That  &lt;#&gt; units at  &lt;#&gt; . This school is really expensive. Have you started practicing your accent. Because its important. And have you decided if you are doing 4years of dental school or if you'll just do the nmde exam.,meant calculation ltgt unit ltgt school really expensive started practicing accent important decided year dental school youll nmde exam
0,I see the letter B on my car,see letter b car
0,Ok lor. Anyway i thk we cant get tickets now cos like quite late already. U wan 2 go look 4 ur frens a not? Darren is wif them now...,ok lor anyway thk cant get ticket co like quite late already u wan go look ur frens darren wif
0,Please ask mummy to call father,please ask mummy call father
0,"The world is running and i am still.maybe all are feeling the same,so be it.or i have to admit,i am mad.then where is the correction?or let me call this is life.and keep running with the world,may be u r also running.lets run.",world running stillmaybe feeling sameso itor admiti madthen correctionor let call lifeand keep running worldmay u r also runninglets run
0,You all ready for * big day tomorrow?,ready big day tomorrow
0,"Hiya, sorry didn't hav signal. I haven't seen or heard from and neither has, which is unusual in itself! I'll put on the case and get him to sort it out! Hugs and snogs.",hiya sorry didnt hav signal havent seen heard neither unusual ill put case get sort hug snogs
0,"Awesome, plan to get here any time after like  &lt;#&gt; , I'll text you details in a wee bit",awesome plan get time like ltgt ill text detail wee bit
1,Message Important information for O2 user. Today is your lucky day! 2 find out why log onto http://www.urawinner.com there is a fantastic surprise awaiting you,message important information user today lucky day find log onto fantastic surprise awaiting
0,"How long before you get reply, just defer admission til next semester",long get reply defer admission til next semester
0,somewhere out there beneath the pale moon light someone think in of u some where out there where dreams come true... goodnite &amp; sweet dreams,somewhere beneath pale moon light someone think u dream come true goodnite amp sweet dream
0,SO IS TH GOWER MATE WHICH IS WHERE I AM!?! HOW R U MAN? ALL IS GOOD IN WALES ILL B BACK MORROW. C U THIS WK? WHO WAS THE MSG 4?  RANDOM!,th gower mate r u man good wale ill b back morrow c u wk msg random
0,Asking do u knw them or nt? May be ur frnds or classmates?,asking u knw nt may ur frnds classmate
0,Take something for pain. If it moves however to any side in the next 6hrs see a doctor.,take something pain move however side next hr see doctor
0,That is wondar full flim.,wondar full flim
0,Was the actual exam harder than NBME,actual exam harder nbme
0,Yeah. I got a list with only u and Joanna if I'm feeling really anti social,yeah got list u joanna im feeling really anti social
0,How much she payed. Suganya.,much payed suganya
1,FREE MSG:We billed your mobile number by mistake from shortcode 83332.Please call 08081263000 to have charges refunded.This call will be free from a BT landline,free msgwe billed mobile number mistake shortcode please call charge refundedthis call free bt landline
0,So what did the bank say about the money?,bank say money
0,Thanks a lot for your wishes on my birthday. Thanks you for making my birthday truly memorable.,thanks lot wish birthday thanks making birthday truly memorable
0,NONE!NOWHERE IKNO DOESDISCOUNT!SHITINNIT,nonenowhere ikno doesdiscountshitinnit
1,PRIVATE! Your 2003 Account Statement for 07808247860 shows 800 un-redeemed S. I. M. points. Call 08719899229 Identifier Code: 40411 Expires 06/11/04,private account statement show unredeemed point call identifier code expires
0,I dunno they close oredi not... Ü v ma fan...,dunno close oredi v fan
0,What's ur pin?,whats ur pin
0,Yup ü not comin :-(,yup comin
1,"Sunshine Hols. To claim ur med holiday send a stamped self address envelope to Drinks on Us UK, PO Box 113, Bray, Wicklow, Eire. Quiz Starts Saturday! Unsub Stop",sunshine hols claim ur med holiday send stamped self address envelope drink u uk po box bray wicklow eire quiz start saturday unsub stop
0,Never y lei... I v lazy... Got wat? Dat day ü send me da url cant work one...,never lei v lazy got wat dat day send da url cant work one
0,Do have a nice day today. I love you so dearly.,nice day today love dearly
0,Reckon need to be in town by eightish to walk from * carpark.,reckon need town eightish walk carpark
0,No shoot me. I'm in the docs waiting room. :/,shoot im doc waiting room
0,K..k:)how much does it cost?,kkhow much cost
0,Ü dun wan to watch infernal affair?,dun wan watch infernal affair
1,"Thanks for your ringtone order, reference number X49.Your mobile will be charged 4.50. Should your tone not arrive please call customer services 09065989182",thanks ringtone order reference number xyour mobile charged tone arrive please call customer service
0,Left dessert. U wan me 2 go suntec look 4 u?,left dessert u wan go suntec look u
0,I'm really sorry I lit your hair on fire,im really sorry lit hair fire
0,I love to cuddle! I want to hold you in my strong arms right now...,love cuddle want hold strong arm right
0,There's someone here that has a year  &lt;#&gt;  toyota camry like mr olayiwola's own. Mileage is  &lt;#&gt; k.its clean but i need to know how much will it sell for. If i can raise the dough for it how soon after landing will it sell. Holla back.,there someone year ltgt toyota camry like mr olayiwolas mileage ltgt kit clean need know much sell raise dough soon landing sell holla back
0,Aight ill get on fb in a couple minutes,aight ill get fb couple minute
0,Somebody should go to andros and steal ice,somebody go andros steal ice
0,HAPPY NEW YEAR MY NO.1 MAN,happy new year man
1,goldviking (29/M) is inviting you to be his friend. Reply YES-762 or NO-762 See him: www.SMS.ac/u/goldviking STOP? Send STOP FRND to 62468,goldviking inviting friend reply yes see stop send stop frnd
0,Don know..wait i will check it.,knowwait check
0,Okie ü wan meet at bishan? Cos me at bishan now. I'm not driving today.,okie wan meet bishan co bishan im driving today
0,Horrible bf... I now v hungry...,horrible bf v hungry
0,Haven't heard anything and he's not answering my texts so I'm guessing he flaked. That said the jb is fantastic,havent heard anything he answering text im guessing flaked said jb fantastic
0,I was at bugis juz now wat... But now i'm walking home oredi... Ü so late then reply... I oso saw a top dat i like but din buy... Where r ü now? ,bugis juz wat im walking home oredi late reply oso saw top dat like din buy r
0,Ok lor. Msg me b4 u call.,ok lor msg b u call
0,"Ta-Daaaaa! I am home babe, are you still up ?",tadaaaaa home babe still
1,HMV BONUS SPECIAL 500 pounds of genuine HMV vouchers to be won. Just answer 4 easy questions. Play Now! Send HMV to 86688 More info:www.100percent-real.com,hmv bonus special pound genuine hmv voucher answer easy question play send hmv info
0,How? Izzit still raining?,izzit still raining
0,In the end she might still vomit but its okay. Not everything will come out.,end might still vomit okay everything come
0,"The word ""Checkmate"" in chess comes from the Persian phrase ""Shah Maat"" which means; ""the king is dead.."" Goodmorning.. Have a good day..:)",word checkmate chess come persian phrase shah maat mean king dead goodmorning good day
0,If he started searching he will get job in few days.he have great potential and talent.,started searching get job dayshe great potential talent
0,No need for the drug anymore.,need drug anymore
0,Any pain on urination any thing else?,pain urination thing else
0,"Hurry up, I've been weed-deficient for like three days",hurry ive weeddeficient like three day
0,Dear umma she called me now :-),dear umma called
0,I told that am coming on wednesday.,told coming wednesday
0,S...i will take mokka players only:),si take mokka player
0,"Dear, will call Tmorrow.pls accomodate.",dear call tmorrowpls accomodate
0,"Well am officially in a philosophical hole, so if u wanna call am at home ready to be saved!",well officially philosophical hole u wan na call home ready saved
0,"Friendship is not a game to play, It is not a word to say, It doesn\'t start on March and ends on May, It is tomorrow, yesterday, today and e",friendship game play word say doesnt start march end may tomorrow yesterday today e
1,PRIVATE! Your 2003 Account Statement for 07753741225 shows 800 un-redeemed S. I. M. points. Call 08715203677 Identifier Code: 42478 Expires 24/10/04,private account statement show unredeemed point call identifier code expires
0,"K, if u bored up just come to my home..",k u bored come home
0,Sindu got job in birla soft ..,sindu got job birla soft
0,Dude sux for snake. He got old and raiden got buff,dude sux snake got old raiden got buff
0,Thank u!,thank u
0,Will you be here for food,food
0,"Em, its olowoyey@ usc.edu have a great time in argentina. Not sad about secretary, everything is a blessing",em olowoyey uscedu great time argentina sad secretary everything blessing
0,Ee msg na poortiyagi odalebeku: Hanumanji 7 name 1-Hanuman 2-Bajarangabali 3-Maruti 4-Pavanaputra 5-Sankatmochan 6-Ramaduth 7-Mahaveer ee 7 name  &lt;#&gt;  janarige ivatte kalisidare next saturday olage ondu good news keluviri...! Maretare inde 1 dodda problum nalli siguviri idu matra  &lt;#&gt; % true.. Don't neglet.,ee msg na poortiyagi odalebeku hanumanji name hanuman bajarangabali maruti pavanaputra sankatmochan ramaduth mahaveer ee name ltgt janarige ivatte kalisidare next saturday olage ondu good news keluviri maretare inde dodda problum nalli siguviri idu matra ltgt true dont neglet
0,Two teams waiting for some players,two team waiting player
1,"URGENT! Your mobile No 07xxxxxxxxx won a £2,000 bonus caller prize on 02/06/03! this is the 2nd attempt to reach YOU! call 09066362231 ASAP! BOX97N7QP, 150PPM",urgent mobile xxxxxxxxx bonus caller prize nd attempt reach call asap boxnqp ppm
0,JADE ITS PAUL. Y DIDNT U TXT ME? DO U REMEMBER ME FROM BARMED? I WANT 2 TALK 2 U! TXT ME,jade paul didnt u txt u remember barmed want talk u txt
0,You should change your fb to jaykwon thuglyfe falconerf,change fb jaykwon thuglyfe falconerf
0,"Gosh that , what a pain. Spose I better come then.",gosh pain spose better come
1,"Hi, this is Mandy Sullivan calling from HOTMIX FM...you are chosen to receive £5000.00 in our Easter Prize draw.....Please telephone 09041940223 to claim before 29/03/05 or your prize will be transferred to someone else....",hi mandy sullivan calling hotmix fmyou chosen receive easter prize drawplease telephone claim prize transferred someone else
0,But that's on ebay it might be less elsewhere.,thats ebay might less elsewhere
0,"(And my man carlos is definitely coming by mu tonight, no excuses)",man carlos definitely coming mu tonight excuse
0,I thk ü gotta go home by urself. Cos i'll b going out shopping 4 my frens present. ,thk got ta go home urself co ill b going shopping frens present
1,"For ur chance to win a £250 cash every wk TXT: ACTION to 80608. T's&C's www.movietrivia.tv custcare 08712405022, 1x150p/wk",ur chance win cash every wk txt action tscs custcare xpwk
1,Do you want a New Nokia 3510i Colour Phone Delivered Tomorrow? With 200 FREE minutes to any mobile + 100 FREE text + FREE camcorder Reply or Call 8000930705,want new nokia colour phone delivered tomorrow free minute mobile free text free camcorder reply call
0,Nice line said by a broken heart- Plz don't cum 1 more times infront of me... Other wise once again I ll trust U... Good 9t:),nice line said broken heart plz dont cum time infront wise trust u good
1,"Someone U know has asked our dating service 2 contact you! Cant Guess who? CALL 09058097189 NOW all will be revealed. POBox 6, LS15HB 150p ",someone u know asked dating service contact cant guess call revealed pobox lshb p
0,"So many people seems to be special at first sight, But only very few will remain special to you till your last sight.. Maintain them till life ends.. take cr da",many people seems special first sight remain special till last sight maintain till life end take cr da
1,"Congratulations! Thanks to a good friend U have WON the £2,000 Xmas prize. 2 claim is easy, just call 08718726971 NOW! Only 10p per minute. BT-national-rate.",congratulation thanks good friend u xmas prize claim easy call p per minute btnationalrate
0,You're gonna have to be way more specific than that,youre gon na way specific
0,Fuck babe ... What happened to you ? How come you never came back?,fuck babe happened come never came back
0,Normally i use to drink more water daily:),normally use drink water daily
0,Are you going to write ccna exam this week??,going write ccna exam week
0,Captain vijaykanth is doing comedy in captain tv..he is drunken :),captain vijaykanth comedy captain tvhe drunken
0,Dear good morning now only i am up,dear good morning
0,"Yo, any way we could pick something up tonight?",yo way could pick something tonight
0,They are just making it easy to pay back. I have  &lt;#&gt; yrs to say but i can pay back earlier. You get?,making easy pay back ltgt yr say pay back earlier get
0,Yes. I come to nyc for audiitions and am trying to relocate.,yes come nyc audiitions trying relocate
0,"Total disappointment, when I texted you was the craziest shit got :(",total disappointment texted craziest shit got
0,I'm home...,im home
0,"No, I decided that only people who care about stuff vote and caring about stuff is for losers",decided people care stuff vote caring stuff loser
1,todays vodafone numbers ending with 0089(my last four digits) are selected to received a £350 award. If your number matches please call 09063442151 to claim your £350 award,today vodafone number ending last four digit selected received award number match please call claim award
1,UR awarded a City Break and could WIN a £200 Summer Shopping spree every WK. Txt STORE to 88039.SkilGme.TsCs087147403231Winawk!Age16+£1.50perWKsub,ur awarded city break could win summer shopping spree every wk txt store skilgmetscswinawkageperwksub
0,Alex knows a guy who sells mids but he's down in south tampa and I don't think I could set it up before like 8,alex know guy sell mids he south tampa dont think could set like
0,Ya srsly better than yi tho,ya srsly better yi tho
0,"If you're still up, maybe leave the credit card so I can get gas when I get back like he told me to",youre still maybe leave credit card get gas get back like told
1,Show ur colours! Euro 2004 2-4-1 Offer! Get an England Flag & 3Lions tone on ur phone! Click on the following service message for info!,show ur colour euro offer get england flag lion tone ur phone click following service message info
0,Aight should I just plan to come up later tonight?,aight plan come later tonight
0,Speaking of does he have any cash yet?,speaking cash yet
0,How stupid to say that i challenge god.You dont think at all on what i write instead you respond immed.,stupid say challenge godyou dont think write instead respond immed
1,Congratulations ur awarded 500 of CD vouchers or 125gift guaranteed & Free entry 2 100 wkly draw txt MUSIC to 87066,congratulation ur awarded cd voucher gift guaranteed free entry wkly draw txt music
0,Both :) i shoot big loads so get ready!,shoot big load get ready
0,Just chill for another 6hrs. If you could sleep the pain is not a surgical emergency so see how it unfolds. Okay,chill another hr could sleep pain surgical emergency see unfolds okay
0,"I am real, baby! I want to bring out your inner tigress...",real baby want bring inner tigress
0,CHEERS U TEX MECAUSE U WEREBORED! YEAH OKDEN HUNNY R UIN WK SAT?SOUNDS LIKEYOUR HAVIN GR8FUN J! KEEP UPDAT COUNTINLOTS OF LOVEME XXXXX.,cheer u tex mecause u werebored yeah okden hunny r uin wk satsounds likeyour havin grfun j keep updat countinlots loveme xxxxx
0,I'm in inside office..still filling forms.don know when they leave me.,im inside officestill filling formsdon know leave
1,PRIVATE! Your 2003 Account Statement for shows 800 un-redeemed S. I. M. points. Call 08719899230 Identifier Code: 41685 Expires 07/11/04,private account statement show unredeemed point call identifier code expires
0,I don't think he has spatula hands!,dont think spatula hand
0,Da my birthdate in certificate is in april but real date is today. But dont publish it. I shall give you a special treat if you keep the secret. Any way thanks for the wishes,da birthdate certificate april real date today dont publish shall give special treat keep secret way thanks wish
0,U repeat e instructions again. Wat's e road name of ur house?,u repeat e instruction wats e road name ur house
0,"Like I made him throw up when we were smoking in our friend's car one time, it was awesome",like made throw smoking friend car one time awesome
0,"Hi hope u get this txt~journey hasnt been gd,now about 50 mins late I think.",hi hope u get txtjourney hasnt gdnow min late think
0,Can you please send me my aunty's number,please send aunty number
0,Thank you baby! I cant wait to taste the real thing...,thank baby cant wait taste real thing
0,Wish u many many returns of the day.. Happy birthday vikky..,wish u many many return day happy birthday vikky
0,Rofl betta invest in some  anti aging products,rofl betta invest anti aging product
0,"No shit, but I wasn't that surprised, so I went and spent the evening with that french guy I met in town here and we fooled around a bit but I didn't let him fuck me",shit wasnt surprised went spent evening french guy met town fooled around bit didnt let fuck
0,K..k:)where are you?how did you performed?,kkwhere youhow performed
0,In life when you face choices Just toss a coin not becoz its settle the question But while the coin in the air U will know what your heart is hoping for. Gudni8,life face choice toss coin becoz settle question coin air u know heart hoping gudni
1,Hi 07734396839 IBH Customer Loyalty Offer: The NEW NOKIA6600 Mobile from ONLY £10 at TXTAUCTION!Txt word:START to No:81151 & get Yours Now!4T&,hi ibh customer loyalty offer new nokia mobile txtauctiontxt wordstart get nowt
0,U know we watchin at lido?,u know watchin lido
0,"The world suffers a lot... Not because of the violence of bad people. But because of the silence of good people!, Gud night....",world suffers lot violence bad people silence good people gud night
1,Buy Space Invaders 4 a chance 2 win orig Arcade Game console. Press 0 for Games Arcade (std WAP charge) See o2.co.uk/games 4 Terms + settings. No purchase,buy space invader chance win orig arcade game console press game arcade std wap charge see ocoukgames term setting purchase
1,We tried to contact you re our offer of New Video Phone 750 anytime any network mins HALF PRICE Rental camcorder call 08000930705 or reply for delivery Wed,tried contact offer new video phone anytime network min half price rental camcorder call reply delivery wed
0,Babe? You said 2 hours and it's been almost 4 ... Is your internet down ?,babe said hour almost internet
0,You can never do NOTHING,never nothing
1,"complimentary 4 STAR Ibiza Holiday or £10,000 cash needs your URGENT collection. 09066364349 NOW from Landline not to lose out! Box434SK38WP150PPM18+",complimentary star ibiza holiday cash need urgent collection landline lose boxskwpppm
0,Wishing you a beautiful day. Each moment revealing even more things to keep you smiling. Do enjoy it.,wishing beautiful day moment revealing even thing keep smiling enjoy
0,Yep. I do like the pink furniture tho.,yep like pink furniture tho
0,Smith waste da.i wanna gayle.,smith waste dai wan na gayle
0,You should get more chicken broth if you want ramen unless there's some I don't know about,get chicken broth want ramen unless there dont know
0,Dear got bus directly to calicut,dear got bus directly calicut
0,"He will, you guys close?",guy close
0,We can go 4 e normal pilates after our intro...  ,go e normal pilate intro
1,Do you want a New Nokia 3510i Colour Phone Delivered Tomorrow? With 200 FREE minutes to any mobile + 100 FREE text + FREE camcorder Reply or Call 08000930705,want new nokia colour phone delivered tomorrow free minute mobile free text free camcorder reply call
0,HMM yeah if your not too grooved out! And im looking forward to my pound special :),hmm yeah grooved im looking forward pound special
0,EY! CALM DOWNON THEACUSATIONS.. ITXT U COS IWANA KNOW WOTU R DOIN AT THEW/END... HAVENTCN U IN AGES..RING ME IF UR UP4 NETHING SAT.LOVE J XXX.,ey calm downon theacusations itxt u co iwana know wotu r doin thewend haventcn u agesring ur nething satlove j xxx
1,RGENT! This is the 2nd attempt to contact U!U have WON £1250 CALL 09071512433 b4 050703 T&CsBCM4235WC1N3XX. callcost 150ppm mobilesvary. max£7. 50,rgent nd attempt contact uu call b tcsbcmwcnxx callcost ppm mobilesvary max
0,So i could kiss and feel you next to me...,could kiss feel next
0,HI DARLIN I FINISH AT 3 DO U 1 2 PICK ME UP OR MEET ME? TEXT BACK ON THIS NUMBER LUV KATE XXX,hi darlin finish u pick meet text back number luv kate xxx
0,"Doing nothing, then u not having dinner w us?",nothing u dinner w u
0,I am in office:)whats the matter..msg me now.i will call you at break:).,officewhats mattermsg nowi call break
0,K.i did't see you.:)k:)where are you now?,ki didt see youkwhere
0,645,
0,Yes..he is really great..bhaji told kallis best cricketer after sachin in world:).very tough to get out.,yeshe really greatbhaji told kallis best cricketer sachin worldvery tough get
0,Its hard to believe things like this. All can say lie but think twice before saying anything to me.,hard believe thing like say lie think twice saying anything
0,Love it! The girls at the office may wonder why you are smiling but sore...,love girl office may wonder smiling sore
0,No no:)this is kallis home ground.amla home town is durban:),nothis kallis home groundamla home town durban
0,Hey mate. Spoke to the mag people. We‘re on.  the is deliver by the end of the month. Deliver on the 24th sept. Talk later. ,hey mate spoke mag people deliver end month deliver th sept talk later
0,Y ü wan to go there? C doctor?,wan go c doctor
0,Sure! I am driving but will reach my destination soon.,sure driving reach destination soon
0,How's ur paper?,hows ur paper
0,It only does simple arithmetic not percentages.,simple arithmetic percentage
0,Wat's my dear doing? Sleeping ah?,wats dear sleeping ah
0,Lol I would but my mom would have a fit and tell the whole family how crazy and terrible I am,lol would mom would fit tell whole family crazy terrible
0,Can ü all decide faster cos my sis going home liao..,decide faster co si going home liao
0,Have you heard from this week?,heard week
0,Oh Howda gud gud.. Mathe en samachara chikku:-),oh howda gud gud mathe en samachara chikku
0,"Wa, ur openin sentence very formal... Anyway, i'm fine too, juz tt i'm eatin too much n puttin on weight...Haha... So anythin special happened?",wa ur openin sentence formal anyway im fine juz tt im eatin much n puttin weighthaha anythin special happened
1,Get the official ENGLAND poly ringtone or colour flag on yer mobile for tonights game! Text TONE or FLAG to 84199. Optout txt ENG STOP Box39822 W111WX £1.50,get official england poly ringtone colour flag yer mobile tonight game text tone flag optout txt eng stop box wwx
0,Home so we can always chat,home always chat
0,Where wuld I be without my baby? The thought alone mite break me and I dont wanna go crazy but everyboy needs his lady xxxxxxxx,wuld without baby thought alone mite break dont wan na go crazy everyboy need lady xxxxxxxx
0,Do you mind if I ask what happened? You dont have to say if it is uncomfortable.,mind ask happened dont say uncomfortable
0,Rats. Hey did u ever vote for the next themes?,rat hey u ever vote next theme
0,Call him and say you not coming today ok and tell them not to fool me like this ok,call say coming today ok tell fool like ok
0,Hahaha..use your brain dear,hahahause brain dear
0,She ran off with a younger man. we will make pretty babies together :),ran younger man make pretty baby together
0,i am going to bed now prin,going bed prin
0,"Hmph. Go head, big baller.",hmph go head big baller
0,Oh god i am happy to see your message after 3 days,oh god happy see message day
0,Good. No swimsuit allowed :),good swimsuit allowed
0,Aight do you still want to get money,aight still want get money
0,Shall i start from hear.,shall start hear
0,Then why no one talking to me,one talking
0,Cause I'm not freaky lol,cause im freaky lol
0,Realy sorry-i don't recognise this number and am now confused :) who r u please?! ,realy sorryi dont recognise number confused r u please
1,Boltblue tones for 150p Reply POLY# or MONO# eg POLY3 1. Cha Cha Slide 2. Yeah 3. Slow Jamz 6. Toxic 8. Come With Me or STOP 4 more tones txt MORE,boltblue tone p reply poly mono eg poly cha cha slide yeah slow jamz toxic come stop tone txt
0,As in different styles?,different style
0,Aiyar dun disturb u liao... Thk u have lots 2 do aft ur cupboard come...,aiyar dun disturb u liao thk u lot aft ur cupboard come
0,You please give us connection today itself before  &lt;DECIMAL&gt;  or refund the bill,please give u connection today ltdecimalgt refund bill
1,"UpgrdCentre Orange customer, you may now claim your FREE CAMERA PHONE upgrade for your loyalty. Call now on 0207 153 9153. Offer ends 26th July. T&C's apply. Opt-out available",upgrdcentre orange customer may claim free camera phone upgrade loyalty call offer end th july tc apply optout available
1,Kit Strip - you have been billed 150p. Netcollex Ltd. PO Box 1013 IG11 OJA,kit strip billed p netcollex ltd po box ig oja
0,"I'm done. I'm sorry. I hope your next space gives you everything you want. Remember all the furniture is yours. If i'm not around when you move it, just lock all the locks and leave the key with jenne.",im done im sorry hope next space give everything want remember furniture im around move lock lock leave key jenne
0,Lul im gettin some juicy gossip at the hospital. Two nurses are talking about how fat they are gettin. And one thinks shes obese. Oyea.,lul im gettin juicy gossip hospital two nurse talking fat gettin one think shes obese oyea
0,"Yo, I'm at my parents' gettin cash. Good news: we picked up a downstem",yo im parent gettin cash good news picked downstem
0,I wait 4 ü inside da car park...,wait inside da car park
0,"New Theory: Argument wins d SITUATION, but loses the PERSON. So dont argue with ur friends just.. . . . kick them &amp; say, I'm always correct.!",new theory argument win situation loses person dont argue ur friend kick amp say im always correct
0,Bring home some Wendy =D,bring home wendy
0,"Haha yeah, 2 oz is kind of a shitload",haha yeah oz kind shitload
0,I dont know why she.s not getting your messages,dont know shes getting message
1,"Goal! Arsenal 4 (Henry, 7 v Liverpool 2 Henry scores with a simple shot from 6 yards from a pass by Bergkamp to give Arsenal a 2 goal margin after 78 mins.",goal arsenal henry v liverpool henry score simple shot yard pas bergkamp give arsenal goal margin min
0,No. Its not specialisation. Can work but its slave labor. Will look for it this month sha cos no shakara 4 beggar.,specialisation work slave labor look month sha co shakara beggar
0,Thank god they are in bed!,thank god bed
0,"Thk shld b can... Ya, i wana go 4 lessons... Haha, can go for one whole stretch...",thk shld b ya wana go lesson haha go one whole stretch
0,Dhoni have luck to win some big title.so we will win:),dhoni luck win big titleso win
0,But you were together so you should be thinkin about him,together thinkin
0,"Waqt se pehle or naseeb se zyada kisi ko kuch nahi milta,Zindgi wo nahi he jo hum sochte hai Zindgi wo hai jo ham jeetey hai..........",waqt se pehle naseeb se zyada kisi ko kuch nahi miltazindgi wo nahi jo hum sochte hai zindgi wo hai jo ham jeetey hai
1,"SMS. ac JSco: Energy is high, but u may not know where 2channel it. 2day ur leadership skills r strong. Psychic? Reply ANS w/question. End? Reply END JSCO",sm ac jsco energy high u may know channel day ur leadership skill r strong psychic reply an wquestion end reply end jsco
0,Love it! I want to flood that pretty pussy with cum...,love want flood pretty pussy cum
0,Great. So should i send you my account number.,great send account number
0,I need details about that online job.,need detail online job
0,I'm putting it on now. It should be ready for  &lt;TIME&gt; ,im putting ready lttimegt
0,R u saying i should re order the slippers cos i had to pay for returning it.,r u saying order slipper co pay returning
0,"I'm not smoking while people use ""wylie smokes too much"" to justify ruining my shit",im smoking people use wylie smoke much justify ruining shit
0,Huh y lei...,huh lei
0,Can not use foreign stamps in this country. Good lecture .,use foreign stamp country good lecture
0,"Ya, told..she was asking wats matter?",ya toldshe asking wats matter
0,"Yep, the great loxahatchee xmas tree burning of  &lt;#&gt;  starts in an hour",yep great loxahatchee xmas tree burning ltgt start hour
0,I realise you are a busy guy and i'm trying not to be a bother. I have to get some exams outta the way and then try the cars. Do have a gr8 day,realise busy guy im trying bother get exam outta way try car gr day
1,Free Top ringtone -sub to weekly ringtone-get 1st week free-send SUBPOLY to 81618-?3 per week-stop sms-08718727870,free top ringtone sub weekly ringtoneget st week freesend subpoly per weekstop sm
0,Same as kallis dismissial in 2nd test:-).,kallis dismissial nd test
0,No she didnt. I will search online and let you know.,didnt search online let know
1,Loans for any purpose even if you have Bad Credit! Tenants Welcome. Call NoWorriesLoans.com on 08717111821,loan purpose even bad credit tenant welcome call noworriesloanscom
1,"44 7732584351, Do you want a New Nokia 3510i colour phone DeliveredTomorrow? With 300 free minutes to any mobile + 100 free texts + Free Camcorder reply or call 08000930705.",want new nokia colour phone deliveredtomorrow free minute mobile free text free camcorder reply call
0,"Aight, lemme know what's up",aight lem know whats
0,"Just sent you an email – to an address with incomm in it, is that right?",sent email address incomm right
0,Ha... Then we must walk to everywhere... Cannot take tram. My cousin said can walk to vic market from our hotel ,ha must walk everywhere take tram cousin said walk vic market hotel
0,", how's things? Just a quick question.",hows thing quick question
0,Hey tmr meet at bugis 930 ?,hey tmr meet bugis
0,Sry da..jst nw only i came to home..,sry dajst nw came home
0,Dunno y u ask me.,dunno u ask
0,Uhhhhrmm isnt having tb test bad when youre sick,uhhhhrmm isnt tb test bad youre sick
0,I asked sen to come chennai and search for job.,asked sen come chennai search job
0,You best watch what you say cause I get drunk as a motherfucker,best watch say cause get drunk motherfucker
0,"Keep ur problems in ur heart, b'coz nobody will fight for u. Only u &amp; u have to fight for ur self &amp; win the battle. -VIVEKANAND- G 9t.. SD..
ham	Yeah, give me a call if you've got a minute
ham	HI BABE UAWAKE?FEELLIKW SHIT.JUSTFOUND OUT VIA ALETTER THATMUM GOTMARRIED 4thNOV.BEHIND OURBACKS  FUCKINNICE!SELFISH,DEVIOUSBITCH.ANYWAY,IL CALL U""",keep ur problem ur heart bcoz nobody fight u u amp u fight ur self amp win battle vivekanand g sd ham yeah give call youve got minute ham hi babe uawakefeellikw shitjustfound via aletter thatmum gotmarried thnovbehind ourbacks fuckinniceselfishdeviousbitchanywayil call u
0,Ok lor. I'm in town now lei.,ok lor im town lei
0,"Storming msg: Wen u lift d phne, u say ""HELLO"" Do u knw wt is d real meaning of HELLO?? . . . It's d name of a girl..! . . . Yes.. And u knw who is dat girl?? ""Margaret Hello"" She is d girlfrnd f Grahmbell who invnted telphone... . . . . Moral:One can 4get d name of a person, bt not his girlfrnd... G o o d n i g h t . . .@",storming msg wen u lift phne u say hello u knw wt real meaning hello name girl yes u knw dat girl margaret hello girlfrnd f grahmbell invnted telphone moralone get name person bt girlfrnd g n g h
0,Mmmmmmm *snuggles into you* ...*deep contented sigh* ... *whispers* ... I fucking love you so much I can barely stand it ...,mmmmmmm snuggle deep contented sigh whisper fucking love much barely stand
0,Am going to take bath ill place the key in window:-),going take bath ill place key window
0,"Wow ... I love you sooo much, you know ? I can barely stand it ! I wonder how your day goes and if you are well, my love ... I think of you and miss you",wow love sooo much know barely stand wonder day go well love think miss
0,Yavnt tried yet and never played original either,yavnt tried yet never played original either
0,Mark works tomorrow. He gets out at 5. His work is by your house so he can meet u afterwards.,mark work tomorrow get work house meet u afterwards
0,No plans yet. What are you doing ?,plan yet
0,You call him now ok i said call him,call ok said call
0,"Sorry pa, i dont knw who ru pa?",sorry pa dont knw ru pa
0,Eh u send wrongly lar...,eh u send wrongly lar
0,It does it on its own. Most of the time it fixes my spelling. But sometimes it gets a completely diff word. Go figure,time fix spelling sometimes get completely diff word go figure
1,"Fantasy Football is back on your TV. Go to Sky Gamestar on Sky Active and play £250k Dream Team. Scoring starts on Saturday, so register now!SKY OPT OUT to 88088",fantasy football back tv go sky gamestar sky active play k dream team scoring start saturday register nowsky opt
0,Ya! when are ü taking ure practical lessons? I start in june..  ,ya taking ure practical lesson start june
0,My superior telling that friday is leave for all other department except ours:)so it will be leave for you:)any way call waheed fathima hr and conform it:),superior telling friday leave department except oursso leave youany way call waheed fathima hr conform
0,"Night has ended for another day, morning has come in a special way. May you smile like the sunny rays and leaves your worries at the blue blue bay.",night ended another day morning come special way may smile like sunny ray leaf worry blue blue bay
0,How are you doing. How's the queen. Are you going for the royal wedding,hows queen going royal wedding
0,LOL ... Have you made plans for new years?,lol made plan new year
1,No. 1 Nokia Tone 4 ur mob every week! Just txt NOK to 87021. 1st Tone FREE ! so get txtin now and tell ur friends. 150p/tone. 16 reply HL 4info,nokia tone ur mob every week txt nok st tone free get txtin tell ur friend ptone reply hl info
0,How are you. Wish you a great semester,wish great semester
0,Oi. Ami parchi na re. Kicchu kaaj korte iccha korche na. Phone ta tul na. Plz. Plz.,oi ami parchi na kicchu kaaj korte iccha korche na phone ta tul na plz plz
0,I'll talk to the others and probably just come early tomorrow then,ill talk others probably come early tomorrow
0,Not planned yet :)going to join company on jan 5 only.don know what will happen after that.,planned yet going join company jan onlydon know happen
1,Free entry in 2 a weekly comp for a chance to win an ipod. Txt POD to 80182 to get entry (std txt rate) T&C's apply 08452810073 for details 18+,free entry weekly comp chance win ipod txt pod get entry std txt rate tc apply detail
0,I'll text you when I drop x off,ill text drop x
1,"URGENT, IMPORTANT INFORMATION FOR O2 USER. TODAY IS YOUR LUCKY DAY! 2 FIND OUT WHY LOG ONTO HTTP://WWW.URAWINNER.COM THERE IS A FANTASTIC SURPRISE AWAITING FOR YOU",urgent important information user today lucky day find log onto fantastic surprise awaiting
0,Kent vale lor... Ü wait 4 me there ar?,kent vale lor wait ar
0,Aiyar hard 2 type. U later free then tell me then i call n scold n tell u.,aiyar hard type u later free tell call n scold n tell u
0,Just got to  &lt;#&gt;,got ltgt
1,Filthy stories and GIRLS waiting for your,filthy story girl waiting
0,I always chat with you. In fact i need money can you raise me?,always chat fact need money raise
0,Thanx u darlin!im cool thanx. A few bday drinks 2 nite. 2morrow off! Take care c u soon.xxx,thanx u darlinim cool thanx bday drink nite morrow take care c u soonxxx
0,Pete can you please ring meive hardly gotany credit,pete please ring meive hardly gotany credit
0,"G says you never answer your texts, confirm/deny",g say never answer text confirmdeny
0,"Hi hope u r both ok, he said he would text and he hasn't, have u seen him, let me down gently please ",hi hope u r ok said would text hasnt u seen let gently please
1,Txt: CALL to No: 86888 & claim your reward of 3 hours talk time to use from your phone now! Subscribe6GBP/mnth inc 3hrs 16 stop?txtStop www.gamb.tv,txt call claim reward hour talk time use phone subscribegbpmnth inc hr stoptxtstop
0,Huh i cant thk of more oredi how many pages do we have?,huh cant thk oredi many page
0,Eh den sat u book e kb liao huh...,eh den sat u book e kb liao huh
0,"Playin space poker, u?",playin space poker u
0,Wat time ü wan today?,wat time wan today
0,Yes i have. So that's why u texted. Pshew...missing you so much,yes thats u texted pshewmissing much
0,Hi im having the most relaxing time ever! we have to get up at 7am every day! was the party good the other night? I get home tomorrow at 5ish.,hi im relaxing time ever get every day party good night get home tomorrow ish
0,Y so late but i need to go n get da laptop...,late need go n get da laptop
0,No da..today also i forgot..,datoday also forgot
0,U WILL SWITCH YOUR FONE ON DAMMIT!!,u switch fone dammit
0,Ok leave no need to ask,ok leave need ask
1,New TEXTBUDDY Chat 2 horny guys in ur area 4 just 25p Free 2 receive Search postcode or at gaytextbuddy.com. TXT ONE name to 89693,new textbuddy chat horny guy ur area p free receive search postcode gaytextbuddycom txt one name
0,In work now. Going have in few min.,work going min
0,You know my old Dom I told you about yesterday ? His name is Roger? He got in touch with me last night and wants me to meet him today at 2 pm,know old dom told yesterday name roger got touch last night want meet today pm
0,Da is good good player.why he is unsold.,da good good playerwhy unsold
0,Shopping? Eh ger i toking abt syd leh...Haha,shopping eh ger toking abt syd lehhaha
0,Ugh hopefully the asus ppl dont randomly do a reformat.,ugh hopefully asus ppl dont randomly reformat
0,Hurry home u big butt. Hang up on your last caller if u have to. Food is done and I'm starving. Don't ask what I cooked.,hurry home u big butt hang last caller u food done im starving dont ask cooked
0,"Yeah, in fact he just asked if we needed anything like an hour ago. When and how much?",yeah fact asked needed anything like hour ago much
0,Ok... Help me ask if she's working tmr a not?,ok help ask shes working tmr
0,Well at this right I'm gonna have to get up and check today's steam sales/pee so text me when you want me to come get you,well right im gon na get check today steam salespee text want come get
0,"Sorry, left phone upstairs. OK, might be hectic but would be all my birds with one fell swoop. It's a date.",sorry left phone upstairs ok might hectic would bird one fell swoop date
0,Ok i also wan 2 watch e 9 pm show...,ok also wan watch e pm show
0,2marrow only. Wed at  &lt;#&gt;  to 2 aha.,marrow wed ltgt aha
0,"Sorry, went to bed early, nightnight",sorry went bed early nightnight
0,Anything lor... U decide...,anything lor u decide
0,Jokin only lar... :-) depends on which phone my father can get lor...,jokin lar depends phone father get lor
0,Ü say until like dat i dun buy ericsson oso cannot oredi lar...,say like dat dun buy ericsson oso oredi lar
0,S s..first time..dhoni rocks...,sfirst timedhoni rock
1,85233 FREE>Ringtone!Reply REAL,freeringtonereply real
1,Please call our customer service representative on FREEPHONE 0808 145 4742 between 9am-11pm as you have WON a guaranteed £1000 cash or £5000 prize!,please call customer service representative freephone ampm guaranteed cash prize
0,I'm in class. Did you get my text.,im class get text
0,"Aight, I'm chillin in a friend's room so text me when you're on the way",aight im chillin friend room text youre way
1,FreeMsg Hi baby wow just got a new cam moby. Wanna C a hot pic? or Fancy a chat?Im w8in 4uTxt / rply CHAT to 82242 Hlp 08712317606 Msg150p 2rcv,freemsg hi baby wow got new cam moby wan na c hot pic fancy chatim win utxt rply chat hlp msgp rcv
0,Dude we should go sup again,dude go sup
0,It's ok i wun b angry. Msg u aft i come home tonight.,ok wun b angry msg u aft come home tonight
0,Ugh. Gotta drive back to sd from la. My butt is sore.,ugh got ta drive back sd la butt sore
0,Then anything special?,anything special
0,For real tho this sucks. I can't even cook my whole electricity is out. And I'm hungry.,real tho suck cant even cook whole electricity im hungry
0,U still painting ur wall?,u still painting ur wall
0,"Open rebtel with firefox. When it loads just put plus sign in the user name place, and it will show you two numbers. The lower number is my number. Once you pick that number the pin will display okay!",open rebtel firefox load put plus sign user name place show two number lower number number pick number pin display okay
0,Where r e meeting tmr?,r e meeting tmr
0,Thanks for looking out for me. I really appreciate.,thanks looking really appreciate
0,Ok... I din get ur msg...,ok din get ur msg
0,"Dont search love, let love find U. Thats why its called falling in love, bcoz U dont force yourself, U just fall and U know there is smeone to hold U... BSLVYL",dont search love let love find u thats called falling love bcoz u dont force u fall u know smeone hold u bslvyl
0,Good Morning plz call me sir,good morning plz call sir
0,Im done. Just studyn in library,im done studyn library
0,DO NOT B LATE LOVE MUM,b late love mum
0,Come to my home for one last time i wont do anything. Trust me.,come home one last time wont anything trust
0,MY NEW YEARS EVE WAS OK. I WENT TO A PARTY WITH MY BOYFRIEND. WHO IS THIS SI THEN HEY,new year eve ok went party boyfriend si hey
0,"Aight, you close by or still down around alex's place?",aight close still around alexs place
0,Allo! We have braved the buses and taken on the trains and triumphed. I mean we‘re in b‘ham. Have a jolly good rest of week,allo braved bus taken train triumphed mean bham jolly good rest week
0,And I don't plan on staying the night but I prolly won't be back til late,dont plan staying night prolly wont back til late
0,*deep sigh* ... I miss you :-( ... I am really surprised you haven't gone to the net cafe yet to get to me ... Don't you miss me?,deep sigh miss really surprised havent gone net cafe yet get dont miss
0,"K, I might come by tonight then if my class lets out early",k might come tonight class let early
1,"This is the 2nd time we have tried to contact u. U have won the £400 prize. 2 claim is easy, just call 087104711148 NOW! Only 10p per minute. BT-national-rate",nd time tried contact u u prize claim easy call p per minute btnationalrate
0,Yup i thk so until e shop closes lor.,yup thk e shop close lor
0,"Will do, you gonna be at blake's all night? I might be able to get out of here a little early",gon na blake night might able get little early
0,Yes I posted a couple of pics on fb. There's still snow outside too. I'm just waking up :),yes posted couple pic fb there still snow outside im waking
0,Hope youre not having too much fun without me!! see u tomorrow love jess x,hope youre much fun without see u tomorrow love jess x
0,would u fuckin believe it they didnt know i had thurs pre booked off so they re cancelled me AGAIN! that needs to b sacked,would u fuckin believe didnt know thurs pre booked cancelled need b sacked
0,"Easy mate, * guess the quick drink was bit ambitious.",easy mate guess quick drink bit ambitious
0,Fffff. Can you text kadeem or are you too far gone,fffff text kadeem far gone
0,"Hmmm.. Thk sure got time to hop ard... Ya, can go 4 free abt... Muz call u to discuss liao... ",hmmm thk sure got time hop ard ya go free abt muz call u discus liao
0,Pls confirm the time to collect the cheque.,pls confirm time collect cheque
0,Yar else i'll thk of all sorts of funny things.,yar else ill thk sort funny thing
0,It certainly puts things into perspective when something like this happens,certainly put thing perspective something like happens
0,"My sister in law, hope you are having a great month. Just saying hey. Abiola",sister law hope great month saying hey abiola
0,Some of them told accenture is not confirm. Is it true.,told accenture confirm true
0,"Hey there! Glad u r better now. I hear u treated urself to a digi cam, is it good? We r off at 9pm. Have a fab new year, c u in coupla wks!",hey glad u r better hear u treated urself digi cam good r pm fab new year c u coupla wks
0,Am on the uworld site. Am i buying the qbank only or am i buying it with the self assessment also?,uworld site buying qbank buying self assessment also
0,R u meeting da ge at nite tmr?,r u meeting da ge nite tmr
0,How much are we getting?,much getting
0,"Goodmorning, today i am late for  &lt;DECIMAL&gt; min.",goodmorning today late ltdecimalgt min
0,I'm turning off my phone. My moms telling everyone I have cancer. And my sister won't stop calling. It hurts to talk. Can't put up with it. See u when u get home. Love u,im turning phone mom telling everyone cancer sister wont stop calling hurt talk cant put see u u get home love u
0,Good morning princess! How are you?,good morning princess
0,Nope i waiting in sch 4 daddy... ,nope waiting sch daddy
0,Babe ? I lost you ... Will you try rebooting ?,babe lost try rebooting
0,"Miss ya, need ya, want ya, love ya.",miss ya need ya want ya love ya
0,"Ask g or iouri, I've told the story like ten times already",ask g iouri ive told story like ten time already
0,Mmm thats better now i got a roast down me! id b better if i had a few drinks down me 2! Good indian?,mmm thats better got roast id b better drink good indian
0,Yo we are watching a movie on netflix,yo watching movie netflix
0,"As I entered my cabin my PA said, '' Happy B'day Boss !!''. I felt special. She askd me 4 lunch. After lunch she invited me to her apartment. We went there.",entered cabin pa said happy bday bos felt special askd lunch lunch invited apartment went
1,"Rock yr chik. Get 100's of filthy films &XXX pics on yr phone now. rply FILTH to 69669. Saristar Ltd, E14 9YT 08701752560. 450p per 5 days. Stop2 cancel",rock yr chik get filthy film xxx pic yr phone rply filth saristar ltd e yt p per day stop cancel
0,"Got hella gas money, want to go on a grand nature adventure with galileo in a little bit?",got hella gas money want go grand nature adventure galileo little bit
0,Yes we are chatting too.,yes chatting
0,Hiya do u like the hlday pics looked horrible in them so took mo out! Hows the camp Amrca thing? Speak soon Serena:),hiya u like hlday pic looked horrible took mo hows camp amrca thing speak soon serena
0,Wat so late still early mah. Or we juz go 4 dinner lor. Aiya i dunno...,wat late still early mah juz go dinner lor aiya dunno
0,Pls dont forget to study,pls dont forget study
0,"Okey doke. I'm at home, but not dressed cos laying around ill! Speak to you later bout times and stuff. ",okey doke im home dressed co laying around ill speak later bout time stuff
0,Busy here. Trying to finish for new year. I am looking forward to finally meeting you...,busy trying finish new year looking forward finally meeting
0,o turns out i had stereo love on mi phone under the unknown album.,turn stereo love mi phone unknown album
1,Ur ringtone service has changed! 25 Free credits! Go to club4mobiles.com to choose content now! Stop? txt CLUB STOP to 87070. 150p/wk Club4 PO Box1146 MK45 2WT,ur ringtone service changed free credit go clubmobilescom choose content stop txt club stop pwk club po box mk wt
0,"We're all getting worried over here, derek and taylor have already assumed the worst",getting worried derek taylor already assumed worst
1,"LookAtMe!: Thanks for your purchase of a video clip from LookAtMe!, you've been charged 35p. Think you can do better? Why not send a video in a MMSto 32323.",lookatme thanks purchase video clip lookatme youve charged p think better send video mmsto
0,K:)k:)good:)study well.,kkgoodstudy well
0,Already am squatting is the new way of walking,already squatting new way walking
0,S.this will increase the chance of winning.,sthis increase chance winning
0,"No dude, its not fake..my frnds got money, thts y i'm reffering u..if u member wit my mail link, u vl be credited  &lt;#&gt; rs and il be getiing  &lt;#&gt; rs..i can draw my acc wen it is  &lt;#&gt; rs..",dude fakemy frnds got money thts im reffering uif u member wit mail link u vl credited ltgt r il getiing ltgt rsi draw acc wen ltgt r
0,Oh really?? Did you make it on air? What's your talent?,oh really make air whats talent
0,Doing my masters. When will you buy a bb cos i have for sale and how's bf,master buy bb co sale hows bf
0,Oh k :)why you got job then whats up?,oh k got job whats
0,I don wake since. I checked that stuff and saw that its true no available spaces. Pls call the embassy or send a mail to them.,wake since checked stuff saw true available space pls call embassy send mail
0,"OH RITE. WELL IM WITH MY BEST MATE PETE, WHO I WENT OUT WITH 4 A WEEK+ NOW WERE 2GEVA AGAIN. ITS BEEN LONGER THAN A WEEK.",oh rite well im best mate pete went week geva longer week
0,What class of  &lt;#&gt;  reunion?,class ltgt reunion
0,"Oops I did have it,  &lt;#&gt; ?",oops ltgt
0,Wish i were with you now!,wish
0,I'm reaching home in 5 min.,im reaching home min
0,If you're not in my car in an hour and a half I'm going apeshit,youre car hour half im going apeshit
0,I couldn't say no as he is a dying man and I feel sad for him so I will go and I just wanted you to know I would probably be gone late into your night,couldnt say dying man feel sad go wanted know would probably gone late night
0,"Hmmm... Guess we can go 4 kb n power yoga... Haha, dunno we can tahan power yoga anot... Thk got lo oso, forgot liao...",hmmm guess go kb n power yoga haha dunno tahan power yoga anot thk got lo oso forgot liao
0,I thk u dun haf 2 hint in e forum already lor... Cos i told ron n darren is going 2 tell shuhui.,thk u dun haf hint e forum already lor co told ron n darren going tell shuhui
0,Yup ok...,yup ok
0,Oh my God. I'm almost home,oh god im almost home
0,I am in hospital da. . I will return home in evening,hospital da return home evening
0,Message from . I am at Truro Hospital on ext. You can phone me here. as I have a phone by my side,message truro hospital ext phone phone side
1,"If you don't, your prize will go to another customer. T&C at www.t-c.biz 18+ 150p/min Polo Ltd Suite 373 London W1J 6HL Please call back if busy",dont prize go another customer tc pmin polo ltd suite london wj hl please call back busy
0,Mine here like all fr china then so noisy.,mine like fr china noisy
0,Good morning princess! Happy New Year!,good morning princess happy new year
0,HEY MATE! HOWS U HONEY?DID U AVE GOOD HOLIDAY? GIMMI DE GOSS!x,hey mate hows u honeydid u ave good holiday gimmi de gossx
0,Baaaaabe! I misss youuuuu ! Where are you ? I have to go and teach my class at 5 ...,baaaaabe miss youuuuu go teach class
0,You flippin your shit yet?,flippin shit yet
0,Well. You know what i mean. Texting,well know mean texting
0,Its a site to simulate the test. It just gives you very tough questions to test your readiness.,site simulate test give tough question test readiness
1,money!!! you r a lucky winner ! 2 claim your prize text money 2 88600 over £1million to give away ! ppt150x3+normal text rate box403 w1t1jy,money r lucky winner claim prize text money million give away pptxnormal text rate box wtjy
0,Not sure I have the stomach for it ...,sure stomach
0,Oic... Then better quickly go bathe n settle down...,oic better quickly go bathe n settle
0,"When people see my msgs, They think Iam addicted to msging... They are wrong, Bcoz They don\'t know that Iam addicted to my sweet Friends..!! BSLVYL",people see msg think iam addicted msging wrong bcoz dont know iam addicted sweet friend bslvyl
0,Dont gimme that lip caveboy,dont gim lip caveboy
0,Yes. Last  practice,yes last practice
0,At 7 we will go ok na.,go ok na
0,"We are hoping to get away by 7, from Langport. You still up for town tonight?",hoping get away langport still town tonight
0,Oooh bed ridden ey? What are YOU thinking of?,oooh bed ridden ey thinking
0,Thanx...,thanx
0,Oh unintentionally not bad timing. Great. Fingers  the trains play along! Will give fifteen min warning.,oh unintentionally bad timing great finger train play along give fifteen min warning
0,So do you have samus shoulders yet,samus shoulder yet
0,His bday real is in april .,bday real april
0,Will purchase d stuff today and mail to you. Do you have a po box number?,purchase stuff today mail po box number
0,Lol I was gonna last month. I cashed some in but I left &lt;#&gt; just in case. I was collecting more during the week cause they announced it on the blog.,lol gon na last month cashed left ltgt case collecting week cause announced blog
0,I need... Coz i never go before ,need coz never go
0,They have a thread on the wishlist section of the forums where ppl post nitro requests. Start from the last page and collect from the bottom up.,thread wishlist section forum ppl post nitro request start last page collect bottom
0,Wen did you get so spiritual and deep. That's great,wen get spiritual deep thats great
0,I got lousy sleep. I kept waking up every 2 hours to see if my cat wanted to come in. I worry about him when its cold :(,got lousy sleep kept waking every hour see cat wanted come worry cold
0,Hey i've booked the 2 lessons on sun liao...,hey ive booked lesson sun liao
0,To day class is there are no class.,day class class
0,Shuhui has bought ron's present it's a swatch watch...,shuhui bought ron present swatch watch
0,I love your ass! Do you enjoy doggy style? :),love as enjoy doggy style
1,Someone U know has asked our dating service 2 contact you! Cant Guess who? CALL 09058091854 NOW all will be revealed. PO BOX385 M6 6WU,someone u know asked dating service contact cant guess call revealed po box wu
0,You were supposed to wake ME up &gt;:(,supposed wake gt
0,Hope this text meets you smiling. If not then let this text give you a reason to smile. Have a beautiful day.,hope text meet smiling let text give reason smile beautiful day
0,"I just got home babe, are you still awake ?",got home babe still awake
0,I dont know oh. Hopefully this month.,dont know oh hopefully month
0,I'm still looking for a car to buy. And have not gone 4the driving test yet.,im still looking car buy gone driving test yet
0,None of that's happening til you get here though,none thats happening til get though
0,Yes we were outside for like 2 hours. And I called my whole family to wake them up cause it started at 1 am,yes outside like hour called whole family wake cause started
0,Black shirt n blue jeans... I thk i c ü...,black shirt n blue jean thk c
0,"[…] anyway, many good evenings to u! s",anyway many good evening u
0,I wnt to buy a BMW car urgently..its vry urgent.but hv a shortage of  &lt;#&gt; Lacs.there is no source to arng dis amt. &lt;#&gt; lacs..thats my prob,wnt buy bmw car urgentlyits vry urgentbut hv shortage ltgt lacsthere source arng dis amt ltgt lacsthats prob
1,Refused a loan? Secured or Unsecured? Can't get credit? Call free now 0800 195 6669 or text back 'help' & we will!,refused loan secured unsecured cant get credit call free text back help
0,Lol yeah at this point I guess not,lol yeah point guess
0,Got it! It looks scrumptious... daddy wants to eat you all night long!,got look scrumptious daddy want eat night long
0,No prob. I will send to your email.,prob send email
1,25p 4 alfie Moon's Children in need song on ur mob. Tell ur m8s. Txt Tone charity to 8007 for Nokias or Poly charity for polys: zed 08701417012 profit 2 charity.,p alfie moon child need song ur mob tell ur m txt tone charity nokias poly charity polys zed profit charity
0,Are there TA jobs available? Let me know please cos i really need to start working,ta job available let know please co really need start working
1,SMS SERVICES For your inclusive text credits pls gotto www.comuk.net login 3qxj9 unsubscribe with STOP no extra charge help 08702840625 comuk.220cm2 9AE,sm service inclusive text credit pls gotto login qxj unsubscribe stop extra charge help comukcm ae
0,Buzzzz! *grins* Did I buzz your ass? Buzz your chest ? Buzz your cock ? Where do you keep your phone ? Is the vibrator on ? Did you feel it shake ?,buzzzz grin buzz as buzz chest buzz cock keep phone vibrator feel shake
0,Dont think so. It turns off like randomlly within 5min of opening,dont think turn like randomlly within min opening
0,"Well, i'm gonna finish my bath now. Have a good...fine night.",well im gon na finish bath goodfine night
0,Still otside le..u come 2morrow maga..,still otside leu come morrow maga
1,4mths half price Orange line rental & latest camera phones 4 FREE. Had your phone 11mths+? Call MobilesDirect free on 08000938767 to update now! or2stoptxt T&Cs,mths half price orange line rental latest camera phone free phone mths call mobilesdirect free update orstoptxt tc
0,Lol no. U can trust me.,lol u trust
0,MAYBE IF YOU WOKE UP BEFORE FUCKING 3 THIS WOULDN'T BE A PROBLEM.,maybe woke fucking wouldnt problem
0,No da. . Vijay going to talk in jaya tv,da vijay going talk jaya tv
0,Dad says hurry the hell up,dad say hurry hell
0,LOL ... No just was busy,lol busy
0,Haf u eaten? Wat time u wan me 2 come?,haf u eaten wat time u wan come
1,"FREE MESSAGE Activate your 500 FREE Text Messages by replying to this message with the word FREE For terms & conditions, visit www.07781482378.com",free message activate free text message replying message word free term condition visit
0,Good sleep is about rhythm. The person has to establish a rhythm that the body will learn and use. If you want to know more :-),good sleep rhythm person establish rhythm body learn use want know
0,You didnt complete your gist oh.,didnt complete gist oh
0,U reach orchard already? U wan 2 go buy tickets first?,u reach orchard already u wan go buy ticket first
0,I'm done oredi...,im done oredi
0,Studying. But i.ll be free next weekend.,studying ill free next weekend
0,So wats ur opinion abt him and how abt is character?,wats ur opinion abt abt character
0,Sad story of a Man - Last week was my b'day. My Wife did'nt wish me. My Parents forgot n so did my Kids . I went to work. Even my Colleagues did not wish.,sad story man last week bday wife didnt wish parent forgot n kid went work even colleague wish
0,"Hi, Mobile no.  &lt;#&gt;  has added you in their contact list on www.fullonsms.com It s a great place to send free sms to people For more visit fullonsms.com",hi mobile ltgt added contact list great place send free sm people visit fullonsmscom
0,"Urgh, coach hot, smells of chip fat! Thanks again, especially for the duvet (not a predictive text word).",urgh coach hot smell chip fat thanks especially duvet predictive text word
0,Reverse is cheating. That is not mathematics.,reverse cheating mathematics
0,Dude im no longer a pisces. Im an aquarius now.,dude im longer pisces im aquarius
0,Oh god..taken the teeth?is it paining,oh godtaken teethis paining
0,"You aren't coming home between class, right? I need to work out and shower!",arent coming home class right need work shower
0,Yar i wanted 2 scold u yest but late already... I where got zhong se qing you? If u ask me b4 he ask me then i'll go out w u all lor. N u still can act so real.,yar wanted scold u yest late already got zhong se qing u ask b ask ill go w u lor n u still act real
0,Get me out of this dump heap. My mom decided to come to lowes. BORING.,get dump heap mom decided come lowes boring
1,More people are dogging in your area now. Call 09090204448 and join like minded guys. Why not arrange 1 yourself. There's 1 this evening. A£1.50 minAPN LS278BB,people dogging area call join like minded guy arrange there evening minapn lsbb
0,"Haha, just what I was thinkin",haha thinkin
0,"Wow. I never realized that you were so embarassed by your accomodations. I thought you liked it, since i was doing the best i could and you always seemed so happy about ""the cave"". I'm sorry I didn't and don't have more to give. I'm sorry i offered. I'm sorry your room was so embarassing.",wow never realized embarassed accomodations thought liked since best could always seemed happy cave im sorry didnt dont give im sorry offered im sorry room embarassing
0,Actually i'm waiting for 2 weeks when they start putting ad.,actually im waiting week start putting ad
0,I re-met alex nichols from middle school and it turns out he's dealing!,remet alex nichols middle school turn he dealing
1,How about getting in touch with folks waiting for company? Just txt back your NAME and AGE to opt in! Enjoy the community (150p/SMS),getting touch folk waiting company txt back name age opt enjoy community psms
0,You call him and tell now infront of them. Call him now.,call tell infront call
0,Hey i will be late... i'm at amk. Need to drink tea or coffee,hey late im amk need drink tea coffee
0,"Haven't found a way to get another app for your phone, eh ? Will you go to the net cafe ? Did you take that job? Geeee I need you babe. I crave to see you ...",havent found way get another app phone eh go net cafe take job geeee need babe crave see
0,"awesome, how do I deal with the gate? Charles told me last night but, uh, yeah",awesome deal gate charles told last night uh yeah
0,Yeah sure I'll leave in a min,yeah sure ill leave min
0,Your board is working fine. The issue of overheating is also reslove. But still software inst is pending. I will come around 8'o clock.,board working fine issue overheating also reslove still software inst pending come around clock
0,And is there a way you can send shade's stuff to her. And she has been wonderful too.,way send shade stuff wonderful
0,My computer just fried the only essential part we don't keep spares of because my fucking idiot roommates looovvve leaving the thing running on full  &lt;#&gt; /7,computer fried essential part dont keep spare fucking idiot roommate looovvve leaving thing running full ltgt
0,Was it something u ate?,something u ate
0,Yes when is the appt again?,yes appt
0,Should i send you naughty pix? :),send naughty pix
0,I wish u were here. I feel so alone,wish u feel alone
0,Howz that persons story,howz person story
0,Ü thk of wat to eat tonight.,thk wat eat tonight
0,Happy birthday to you....dear.with lots of love.rakhesh NRI,happy birthday youdearwith lot loverakhesh nri
0,"Night sweet, sleep well! I've just been to see The Exorcism of Emily Rose and may never sleep again! Hugs and snogs! ",night sweet sleep well ive see exorcism emily rose may never sleep hug snogs
0,I cant pick the phone right now. Pls send a message,cant pick phone right pls send message
0,Nationwide auto centre (or something like that) on Newport road. I liked them there,nationwide auto centre something like newport road liked
0,get ready to moan and scream :),get ready moan scream
0,He said i look pretty wif long hair wat. But i thk he's cutting quite short 4 me leh.,said look pretty wif long hair wat thk he cutting quite short leh
0,"Whats that coming over the hill..... Is it a monster! Hope you have a great day. Things r going fine here, busy though! ",whats coming hill monster hope great day thing r going fine busy though
0,Every day i use to sleep after  &lt;#&gt;  so only.,every day use sleep ltgt
0,Havent planning to buy later. I check already lido only got 530 show in e afternoon. U finish work already?,havent planning buy later check already lido got show e afternoon u finish work already
0,Dunno lei... I thk mum lazy to go out... I neva ask her yet...,dunno lei thk mum lazy go neva ask yet
0,When you are big..| God will bring success.,big god bring success
0,You in your room? I need a few,room need
1,"Final Chance! Claim ur £150 worth of discount vouchers today! Text YES to 85023 now! SavaMob, member offers mobile! T Cs SavaMob POBOX84, M263UZ. £3.00 Subs 16",final chance claim ur worth discount voucher today text yes savamob member offer mobile c savamob pobox muz sub
1,"XXXMobileMovieClub: To use your credit, click the WAP link in the next txt message or click here>> http://wap. xxxmobilemovieclub.com?n=QJKGIGHJJGCBL",xxxmobilemovieclub use credit click wap link next txt message click xxxmobilemovieclubcomnqjkgighjjgcbl
0,ALRITE SAM ITS NIC JUST CHECKIN THAT THIS IS UR NUMBER-SO IS IT?T.B*,alrite sam nic checkin ur numberso ittb
0,Back in brum! Thanks for putting us up and keeping us all and happy. See you soon ,back brum thanks putting u keeping u happy see soon
0,"you are sweet as well, princess. Please tell me your likes and dislikes in bed...",sweet well princess please tell like dislike bed
1,Reply to win £100 weekly! What professional sport does Tiger Woods play? Send STOP to 87239 to end service,reply win weekly professional sport tiger wood play send stop end service
0, &lt;#&gt;  in mca. But not conform.,ltgt mca conform
0,Ok,ok
0,Okay same with me. Well thanks for the clarification,okay well thanks clarification
0,Ü eatin later but i'm eatin wif my frens now lei... Ü going home first? ,eatin later im eatin wif frens lei going home first
0,"naughty little thought: 'its better to flirt, flirt n flirt, rather than loving someone n gettin hurt, hurt n hurt...:-) Gud nyt",naughty little thought better flirt flirt n flirt rather loving someone n gettin hurt hurt n hurt gud nyt
0,"U need my presnts always bcz U cant mis love. ""jeevithathile irulinae neekunna prakasamanu sneham"" prakasam ennal prabha 'That mns prabha is'LOVE' Got it. Dont mis me....",u need presnts always bcz u cant mi love jeevithathile irulinae neekunna prakasamanu sneham prakasam ennal prabha mn prabha islove got dont mi
0,"As usual..iam fine, happy &amp; doing well..:)",usualiam fine happy amp well
0,Captain is in our room:),captain room
0,Ya it came a while ago,ya came ago
0,Just haven't decided where yet eh ?,havent decided yet eh
0,Hai dear friends... This is my new &amp; present number..:) By Rajitha Raj (Ranju),hai dear friend new amp present number rajitha raj ranju
0,Hey cutie. How goes it? Here in WALES its kinda ok. There is like hills and shit but i still avent killed myself. ,hey cutie go wale kinda ok like hill shit still avent killed
0,"Usf I guess, might as well take 1 car",usf guess might well take car
0,Dun need to use dial up juz open da browser n surf...,dun need use dial juz open da browser n surf
0,Are you still playing with gautham?,still playing gautham
0,"Love isn't a decision, it's a feeling. If we could decide who to love, then, life would be much simpler, but then less magical",love isnt decision feeling could decide love life would much simpler less magical
0,No it's waiting in e car dat's bored wat. Cos wait outside got nothing 2 do. At home can do my stuff or watch tv wat.,waiting e car dat bored wat co wait outside got nothing home stuff watch tv wat
0,"Yeah I think my usual guy's still passed out from last night, if you get ahold of anybody let me know and I'll throw down",yeah think usual guy still passed last night get ahold anybody let know ill throw
0,Ok no prob... I'll come after lunch then...,ok prob ill come lunch
0,Hello! How's you and how did saturday go? I was just texting to see if you'd decided to do anything tomo. Not that i'm trying to invite myself or anything!,hello hows saturday go texting see youd decided anything tomo im trying invite anything
0,But i'll b going 2 sch on mon. My sis need 2 take smth.,ill b going sch mon si need take smth
0,Dont know supports ass and srt i thnk. I think ps3 can play through usb too,dont know support as srt thnk think p play usb
1,"Thank you, winner notified by sms. Good Luck! No future marketing reply STOP to 84122 customer services 08450542832",thank winner notified sm good luck future marketing reply stop customer service
0,Yay can't wait to party together!,yay cant wait party together
0,Yoyyooo u know how to change permissions for a drive in mac. My usb flash drive,yoyyooo u know change permission drive mac usb flash drive
0,Jay's getting really impatient and belligerent,jay getting really impatient belligerent
0,"Watching cartoon, listening music &amp; at eve had to go temple &amp; church.. What about u?",watching cartoon listening music amp eve go temple amp church u
0,This pen thing is beyond a joke. Wont a Biro do? Don't do a masters as can't do this ever again! ,pen thing beyond joke wont biro dont master cant ever
0,New car and house for my parents.:)i have only new job in hand:),new car house parentsi new job hand
0,Oh yes I can speak txt 2 u no! Hmm. Did u get  email?,oh yes speak txt u hmm u get email
0,Cab is available.they pick up and drop at door steps.,cab availablethey pick drop door step
1,"U were outbid by simonwatson5120 on the Shinco DVD Plyr. 2 bid again, visit sms. ac/smsrewards 2 end bid notifications, reply END OUT",u outbid simonwatson shinco dvd plyr bid visit sm acsmsrewards end bid notification reply end
0,I think just yourself …Thanks and see you tomo,think thanks see tomo
1,You have WON a guaranteed £1000 cash or a £2000 prize. To claim yr prize call our customer service representative on 08714712379 between 10am-7pm Cost 10p,guaranteed cash prize claim yr prize call customer service representative ampm cost p
0,"That's what I love to hear :V see you sundayish, then",thats love hear v see sundayish
0,Can ü call me at 10:10 to make sure dat i've woken up...,call make sure dat ive woken
0,make that 3! 4 fucks sake?! x,make fuck sake x
0,That's the way you should stay oh.,thats way stay oh
1,FreeMsg: Fancy a flirt? Reply DATE now & join the UKs fastest growing mobile dating service. Msgs rcvd just 25p to optout txt stop to 83021. Reply DATE now!,freemsg fancy flirt reply date join uk fastest growing mobile dating service msg rcvd p optout txt stop reply date
0,Tessy..pls do me a favor. Pls convey my birthday wishes to Nimya..pls dnt forget it. Today is her birthday Shijas,tessypls favor pls convey birthday wish nimyapls dnt forget today birthday shijas
1,"URGENT! Your Mobile No 07808726822 was awarded a £2,000 Bonus Caller Prize on 02/09/03! This is our 2nd attempt to contact YOU! Call 0871-872-9758 BOX95QU",urgent mobile awarded bonus caller prize nd attempt contact call boxqu
0,U studying in sch or going home? Anyway i'll b going 2 sch later.,u studying sch going home anyway ill b going sch later
1,dating:i have had two of these. Only started after i sent a text to talk sport radio last week. Any connection do you think or coincidence?,datingi two started sent text talk sport radio last week connection think coincidence
0,Have you got Xmas radio times. If not i will get it now,got xmas radio time get
0,You bad girl. I can still remember them,bad girl still remember
0,"Well, I meant as opposed to my drunken night of before",well meant opposed drunken night
0,"Its ok, called mom instead have fun",ok called mom instead fun
0,Don't fret. I'll buy the ovulation test strips and send them to you. You wont get them til like march. Can you send me your postal address.u'll be alright.Okay.,dont fret ill buy ovulation test strip send wont get til like march send postal addressull alrightokay
0,It took Mr owl 3 licks,took mr owl lick
0,Hi:)did you asked to waheeda fathima about leave?,hidid asked waheeda fathima leave
0,Quite ok but a bit ex... U better go eat smth now else i'll feel guilty...,quite ok bit ex u better go eat smth else ill feel guilty
0,am up to my eyes in philosophy,eye philosophy
0,Its like that hotel dusk game i think. You solve puzzles in a area thing,like hotel dusk game think solve puzzle area thing
0,Really good:)dhanush rocks once again:),really gooddhanush rock
0,Dude just saw a parked car with its sunroof popped up. Sux,dude saw parked car sunroof popped sux
0,I know she called me,know called
0,"Okey dokey, i‘ll be over in a bit just sorting some stuff out.",okey dokey ill bit sorting stuff
0,Dunno he jus say go lido. Same time 930.,dunno jus say go lido time
0,Are you coming to day for class.,coming day class
0,Why you keeping me away like this,keeping away like
0,I don't quite know what to do. I still can't get hold of anyone. I cud pick you up bout 7.30pm and we can see if they're in the pub?,dont quite know still cant get hold anyone cud pick bout pm see theyre pub
0,Kind of. Took it to garage. Centre part of exhaust needs replacing. Part ordered n taking it to be fixed tomo morning.,kind took garage centre part exhaust need replacing part ordered n taking fixed tomo morning
0,Did you try making another butt.,try making another butt
0,No that just means you have a fat head,mean fat head
0,I not free today i haf 2 pick my parents up tonite...,free today haf pick parent tonite
0,Just wait till end of march when el nino gets himself. Oh.,wait till end march el nino get oh
0,Wake me up at  &lt;#&gt;  am morning:),wake ltgt morning
0,Yes. It's all innocent fun. O:-),yes innocent fun
0,Play w computer? Aiyah i tok 2 u lor?,play w computer aiyah tok u lor
0,Come to mahal bus stop.. &lt;DECIMAL&gt;,come mahal bus stop ltdecimalgt
0,S now only i took tablets . Reaction morning only.,took tablet reaction morning
0,"I dont knw pa, i just drink milk..",dont knw pa drink milk
0,About  &lt;#&gt; bucks. The banks fees are fixed. Better to call the bank and find out.,ltgt buck bank fee fixed better call bank find
0,"K, can that happen tonight?",k happen tonight
0,"4 tacos + 1 rajas burrito, right?",taco raja burrito right
0,"Sun cant come to earth but send luv as rays. cloud cant come to river but send luv as rain. I cant come to meet U, but can send my care as msg to U. Gud evng",sun cant come earth send luv ray cloud cant come river send luv rain cant come meet u send care msg u gud evng
0,Another month. I need chocolate weed and alcohol.,another month need chocolate weed alcohol
0,I cant keep talking to people if am not sure i can pay them if they agree to price. So pls tell me what you want to really buy and how much you are willing to pay,cant keep talking people sure pay agree price pls tell want really buy much willing pay
0,Oops my phone died and I didn't even know. Yeah I like it better.,oops phone died didnt even know yeah like better
0,Ultimately tor motive tui achieve korli.,ultimately tor motive tui achieve korli
0,Today am going to college so am not able to atten the class.,today going college able atten class
0,I wil be there with in  &lt;#&gt;  minutes. Got any space,wil ltgt minute got space
0,Ü predict wat time ü'll finish buying?,predict wat time finish buying
0,Once free call me sir.,free call sir
1,"Will u meet ur dream partner soon? Is ur career off 2 a flyng start? 2 find out free, txt HORO followed by ur star sign, e. g. HORO ARIES",u meet ur dream partner soon ur career flyng start find free txt horo followed ur star sign e g horo aries
1,Congrats! Nokia 3650 video camera phone is your Call 09066382422 Calls cost 150ppm Ave call 3mins vary from mobiles 16+ Close 300603 post BCM4284 Ldn WC1N3XX,congrats nokia video camera phone call call cost ppm ave call min vary mobile close post bcm ldn wcnxx
0,Can. Dunno wat to get 4 her...,dunno wat get
0,Can u look 4 me in da lib i got stuff havent finish yet.,u look da lib got stuff havent finish yet
0,Y bishan lei... I tot ü say lavender? ,bishan lei tot say lavender
0,Ok. How many should i buy.,ok many buy
1,Dear Subscriber ur draw 4 £100 gift voucher will b entered on receipt of a correct ans. When was Elvis Presleys Birthday? TXT answer to 80062,dear subscriber ur draw gift voucher b entered receipt correct an elvis presley birthday txt answer
0,here is my new address -apples&pairs&all that malarky,new address applespairsall malarky
0,Anyway i'm going shopping on my own now. Cos my sis not done yet. Dun disturb u liao.,anyway im going shopping co si done yet dun disturb u liao
0,Jay says that you're a double-faggot,jay say youre doublefaggot
0,Oh baby of the house. How come you dont have any new pictures on facebook,oh baby house come dont new picture facebook
0,"I am in tirupur da, once you started from office call me.",tirupur da started office call
0,U having lunch alone? I now so bored...,u lunch alone bored
1,Marvel Mobile Play the official Ultimate Spider-man game (£4.50) on ur mobile right now. Text SPIDER to 83338 for the game & we ll send u a FREE 8Ball wallpaper,marvel mobile play official ultimate spiderman game ur mobile right text spider game send u free ball wallpaper
1,network operator. The service is free. For T & C's visit 80488.biz,network operator service free c visit biz
0,Hurry home. Soup is DONE!,hurry home soup done
0,I like to talk pa but am not able to. I dont know y.,like talk pa able dont know
0,This is my number by vivek..,number vivek
0,Yeah that's the impression I got,yeah thats impression got
0,U call me alter at 11 ok.,u call alter ok
0,Your dad is back in ph?,dad back ph
0,Okie but i scared u say i fat... Then u dun wan me already...,okie scared u say fat u dun wan already
0,Go chase after her and run her over while she's crossing the street,go chase run shes crossing street
0,I think it's all still in my car,think still car
0,Sorry i din lock my keypad.,sorry din lock keypad
0,Having lunch:)you are not in online?why?,lunchyou onlinewhy
0,You need to get up. Now.,need get
0,"Yar lor he wan 2 go c horse racing today mah, so eat earlier lor. I ate chicken rice. U?",yar lor wan go c horse racing today mah eat earlier lor ate chicken rice u
0,Now project pa. After that only i can come.,project pa come
0,Hey u still at the gym?,hey u still gym
0,No go. No openings for that room 'til after thanksgiving without an upcharge.,go opening room til thanksgiving without upcharge
0,Oh yeah! And my diet just flew out the window,oh yeah diet flew window
0,Those cocksuckers. If it makes you feel better ipads are worthless garbage novelty items and you should feel bad for even wanting one,cocksucker make feel better ipads worthless garbage novelty item feel bad even wanting one
0,Hey what how about your project. Started aha da.,hey project started aha da
0,Great. Have a safe trip. Dont panic surrender all.,great safe trip dont panic surrender
0,I.ll post her out l8r. In class,ill post lr class
0,"Hmm, too many of them unfortunately... Pics obviously arent hot cakes. Its kinda fun tho",hmm many unfortunately pic obviously arent hot cake kinda fun tho
0,"Yeah, that's fine! It's £6 to get in, is that ok? ",yeah thats fine get ok
0,Cool. So how come you havent been wined and dined before?,cool come havent wined dined
0,"Can meh? Thgt some will clash... Really ah, i dun mind... I dun seen to have lost any weight... Gee...",meh thgt clash really ah dun mind dun seen lost weight gee
0,Am not working but am up to eyes in philosophy so will text u later when a bit more free for chat...,working eye philosophy text u later bit free chat
0,I HAVE A DATE ON SUNDAY WITH WILL!!,date sunday
0,Mind blastin.. No more Tsunamis will occur from now on.. Rajnikant stopped swimming in Indian Ocean..:-D,mind blastin tsunami occur rajnikant stopped swimming indian oceand
0,* Was thinking about chuckin ur red green n black trainners 2 save carryin them bac on train,thinking chuckin ur red green n black trainners save carryin bac train
0,Ummmmmaah Many many happy returns of d day my dear sweet heart.. HAPPY BIRTHDAY dear,ummmmmaah many many happy return day dear sweet heart happy birthday dear
0,I'll probably be by tomorrow (or even later tonight if something's going on),ill probably tomorrow even later tonight somethings going
0,So i asked how's anthony. Dad. And your bf,asked hows anthony dad bf
0,Are you ok. What happen to behave like this,ok happen behave like
1,Free tones Hope you enjoyed your new content. text stop to 61610 to unsubscribe. help:08712400602450p Provided by tones2you.co.uk,free tone hope enjoyed new content text stop unsubscribe helpp provided tonesyoucouk
0,R u here yet? I'm wearing blue shirt n black pants.,r u yet im wearing blue shirt n black pant
0,I fetch yun or u fetch?,fetch yun u fetch
0,"Sorry, I'll call later ok bye",sorry ill call later ok bye
0,"Thank you. And by the way, I just lost.",thank way lost
0,That's one of the issues but california is okay. No snow so its manageable,thats one issue california okay snow manageable
0,How is it possible to teach you. And where.,possible teach
0,You are right. Meanwhile how's project twins comin up,right meanwhile hows project twin comin
1,You have won a guaranteed 32000 award or maybe even £1000 cash to claim ur award call free on 0800 ..... (18+). Its a legitimat efreefone number wat do u think???,guaranteed award maybe even cash claim ur award call free legitimat efreefone number wat u think
0,hows my favourite person today? r u workin hard? couldn't sleep again last nite nearly rang u at 4.30,hows favourite person today r u workin hard couldnt sleep last nite nearly rang u
0,"A famous quote : when you develop the ability to listen to 'anything' unconditionally without losing your temper or self confidence, it means you are ......... 'MARRIED'",famous quote develop ability listen anything unconditionally without losing temper self confidence mean married
0,Its a valentine game. . . send dis msg to all ur friends. . If 5 answers r d same then someone really loves u. . Ques- which colour suits me the best?,valentine game send dis msg ur friend answer r someone really love u ques colour suit best
0,How will I creep on you now? ;_;,creep
1,Sunshine Quiz! Win a super Sony DVD recorder if you canname the capital of Australia? Text MQUIZ to 82277. B,sunshine quiz win super sony dvd recorder canname capital australia text mquiz b
0,Dunno dat's wat he told me. Ok lor...,dunno dat wat told ok lor
0,I'm also came to room.,im also came room
0,Thanks. Fills me with complete calm and reassurance! ,thanks fill complete calm reassurance
0,Hello. They are going to the village pub at 8 so either come here or there accordingly. Ok?,hello going village pub either come accordingly ok
0,Hi' Test on  &lt;#&gt; rd ....,hi test ltgt rd
0,"Somewhr someone is surely made 4 u. And God has decided a perfect time to make u meet dat person. . . . till den, . . . . . Enjoy ur crushes..!!!;-)",somewhr someone surely made u god decided perfect time make u meet dat person till den enjoy ur crush
0,"I sent my scores to sophas and i had to do secondary application for a few schools. I think if you are thinking of applying, do a research on cost also. Contact joke ogunrinde, her school is one me the less expensive ones",sent score sophas secondary application school think thinking applying research cost also contact joke ogunrinde school one less expensive one
0,"It doesnt make sense to take it there unless its free. If you need to know more, wikipedia.com",doesnt make sense take unless free need know wikipediacom
0,What i told before i tell. Stupid hear after i wont tell anything to you. You dad called to my brother and spoken. Not with me.,told tell stupid hear wont tell anything dad called brother spoken
1,"tddnewsletter@emc1.co.uk (More games from TheDailyDraw) Dear Helen, Dozens of Free Games - with great prizesWith..",game thedailydraw dear helen dozen free game great prizeswith
0,"Mah b, I'll pick it up tomorrow",mah b ill pick tomorrow
0,"Have a lovely night and when you wake up to see this message, i hope you smile knowing all is as should be. Have a great morning",lovely night wake see message hope smile knowing great morning
0,Hiya. How was last night? I've been naughty and bought myself clothes and very little ... Ready for more shopping tho! What kind of time do you wanna meet?,hiya last night ive naughty bought clothes little ready shopping tho kind time wan na meet
0,Get down in gandhipuram and walk to cross cut road. Right side &lt;#&gt; street road and turn at first right.,get gandhipuram walk cross cut road right side ltgt street road turn first right
0,"CAN I PLEASE COME UP NOW IMIN TOWN.DONTMATTER IF URGOIN OUTL8R,JUST REALLYNEED 2DOCD.PLEASE DONTPLEASE DONTIGNORE MYCALLS,U NO THECD ISV.IMPORTANT TOME 4 2MORO",please come imin towndontmatter urgoin outlrjust reallyneed docdplease dontplease dontignore mycallsu thecd isvimportant tome moro
0,Gudnite....tc...practice going on,gudnitetcpractice going
0,"Okies... I'll go yan jiu too... We can skip ard oso, go cine den go mrt one, blah blah blah... ",okies ill go yan jiu skip ard oso go cine den go mrt one blah blah blah
0,Hi da:)how is the todays class?,hi dahow today class
0,Wot is u up 2 then bitch?,wot u bitch
0,"Aight, we'll head out in a few",aight well head
0,So that takes away some money worries,take away money worry
1,SMS. ac Sptv: The New Jersey Devils and the Detroit Red Wings play Ice Hockey. Correct or Incorrect? End? Reply END SPTV,sm ac sptv new jersey devil detroit red wing play ice hockey correct incorrect end reply end sptv
0,Hey no I ad a crap nite was borin without ya 2 boggy with me u boring biatch! Thanx but u wait til nxt time il ave ya ,hey ad crap nite borin without ya boggy u boring biatch thanx u wait til nxt time il ave ya
0,U're welcome... Caught u using broken english again...,ure welcome caught u using broken english
0,Much better now thanks lol,much better thanks lol
0,Merry christmas to u too annie!,merry christmas u annie
0,I sent you  &lt;#&gt;  bucks,sent ltgt buck
0,I'm wif him now buying tix lar...,im wif buying tix lar
0,Or I guess  &lt;#&gt;  min,guess ltgt min
0,Lolnice. I went from a fish to ..water.?,lolnice went fish water
0,Dude got a haircut. Now its breezy up there,dude got haircut breezy
0,For me the love should start with attraction.i should feel that I need her every time around me.she should be the first thing which comes in my thoughts.I would start the day and end it with her.she should be there every time I dream.love will be then when my every breath has her name.my life should happen around her.my life will be named to her.I would cry for her.will give all my happiness and take all her sorrows.I will be ready to fight with anyone for her.I will be in love when I will be doing the craziest things for her.love will be when I don't have to proove anyone that my girl is the most beautiful lady on the whole planet.I will always be singing praises for her.love will be when I start up making chicken curry and end up makiing sambar.life will be the most beautiful then.will get every morning and thank god for the day because she is with me.I would like to say a lot..will tell later..,love start attractioni feel need every time around meshe first thing come thoughtsi would start day end hershe every time dreamlove every breath namemy life happen around hermy life named heri would cry herwill give happiness take sorrowsi ready fight anyone heri love craziest thing herlove dont proove anyone girl beautiful lady whole planeti always singing praise herlove start making chicken curry end makiing sambarlife beautiful thenwill get every morning thank god day mei would like say lotwill tell later
0,* Thought I didn't see you.,thought didnt see
0,Speak only when you feel your words are better than the silence... Gud mrng:-),speak feel word better silence gud mrng
0,"Isn't frnd a necesity in life? imagine urself witout a frnd.. hw'd u feel at ur colleg? wat'll u do wth ur cell? wat abt functions? thnk abt events espe'll cared, missed &amp; irritated u? 4wrd it to all those dear-loving frnds wthout whom u cant live.. I jst did it.. Takecare..:) GOODMORNING",isnt frnd necesity life imagine urself witout frnd hwd u feel ur colleg watll u wth ur cell wat abt function thnk abt event espell cared missed amp irritated u wrd dearloving frnds wthout u cant live jst takecare goodmorning
0,Yar lor... How u noe? U used dat route too?,yar lor u noe u used dat route
0,Networking job is there.,networking job
0,"That's very rude, you on campus?",thats rude campus
0,"Just so that you know,yetunde hasn't sent money yet. I just sent her a text not to bother sending. So its over, you dont have to involve yourself in anything. I shouldn't have imposed anything on you in the first place so for that, i apologise.",knowyetunde hasnt sent money yet sent text bother sending dont involve anything shouldnt imposed anything first place apologise
0,No need to ke qi... Ü too bored izzit y suddenly thk of this...,need ke qi bored izzit suddenly thk
0,Just buy a pizza. Meat lovers or supreme. U get to pick.,buy pizza meat lover supreme u get pick
0,Alright i have a new goal now,alright new goal
0,Theyre doing it to lots of places. Only hospitals and medical places are safe.,theyre lot place hospital medical place safe
0,O ic lol. Should play 9 doors sometime yo,ic lol play door sometime yo
0,I'm in office now da:)where are you?,im office dawhere
1,"For your chance to WIN a FREE Bluetooth Headset then simply reply back with ""ADP""",chance win free bluetooth headset simply reply back adp
0,"Beautiful tomorrow never comes.. When it comes, it's already TODAY.. In the hunt of beautiful tomorrow don't waste your wonderful TODAY.. GOODMORNING:)",beautiful tomorrow never come come already today hunt beautiful tomorrow dont waste wonderful today goodmorning
0,K...k:)why cant you come here and search job:),kkwhy cant come search job
0,That's y we haf to combine n c how lor...,thats haf combine n c lor
1,"URGENT! Your Mobile No. was awarded £2000 Bonus Caller Prize on 5/9/03 This is our final try to contact U! Call from Landline 09064019788 BOX42WR29C, 150PPM",urgent mobile awarded bonus caller prize final try contact u call landline boxwrc ppm
0,Cant think of anyone with * spare room off * top of my head,cant think anyone spare room top head
0,Aaooooright are you at work?,aaooooright work
1,tells u 2 call 09066358152 to claim £5000 prize. U have 2 enter all ur mobile & personal details @ the prompts. Careful!,tell u call claim prize u enter ur mobile personal detail prompt careful
0,"Tunji, how's the queen? how are you doing. This is just wishing you a great day. Abiola.",tunji hows queen wishing great day abiola
1,We tried to contact you re your reply to our offer of a Video Handset? 750 anytime any networks mins? UNLIMITED TEXT? Camcorder? Reply or call 08000930705 NOW,tried contact reply offer video handset anytime network min unlimited text camcorder reply call
0,S:-)kallis wont play in first two odi:-),skallis wont play first two odi
1,"URGENT! Your mobile No *********** WON a £2,000 Bonus Caller Prize on 02/06/03! This is the 2nd attempt to reach YOU! Call 09066362220 ASAP! BOX97N7QP, 150ppm",urgent mobile bonus caller prize nd attempt reach call asap boxnqp ppm
0,"Dear Sir,Salam Alaikkum.Pride and Pleasure meeting you today at the Tea Shop.We are pleased to send you our contact number at Qatar.Rakhesh an Indian.Pls save our Number.Respectful Regards.",dear sirsalam alaikkumpride pleasure meeting today tea shopwe pleased send contact number qatarrakhesh indianpls save numberrespectful regard
0,Ok can...,ok
0,Hey gals...U all wanna meet 4 dinner at nìte? ,hey galsu wan na meet dinner nte
0,My love ... I hope your not doing anything drastic. Don't you dare sell your pc or your phone ...,love hope anything drastic dont dare sell pc phone
0,My sister cleared two round in birla soft yesterday.,sister cleared two round birla soft yesterday
0,I will send them to your email. Do you mind  &lt;#&gt;  times per night?,send email mind ltgt time per night
0,I sent your maga that money yesterday oh.,sent maga money yesterday oh
0,"Ok. Can be later showing around 8-8:30 if you want + cld have drink before. Wld prefer not to spend money on nosh if you don't mind, as doing that nxt wk.",ok later showing around want cld drink wld prefer spend money nosh dont mind nxt wk
0,Dad went out oredi... ,dad went oredi
1,PRIVATE! Your 2003 Account Statement for 078,private account statement
0,Is xy in ur car when u picking me up?,xy ur car u picking
0,Just taste fish curry :-P,taste fish curry p
0,In which place i can get rooms cheap:-),place get room cheap
0,Ok lor... But buy wat?,ok lor buy wat
0,"Call me. I m unable to cal. Lets meet bhaskar, and deep",call unable cal let meet bhaskar deep
0,"Yeah, I'll leave in a couple minutes &amp; let you know when I get to mu",yeah ill leave couple minute amp let know get mu
0,Then why you came to hostel.,came hostel
0,I will reach ur home in  &lt;#&gt;  minutes,reach ur home ltgt minute
0,Have you been practising your curtsey?,practising curtsey
0,You have registered Sinco as Payee. Log in at icicibank.com and enter URN  &lt;#&gt;  to confirm. Beware of frauds. Do NOT share or disclose URN to anyone.,registered sinco payee log icicibankcom enter urn ltgt confirm beware fraud share disclose urn anyone
1,"Got what it takes 2 take part in the WRC Rally in Oz? U can with Lucozade Energy! Text RALLY LE to 61200 (25p), see packs or lucozade.co.uk/wrc & itcould be u!",got take take part wrc rally oz u lucozade energy text rally le p see pack lucozadecoukwrc itcould u
0,"I'd say that's a good sign but, well, you know my track record at reading women",id say thats good sign well know track record reading woman
0,"How's my loverboy doing ? What does he do that keeps him from coming to his Queen, hmmm ? Doesn't he ache to speak to me ? Miss me desparately ?",hows loverboy keep coming queen hmmm doesnt ache speak miss desparately
0,"He is impossible to argue with and he always treats me like his sub, like he never released me ... Which he did and I will remind him of that if necessary",impossible argue always treat like sub like never released remind necessary
0,Takin a shower now but yeah I'll leave when I'm done,takin shower yeah ill leave im done
0,Oh ya ya. I remember da. .,oh ya ya remember da
0,Anyway seriously hit me up when you're back because otherwise I have to light up with armand and he always has shit and/or is vomiting,anyway seriously hit youre back otherwise light armand always shit andor vomiting
0,I jus reached home. I go bathe first. But my sis using net tell u when she finishes k...,jus reached home go bathe first si using net tell u finish k
0,"Ok that would b lovely, if u r sure. Think about wot u want to do, drinkin, dancin, eatin, cinema, in, out, about... Up to u! Wot about ? ",ok would b lovely u r sure think wot u want drinkin dancin eatin cinema u wot
0,"Hiya , have u been paying money into my account? If so, thanks. Got a pleasant surprise when i checked my balance -u c, i don't get statements 4 that acc",hiya u paying money account thanks got pleasant surprise checked balance u c dont get statement acc
0,Nobody names their penis a girls name this story doesn't add up at all,nobody name penis girl name story doesnt add
0,"Hey babe, sorry i didn't get sooner. Gary can come and fix it cause he thinks he knows what it is but he doesn't go as far a Ptbo and he says it will cost  &lt;#&gt;  bucks. I don't know if it might be cheaper to find someone there ? We don't have any second hand machines at all right now, let me know what you want to do babe",hey babe sorry didnt get sooner gary come fix cause think know doesnt go far ptbo say cost ltgt buck dont know might cheaper find someone dont second hand machine right let know want babe
0,THING R GOOD THANX GOT EXAMS IN MARCH IVE DONE NO REVISION? IS FRAN STILL WITH BOYF? IVE GOTTA INTERVIW 4 EXETER BIT WORRIED!x,thing r good thanx got exam march ive done revision fran still boyf ive got ta interviw exeter bit worriedx
0,&lt;#&gt; ISH MINUTES WAS 5 MINUTES AGO. WTF.,ltgt ish minute minute ago wtf
0,Dear i have reache room,dear reache room
0,I did. One slice and one breadstick. Lol,one slice one breadstick lol
0,For many things its an antibiotic and it can be used for chest abdomen and gynae infections even bone infections.,many thing antibiotic used chest abdomen gynae infection even bone infection
0,Sorry da thangam.it's my mistake.,sorry da thangamits mistake
0,"If we hit it off, you can move in with me :)",hit move
0,Package all your programs well,package program well
1,"You have won ?1,000 cash or a ?2,000 prize! To claim, call09050000327. T&C: RSTM, SW7 3SS. 150ppm",cash prize claim call tc rstm sw s ppm
1,it to 80488. Your 500 free text messages are valid until 31 December 2005.,free text message valid december
1,"Dear Voucher Holder, To claim this weeks offer, at your PC please go to http://www.wtlp.co.uk/text. Ts&Cs apply.",dear voucher holder claim week offer pc please go tscs apply
0,"My mobile number.pls sms ur mail id.convey regards to achan,amma.Rakhesh.Qatar",mobile numberpls sm ur mail idconvey regard achanammarakheshqatar
0,I just really need shit before tomorrow and I know you won't be awake before like 6,really need shit tomorrow know wont awake like
0,Oh k.i think most of wi and nz players unsold.,oh ki think wi nz player unsold
1,PRIVATE! Your 2003 Account Statement for shows 800 un-redeemed S. I. M. points. Call 08718738002 Identifier Code: 48922 Expires 21/11/04,private account statement show unredeemed point call identifier code expires
1,"Congrats! 2 mobile 3G Videophones R yours. call 09061744553 now! videochat wid ur mates, play java games, Dload polyH music, noline rentl. bx420. ip4. 5we. 150pm",congrats mobile g videophones r call videochat wid ur mate play java game dload polyh music noline rentl bx ip pm
0,Booked ticket for pongal?,booked ticket pongal
1,UR awarded a City Break and could WIN a £200 Summer Shopping spree every WK. Txt STORE to 88039 . SkilGme. TsCs087147403231Winawk!Age16 £1.50perWKsub,ur awarded city break could win summer shopping spree every wk txt store skilgme tscswinawkage perwksub
0,K k pa Had your lunch aha.,k k pa lunch aha
0,"I didnt get ur full msg..sometext is missing, send it again",didnt get ur full msgsometext missing send
0,Dont think you need yellow card for uk travel. Ask someone that has gone before. If you do its just  &lt;#&gt; bucks,dont think need yellow card uk travel ask someone gone ltgt buck
0,You said not now. No problem. When you can. Let me know.,said problem let know
0,Ü go home liao? Ask dad to pick me up at 6...,go home liao ask dad pick
0,Will do. Was exhausted on train this morning. Too much wine and pie. You sleep well too,exhausted train morning much wine pie sleep well
0,LOL what happens in Vegas stays in vegas,lol happens vega stay vega
0,"No we put party 7 days a week and study lightly, I think we need to draw in some custom checkboxes so they know we're hardcore",put party day week study lightly think need draw custom checkboxes know hardcore
0,Ard 530 lor. I ok then message ü lor.,ard lor ok message lor
0,I'm not coming home 4 dinner.,im coming home dinner
0,Ok which your another number,ok another number
0,Surly ill give it to you:-) while coming to review.,surly ill give coming review
0,Are you planning to come chennai?,planning come chennai
0,"Er, hello, things didn‘t quite go to plan – is limping slowly home followed by aa and with exhaust hanging off",er hello thing didnt quite go plan limping slowly home followed aa exhaust hanging
0,U definitely need a module from e humanities dis sem izzit? U wan 2 take other modules 1st?,u definitely need module e humanity dis sem izzit u wan take module st
1,Double your mins & txts on Orange or 1/2 price linerental - Motorola and SonyEricsson with B/Tooth FREE-Nokia FREE Call MobileUpd8 on 08000839402 or2optout/HV9D,double min txts orange price linerental motorola sonyericsson btooth freenokia free call mobileupd oroptouthvd
0,Easy ah?sen got selected means its good..,easy ahsen got selected mean good
0,Not yet had..ya sapna aunty manege y'day hogidhe..chinnu full weak and swalpa black agidhane..,yet hadya sapna aunty manege yday hogidhechinnu full weak swalpa black agidhane
0,Teach me apps da. When you come to college.,teach apps da come college
1,"This is the 2nd time we have tried 2 contact u. U have won the 750 Pound prize. 2 claim is easy, call 08712101358 NOW! Only 10p per min. BT-national-rate",nd time tried contact u u pound prize claim easy call p per min btnationalrate
0,Thanks for being there for me just to talk to on saturday. You are very dear to me. I cherish having you as a brother and role model.,thanks talk saturday dear cherish brother role model
0,"Multiply the numbers independently and count decimal points then, for the division, push the decimal places like i showed you.",multiply number independently count decimal point division push decimal place like showed
1,Warner Village 83118 C Colin Farrell in SWAT this wkend @Warner Village & get 1 free med. Popcorn!Just show msg+ticket@kiosk.Valid 4-7/12. C t&c @kiosk. Reply SONY 4 mre film offers,warner village c colin farrell swat wkend warner village get free med popcornjust show c tc kiosk reply sony mre film offer
0,No..its ful of song lyrics..,noits ful song lyric
0,"No dice, art class 6 thru 9 :( thanks though. Any idea what time I should come tomorrow?",dice art class thru thanks though idea time come tomorrow
0,Noooooooo please. Last thing I need is stress. For once in your life be fair.,noooooooo please last thing need stress life fair
1,"URGENT! Your mobile was awarded a £1,500 Bonus Caller Prize on 27/6/03. Our final attempt 2 contact U! Call 08714714011",urgent mobile awarded bonus caller prize final attempt contact u call
0,Was actually about to send you a reminder today. Have a wonderful weekend,actually send reminder today wonderful weekend
0,If you are not coughing then its nothing,coughing nothing
0,Shall i ask one thing if you dont mistake me.,shall ask one thing dont mistake
0,Actually i deleted my old website..now i m blogging at magicalsongs.blogspot.com,actually deleted old websitenow blogging magicalsongsblogspotcom
0,No plm i will come da. On the way.,plm come da way
0,Boo what time u get out? U were supposed to take me shopping today. :(,boo time u get u supposed take shopping today
0,Hi babe its me thanks for coming even though it didnt go that well!i just wanted my bed! Hope to see you soon love and kisses xxx,hi babe thanks coming even though didnt go welli wanted bed hope see soon love kiss xxx
0,"Actually fuck that, just do whatever, do find an excuse to be in tampa at some point before january though",actually fuck whatever find excuse tampa point january though
0,meet you in corporation st outside gap … you can see how my mind is working!,meet corporation st outside gap see mind working
0,"Gud gud..k, chikku tke care.. sleep well gud nyt",gud gudk chikku tke care sleep well gud nyt
0,I could ask carlos if we could get more if anybody else can chip in,could ask carlos could get anybody else chip
0,Ok lor...,ok lor
0,Do u noe how 2 send files between 2 computers?,u noe send file computer
0,Yup bathe liao...,yup bathe liao
0,"You at mu? You should try to figure out how much money everyone has for gas and alcohol, jay and I are trying to figure out our weed budget",mu try figure much money everyone gas alcohol jay trying figure weed budget
0,"(I should add that I don't really care and if you can't I can at least get this dude to fuck off but hey, your money if you want it)",add dont really care cant least get dude fuck hey money want
0,I‘m parked next to a MINI!!!! When are you coming in today do you think?,im parked next mini coming today think
0,ok. I am a gentleman and will treat you with dignity and respect.,ok gentleman treat dignity respect
0,Yeah it's jus rite...,yeah jus rite
0,"Do 1 thing! Change that sentence into: ""Because i want 2 concentrate in my educational career im leaving here..""",thing change sentence want concentrate educational career im leaving
1,We tried to call you re your reply to our sms for a video mobile 750 mins UNLIMITED TEXT free camcorder Reply or call now 08000930705 Del Thurs,tried call reply sm video mobile min unlimited text free camcorder reply call del thurs
0,Are you driving or training?,driving training
1,"You have been selected to stay in 1 of 250 top British hotels - FOR NOTHING! Holiday Worth £350! To Claim, Call London 02072069400. Bx 526, SW73SS",selected stay top british hotel nothing holiday worth claim call london bx swss
0,"Sweet, we may or may not go to 4U to meet carlos so gauge patty's interest in that",sweet may may go u meet carlos gauge patty interest
1,You have won a guaranteed £200 award or even £1000 cashto claim UR award call free on 08000407165 (18+) 2 stop getstop on 88222 PHP. RG21 4JX,guaranteed award even cashto claim ur award call free stop getstop php rg jx
0,Ok not a problem will get them a taxi. C ing  tomorrow and tuesday. On tuesday think we r all going to the cinema. ,ok problem get taxi c ing tomorrow tuesday tuesday think r going cinema
0,Y lei?,lei
0,Host-based IDPS for linux systems.,hostbased idp linux system
0,Call me when you get the chance plz &lt;3,call get chance plz lt
0,"I'm nt goin, got somethin on, unless they meetin 4 dinner lor... Haha, i wonder who will go tis time...",im nt goin got somethin unless meetin dinner lor haha wonder go ti time
0,I wish that I was with you. Holding you tightly. Making you see how important you are. How much you mean to me ... How much I need you ... In my life ...,wish holding tightly making see important much mean much need life
1,Urgent! Please call 09061213237 from landline. £5000 cash or a luxury 4* Canary Islands Holiday await collection. T&Cs SAE PO Box 177. M227XY. 150ppm. 16+,urgent please call landline cash luxury canary island holiday await collection tc sae po box mxy ppm
0,"Dear relieved of westonzoyland, all going to plan this end too!",dear relieved westonzoyland going plan end
0,Msg me when rajini comes.,msg rajini come
0,Yar... I tot u knew dis would happen long ago already.,yar tot u knew dis would happen long ago already
0,All day working day:)except saturday and sunday..,day working dayexcept saturday sunday
0,Po de :-):):-):-):-). No need job aha.,po de need job aha
0,"I'm outside islands, head towards hard rock and you'll run into me",im outside island head towards hard rock youll run
0,What not under standing.,standing
0,Ok i shall talk to him,ok shall talk
0,i see. When we finish we have loads of loans to pay,see finish load loan pay
0,"I‘ll leave around four, ok?",ill leave around four ok
0,"Babe ! How goes that day ? What are you doing ? Where are you ? I sip my cappuccino and think of you, my love ... I send a kiss to you from across the sea",babe go day sip cappuccino think love send kiss across sea
0,Oh k. . I will come tomorrow,oh k come tomorrow
0,HI BABE U R MOST LIKELY TO BE IN BED BUT IM SO SORRY ABOUT TONIGHT! I REALLY WANNA SEE U TOMORROW SO CALL ME AT 9. LOVE ME XXX,hi babe u r likely bed im sorry tonight really wan na see u tomorrow call love xxx
0,Dis is yijue. I jus saw ur mail. In case huiming havent sent u my num. Dis is my num.,dis yijue jus saw ur mail case huiming havent sent u num dis num
0,"Hey, iouri gave me your number, I'm wylie, ryan's friend",hey iouri gave number im wylie ryans friend
0,Okie.. Thanx..,okie thanx
1,PRIVATE! Your 2003 Account Statement for 07815296484 shows 800 un-redeemed S.I.M. points. Call 08718738001 Identifier Code 41782 Expires 18/11/04 ,private account statement show unredeemed sim point call identifier code expires
0,Wat r u doing?,wat r u
0,I am back. Bit long cos of accident on a30. Had to divert via wadebridge.I had a brilliant weekend thanks. Speak soon. Lots of love,back bit long co accident divert via wadebridgei brilliant weekend thanks speak soon lot love
0,if you aren't here in the next  &lt;#&gt;  hours imma flip my shit,arent next ltgt hour imma flip shit
0,Then dun wear jeans lor...,dun wear jean lor
0,Went to pay rent. So i had to go to the bank to authorise the payment.,went pay rent go bank authorise payment
1,"accordingly. I repeat, just text the word ok on your mobile phone and send",accordingly repeat text word ok mobile phone send
0,So how's the weather over there?,hows weather
0,I notice you like looking in the shit mirror youre turning into a right freak,notice like looking shit mirror youre turning right freak
0,"I have 2 sleeping bags, 1 blanket and paper and  phone details. Anything else?",sleeping bag blanket paper phone detail anything else
1,"You are being contacted by our Dating Service by someone you know! To find out who it is, call from your mobile or landline 09064017305 PoBox75LDNS7 ",contacted dating service someone know find call mobile landline poboxldns
1,Free video camera phones with Half Price line rental for 12 mths and 500 cross ntwk mins 100 txts. Call MobileUpd8 08001950382 or Call2OptOut/674,free video camera phone half price line rental mths cross ntwk min txts call mobileupd calloptout
0,on hen night. Going with a swing,hen night going swing
0,No pic. Please re-send.,pic please resend
0,Siva is in hostel aha:-.,siva hostel aha
0,S:)no competition for him.,sno competition
0,Shall i send that exe to your mail id.,shall send exe mail id
0,I love u 2 babe! R u sure everything is alrite. Is he being an idiot? Txt bak girlie,love u babe r u sure everything alrite idiot txt bak girlie
0,Dude avatar 3d was imp. At one point i thought there were actually flies in the room and almost tried hittng one as a reflex,dude avatar imp one point thought actually fly room almost tried hittng one reflex
0,Did u find out what time the bus is at coz i need to sort some stuff out.,u find time bus coz need sort stuff
0,"Haha awesome, omw back now then",haha awesome omw back
0,Hey i booked the kb on sat already... what other lessons are we going for ah? Keep your sat night free we need to meet and confirm our lodging ,hey booked kb sat already lesson going ah keep sat night free need meet confirm lodging
0,Sorry de i went to shop.,sorry de went shop
0,Didn't you get hep b immunisation in nigeria.,didnt get hep b immunisation nigeria
0,All boys made fun of me today. Ok i have no problem. I just sent one message just for fun,boy made fun today ok problem sent one message fun
0,staff.science.nus.edu.sg/~phyhcmk/teaching/pc1323,staffsciencenusedusgphyhcmkteachingpc
0,Joy's father is John. Then John is the NAME of Joy's father. Mandan,joy father john john name joy father mandan
0,Thanks for your message. I really appreciate your sacrifice. I'm not sure of the process of direct pay but will find out on my way back from the test tomorrow. I'm in class now. Do have a wonderful day.,thanks message really appreciate sacrifice im sure process direct pay find way back test tomorrow im class wonderful day
0,I wont do anything de.,wont anything de
0,"Dear,regret i cudnt pick call.drove down frm ctla now at cochin home.left mobile in car..ente style ishtamayoo?happy bakrid!",dearregret cudnt pick calldrove frm ctla cochin homeleft mobile carente style ishtamayoohappy bakrid
0,"OH MR SHEFFIELD! You wanna play THAT game, okay. You're the boss and I'm the nanny. You give me a raise and I'll give YOU one!!",oh mr sheffield wan na play game okay youre bos im nanny give raise ill give one
0,Your account has been refilled successfully by INR  &lt;DECIMAL&gt; . Your KeralaCircle prepaid account balance is Rs  &lt;DECIMAL&gt; . Your Transaction ID is KR &lt;#&gt; .,account refilled successfully inr ltdecimalgt keralacircle prepaid account balance r ltdecimalgt transaction id kr ltgt
0,"Al he does is moan at me if n e thin goes wrong its my fault&al de arguments r my fault&fed up of him of himso y bother? Hav 2go, thanx.xx",al moan n e thin go wrong faultal de argument r faultfed himso bother hav go thanxxx
0,What are youdoing later? Sar xxx,youdoing later sar xxx
0,"In case you wake up wondering where I am, I forgot I have to take care of something for grandma today, should be done before the parade",case wake wondering forgot take care something grandma today done parade
1,"Gr8 Poly tones 4 ALL mobs direct 2u rply with POLY TITLE to 8007 eg POLY BREATHE1 Titles: CRAZYIN, SLEEPINGWITH, FINEST, YMCA :getzed.co.uk POBox365O4W45WQ 300p",gr poly tone mob direct u rply poly title eg poly breathe title crazyin sleepingwith finest ymca getzedcouk poboxowwq p
0,Ho ho - big belly laugh! See ya tomo,ho ho big belly laugh see ya tomo
0,Si si. I think ill go make those oreo truffles.,si si think ill go make oreo truffle
0,My drive can only be read. I need to write,drive read need write
0,Wat's da model num of ur phone?,wats da model num ur phone
0,"I've got  &lt;#&gt; , any way I could pick up?",ive got ltgt way could pick
0,You lifted my hopes with the offer of money. I am in need. Especially when the end of the month approaches and it hurts my studying. Anyways have a gr8 weekend,lifted hope offer money need especially end month approach hurt studying anyways gr weekend
0,I don't know jack shit about anything or i'd say/ask something helpful but if you want you can pretend that I did and just text me whatever in response to the hypotheticalhuagauahahuagahyuhagga,dont know jack shit anything id sayask something helpful want pretend text whatever response hypotheticalhuagauahahuagahyuhagga
0,Also are you bringing galileo or dobby,also bringing galileo dobby
0,He remains a bro amongst bros,remains bro amongst bros
0,U in town alone?,u town alone
0,Hello- thanx for taking that call. I got a job! Starts on monday!,hello thanx taking call got job start monday
0,No. It's not pride. I'm almost  &lt;#&gt;  years old and shouldn't be takin money from my kid. You're not supposed to have to deal with this stuff. This is grownup stuff--why i don't tell you.,pride im almost ltgt year old shouldnt takin money kid youre supposed deal stuff grownup stuffwhy dont tell
0,My tuition is at 330. Hm we go for the 1120 to 1205 one? Do you mind?,tuition hm go one mind
1,"England v Macedonia - dont miss the goals/team news. Txt ur national team to 87077 eg ENGLAND to 87077 Try:WALES, SCOTLAND 4txt/ú1.20 POBOXox36504W45WQ 16+",england v macedonia dont miss goalsteam news txt ur national team eg england trywales scotland txt poboxoxwwq
1,Free 1st week entry 2 TEXTPOD 4 a chance 2 win 40GB iPod or £250 cash every wk. Txt VPOD to 81303 Ts&Cs www.textpod.net custcare 08712405020.,free st week entry textpod chance win gb ipod cash every wk txt vpod tscs custcare
0,"Sorry, my battery died, I can come by but I'm only getting a gram for now, where's your place?",sorry battery died come im getting gram wheres place
1,PRIVATE! Your 2003 Account Statement for 07808 XXXXXX shows 800 un-redeemed S. I. M. points. Call 08719899217 Identifier Code: 41685 Expires 07/11/04,private account statement xxxxxx show unredeemed point call identifier code expires
0,ALSO TELL HIM I SAID HAPPY BIRTHDAY,also tell said happy birthday
1,ROMCAPspam Everyone around should be responding well to your presence since you are so warm and outgoing. You are bringing in a real breath of sunshine.,romcapspam everyone around responding well presence since warm outgoing bringing real breath sunshine
0,"Yep, by the pretty sculpture",yep pretty sculpture
1,"SMS SERVICES. for your inclusive text credits, pls goto www.comuk.net login= ***** unsubscribe with STOP. no extra charge. help:08700469649. PO BOX420. IP4 5WE",sm service inclusive text credit pls goto login unsubscribe stop extra charge help po box ip
0,Ok lar... Joking wif u oni...,ok lar joking wif u oni
1,"Today's Offer! Claim ur £150 worth of discount vouchers! Text YES to 85023 now! SavaMob, member offers mobile! T Cs 08717898035. £3.00 Sub. 16 . Unsub reply X",today offer claim ur worth discount voucher text yes savamob member offer mobile c sub unsub reply x
1,You are a winner you have been specially selected to receive £1000 cash or a £2000 award. Speak to a live operator to claim call 087123002209am-7pm. Cost 10p,winner specially selected receive cash award speak live operator claim call ampm cost p
0,I want snow. It's just freezing and windy.,want snow freezing windy
0,"My fri ah... Okie lor,goin 4 my drivin den go shoppin after tt...",fri ah okie lorgoin drivin den go shoppin tt
0,What year. And how many miles.,year many mile
0,Not tonight mate. Catching up on some sleep. This is my new number by the way. ,tonight mate catching sleep new number way
0,No. Did you multimedia message them or e-mail?,multimedia message email
0,Cos i want it to be your thing,co want thing
0,Its  &lt;#&gt; k here oh. Should i send home for sale.,ltgt k oh send home sale
0,No other Valentines huh? The proof is on your fb page. Ugh I'm so glad I really DIDN'T watch your rupaul show you TOOL!,valentine huh proof fb page ugh im glad really didnt watch rupaul show tool
0,Love it! Daddy will make you scream with pleasure! I am going to slap your ass with my dick!,love daddy make scream pleasure going slap as dick
0,His frens go then he in lor. Not alone wif my mum n sis lor.,frens go lor alone wif mum n si lor
0,I'll reach in ard 20 mins ok...,ill reach ard min ok
1,PRIVATE! Your 2003 Account Statement for shows 800 un-redeemed S.I.M. points. Call 08715203685 Identifier Code:4xx26 Expires 13/10/04,private account statement show unredeemed sim point call identifier codexx expires
1,"I want some cock! My hubby's away, I need a real man 2 satisfy me. Txt WIFE to 89938 for no strings action. (Txt STOP 2 end, txt rec £1.50ea. OTBox 731 LA1 7WS. )",want cock hubby away need real man satisfy txt wife string action txt stop end txt rec ea otbox la w
0,Are you this much buzy,much buzy
0,But i'm really really broke oh. No amount is too small even  &lt;#&gt; ,im really really broke oh amount small even ltgt
0,K..k.:)congratulation ..,kkcongratulation
0,"That's cool he'll be here all night, lemme know when you're around",thats cool hell night lem know youre around
0,I thk 530 lor. But dunno can get tickets a not. Wat u doing now?,thk lor dunno get ticket wat u
0,Does not operate after  &lt;#&gt;  or what,operate ltgt
0,"I need an 8th but I'm off campus atm, could I pick up in an hour or two?",need th im campus atm could pick hour two
0,V skint too but fancied few bevies.waz gona go meet &othrs in spoon but jst bin watchng planet earth&sofa is v comfey; If i dont make it hav gd night,v skint fancied bevieswaz gona go meet othrs spoon jst bin watchng planet earthsofa v comfey dont make hav gd night
0,You still coming tonight?,still coming tonight
0,Yes:)here tv is always available in work place..,yeshere tv always available work place
0,Really dun bluff me leh... U sleep early too. Nite...,really dun bluff leh u sleep early nite
1,3. You have received your mobile content. Enjoy,received mobile content enjoy
0,"Babe! How goes that day ? What are you up to ? I miss you already, my Love ... * loving kiss* ... I hope everything goes well.",babe go day miss already love loving kiss hope everything go well
1,Sex up ur mobile with a FREE sexy pic of Jordan! Just text BABE to 88600. Then every wk get a sexy celeb! PocketBabe.co.uk 4 more pics. 16 £3/wk 087016248,sex ur mobile free sexy pic jordan text babe every wk get sexy celeb pocketbabecouk pic wk
1,You have 1 new voicemail. Please call 08719181503,new voicemail please call
0,I'm at home n ready...,im home n ready
0,Ugh its been a long day. I'm exhausted. Just want to cuddle up and take a nap,ugh long day im exhausted want cuddle take nap
0,From here after The performance award is calculated every two month.not for current one month period..,performance award calculated every two monthnot current one month period
0,I like dis sweater fr mango but no more my size already so irritating.,like dis sweater fr mango size already irritating
0,K.then any other special?,kthen special
0,What I'm saying is if you haven't explicitly told nora I know someone I'm probably just not gonna bother,im saying havent explicitly told nora know someone im probably gon na bother
0,I'm good. Have you registered to vote?,im good registered vote
0,I.ll give her once i have it. Plus she said grinule greet you whenever we speak,ill give plus said grinule greet whenever speak
0,"We made it! Eta at taunton is 12:30 as planned, hope that‘s still okday?! Good to see you! :-xx",made eta taunton planned hope thats still okday good see xx
0,Can you call me plz. Your number shows out of coveragd area. I have urgnt call in vasai &amp; have to reach before 4'o clock so call me plz,call plz number show coveragd area urgnt call vasai amp reach clock call plz
0,Are you there in room.,room
0,"For you information, IKEA is spelled with all caps. That is not yelling. when you thought i had left you, you were sitting on the bed among the mess when i came in. i said we were going after you got home from class. please don't try and bullshit me. It makes me want to listen to you less.",information ikea spelled cap yelling thought left sitting bed among mess came said going got home class please dont try bullshit make want listen less
1,URGENT! Your Mobile number has been awarded with a £2000 prize GUARANTEED. Call 09058094455 from land line. Claim 3030. Valid 12hrs only,urgent mobile number awarded prize guaranteed call land line claim valid hr
0,We walked from my moms. Right on stagwood pass right on winterstone left on victors hill. Address is &lt;#&gt;,walked mom right stagwood pas right winterstone left victor hill address ltgt
0,The wine is flowing and i'm i have nevering..,wine flowing im nevering
0,LOOK AT THE FUCKIN TIME. WHAT THE FUCK YOU THINK IS UP,look fuckin time fuck think
0,Wait . I will msg after  &lt;#&gt;  min.,wait msg ltgt min
0,"House-Maid is the murderer, coz the man was murdered on  &lt;#&gt; th January.. As public holiday all govt.instituitions are closed,including post office..understand?",housemaid murderer coz man murdered ltgt th january public holiday govtinstituitions closedincluding post officeunderstand
0,"Funny fact Nobody teaches volcanoes 2 erupt, tsunamis 2 arise, hurricanes 2 sway aroundn no 1 teaches hw 2 choose a wife Natural disasters just happens",funny fact nobody teach volcano erupt tsunami arise hurricane sway aroundn teach hw choose wife natural disaster happens
1,from www.Applausestore.com MonthlySubscription@50p/msg max6/month T&CsC web age16 2stop txt stop,maxmonth tcsc web age stop txt stop
0,"Alright we're hooked up, where you guys at",alright hooked guy
0,Lil fever:) now fine:),lil fever fine
0,Thanx a lot...,thanx lot
1,22 days to kick off! For Euro2004 U will be kept up to date with the latest news and results daily. To be removed send GET TXT STOP to 83222,day kick euro u kept date latest news result daily removed send get txt stop
0,"Yes, princess. Toledo.",yes princess toledo
0,"Oh... I was thkin of goin yogasana at 10 den no nd to go at 3 den can rush to parco 4 nb... Okie lor, u call me when ready...",oh thkin goin yogasana den nd go den rush parco nb okie lor u call ready
0,Dear :-/ why you mood off. I cant drive so i brother to drive,dear mood cant drive brother drive
0,"I can. But it will tell quite long, cos i haven't finish my film yet...",tell quite long co havent finish film yet
0,Sounds like something that someone testing me would sayy,sound like something someone testing would sayy
0,Dont show yourself. How far. Put new pictures up on facebook.,dont show far put new picture facebook
0,You've already got a flaky parent. It'snot supposed to be the child's job to support the parent...not until they're The Ride age anyway. I'm supposed to be there to support you. And now i've hurt you. unintentional. But hurt nonetheless.,youve already got flaky parent itsnot supposed child job support parentnot theyre ride age anyway im supposed support ive hurt unintentional hurt nonetheless
0,Mom wants to know where you at,mom want know
0,Our Prasanth ettans mother passed away last night. Just pray for her and family.,prasanth ettans mother passed away last night pray family
0,Do ü all wan 2 meet up n combine all the parts? How's da rest of da project going?,wan meet n combine part hows da rest da project going
1,(Bank of Granite issues Strong-Buy) EXPLOSIVE PICK FOR OUR MEMBERS *****UP OVER 300% *********** Nasdaq Symbol CDGT That is a $5.00 per..,bank granite issue strongbuy explosive pick member nasdaq symbol cdgt per
1,Don't b floppy... b snappy & happy! Only gay chat service with photo upload call 08718730666 (10p/min). 2 stop our texts call 08712460324,dont b floppy b snappy happy gay chat service photo upload call pmin stop text call
0,Yes fine ,yes fine
0,Pls i wont belive god.not only jesus.,pls wont belive godnot jesus
0,Today my system sh get ready.all is well and i am also in the deep well,today system sh get readyall well also deep well
0,"Indians r poor but India is not a poor country. Says one of the swiss bank directors. He says that "" &lt;#&gt;  lac crore"" of Indian money is deposited in swiss banks which can be used for 'taxless' budget for  &lt;#&gt;  yrs. Can give  &lt;#&gt;  crore jobs to all Indians. From any village to Delhi 4 lane roads. Forever free power suply to more than  &lt;#&gt;  social projects. Every citizen can get monthly  &lt;#&gt; /- for  &lt;#&gt;  yrs. No need of World Bank &amp; IMF loan. Think how our money is blocked by rich politicians. We have full rights against corrupt politicians. Itna forward karo ki pura INDIA padhe.g.m.""",indian r poor india poor country say one swiss bank director say ltgt lac crore indian money deposited swiss bank used taxless budget ltgt yr give ltgt crore job indian village delhi lane road forever free power suply ltgt social project every citizen get monthly ltgt ltgt yr need world bank amp imf loan think money blocked rich politician full right corrupt politician itna forward karo ki pura india padhegm
0,And now electricity just went out fml.,electricity went fml
0,That's good. Lets thank God. Please complete the drug. Have lots of water. And have a beautiful day.,thats good let thank god please complete drug lot water beautiful day
0,Of course ! Don't tease me ... You know I simply must see ! *grins* ... Do keep me posted my prey ... *loving smile* *devouring kiss*,course dont tease know simply must see grin keep posted prey loving smile devouring kiss
0,"Poyyarikatur,kolathupalayam,unjalur post,erode dis, &lt;#&gt; .",poyyarikaturkolathupalayamunjalur posterode dis ltgt
0,U don't know how stubborn I am. I didn't even want to go to the hospital. I kept telling Mark I'm not a weak sucker. Hospitals are for weak suckers.,u dont know stubborn didnt even want go hospital kept telling mark im weak sucker hospital weak sucker
1,We tried to contact you re your reply to our offer of a Video Handset? 750 anytime networks mins? UNLIMITED TEXT? Camcorder? Reply or call 08000930705 NOW,tried contact reply offer video handset anytime network min unlimited text camcorder reply call
0,I wanna watch that movie,wan na watch movie
0,I love working from home :),love working home
0,U 2.,u
0,I wont. So wat's wit the guys,wont wats wit guy
0,Hey... Very inconvenient for your sis a not huh?,hey inconvenient si huh
0,Lol no ouch but wish i'd stayed out a bit longer,lol ouch wish id stayed bit longer
0,I dont understand your message.,dont understand message
1,Your B4U voucher w/c 27/03 is MARSMS. Log onto www.B4Utele.com for discount credit. To opt out reply stop. Customer care call 08717168528,bu voucher wc marsms log onto discount credit opt reply stop customer care call
0,I jokin oni lar.. Ü busy then i wun disturb ü.,jokin oni lar busy wun disturb
1,"Think ur smart ? Win £200 this week in our weekly quiz, text PLAY to 85222 now!T&Cs WinnersClub PO BOX 84, M26 3UZ. 16+. GBP1.50/week",think ur smart win week weekly quiz text play nowtcs winnersclub po box uz gbpweek
0,"Idk. You keep saying that you're not, but since he moved, we keep butting heads over freedom vs. responsibility. And i'm tired. I have so much other shit to deal with that i'm barely keeping myself together once this gets added to it.",idk keep saying youre since moved keep butting head freedom v responsibility im tired much shit deal im barely keeping together get added
0,Yo chad which gymnastics class do you wanna take? The site says Christians class is full..,yo chad gymnastics class wan na take site say christian class full
0,Why did I wake up on my own &gt;:(,wake gt
0,I got your back! Do you have any dislikes in bed?,got back dislike bed
1,2/2 146tf150p,tfp
0,Wat uniform? In where get?,wat uniform get
0,I surely dont forgot to come:)i will always be in touch in with you:-),surely dont forgot comei always touch
0,Fine i miss you very much.,fine miss much
0,"1.20 that call cost. Which i guess isnt bad. Miss ya, need ya, want ya, love ya",call cost guess isnt bad miss ya need ya want ya love ya
0,"… we r stayin here an extra week, back next wed. How did we do in the rugby this weekend? Hi to and and , c u soon """,r stayin extra week back next wed rugby weekend hi c u soon
1,Hi. Customer Loyalty Offer:The NEW Nokia6650 Mobile from ONLY £10 at TXTAUCTION! Txt word: START to No: 81151 & get yours Now! 4T&Ctxt TC 150p/MTmsg,hi customer loyalty offerthe new nokia mobile txtauction txt word start get tctxt tc pmtmsg
0,How much would it cost to hire a hitman,much would cost hire hitman
0,I've told you everything will stop. Just dont let her get dehydrated.,ive told everything stop dont let get dehydrated
0,"Sorry,in meeting I'll call later",sorryin meeting ill call later
0,"Japanese Proverb: If one Can do it, U too Can do it, If none Can do it,U must do it Indian version: If one Can do it, LET HIM DO it.. If none Can do it,LEAVE it!! And finally Kerala version: If one can do it, Stop him doing it.. If none can do it, Make a strike against it ...",japanese proverb one u none itu must indian version one let none itleave finally kerala version one stop none make strike
0,"Honey ? Sweetheart ? Darling ? Sexy buns ? Sugar plum ? Loverboy ? I miss you, boytoy ... *smacks your ass* Did you go to the gym too ?",honey sweetheart darling sexy bun sugar plum loverboy miss boytoy smack as go gym
0,"Yeah there's barely enough room for the two of us, x has too many fucking shoes. Sorry man, see you later",yeah there barely enough room two u x many fucking shoe sorry man see later
0,"Short But Cute: ""Be a good person, but dont try to prove it.."" .Gud noon....",short cute good person dont try prove gud noon
0,Thanx 4 2day! U r a goodmate I THINK UR RITE SARY! ASUSUAL!1 U CHEERED ME UP! LOVE U FRANYxxxxx,thanx day u r goodmate think ur rite sary asusual u cheered love u franyxxxxx
0,If you still havent collected the dough pls let me know so i can go to the place i sent it to get the control number,still havent collected dough pls let know go place sent get control number
0,"I hope your alright babe? I worry that you might have felt a bit desparate when you learned the job was a fake ? I am here waiting when you come back, my love",hope alright babe worry might felt bit desparate learned job fake waiting come back love
0,Meeting u is my work. . . Tel me when shall i do my work tomorrow,meeting u work tel shall work tomorrow
0,And you! Will expect you whenever you text! Hope all goes well tomo ,expect whenever text hope go well tomo
0,Lol I know! Hey someone did a great inpersonation of flea on the forums. I love it!,lol know hey someone great inpersonation flea forum love
0,"Yeah I am, so I'll leave maybe 7ish?",yeah ill leave maybe ish
0,How's it feel? Mr. Your not my real Valentine just my yo Valentine even tho u hardly play!!,hows feel mr real valentine yo valentine even tho u hardly play
0,Would really appreciate if you call me. Just need someone to talk to.,would really appreciate call need someone talk
1,"Twinks, bears, scallies, skins and jocks are calling now. Don't miss the weekend's fun. Call 08712466669 at 10p/min. 2 stop texts call 08712460324(nat rate)",twinks bear scallies skin jock calling dont miss weekend fun call pmin stop text call nat rate
0,"Haha better late than ever, any way I could swing by?",haha better late ever way could swing
0,I only work from mon to thurs but Sat i cant leh... Booked liao... Which other day u free?,work mon thurs sat cant leh booked liao day u free
0,Yes its possible but dint try. Pls dont tell to any one k,yes possible dint try pls dont tell one k
0,Or ü go buy wif him then i meet ü later can?,go buy wif meet later
0,Are u awake? Is there snow there?,u awake snow
1,okmail: Dear Dave this is your final notice to collect your 4* Tenerife Holiday or #5000 CASH award! Call 09061743806 from landline. TCs SAE Box326 CW25WX 150ppm,okmail dear dave final notice collect tenerife holiday cash award call landline tc sae box cwwx ppm
0,Ok i'm coming home now.,ok im coming home
1,"500 New Mobiles from 2004, MUST GO! Txt: NOKIA to No: 89545 & collect yours today!From ONLY £1 www.4-tc.biz 2optout 087187262701.50gbp/mtmsg18",new mobile must go txt nokia collect todayfrom optout gbpmtmsg
0,Yes! How is a pretty lady like you single?,yes pretty lady like single
0,Ok thanx...,ok thanx
0,Hello. Damn this christmas thing. I think i have decided to keep this mp3 that doesnt work.,hello damn christmas thing think decided keep mp doesnt work
0,The new deus ex game comin early next yr,new deus ex game comin early next yr
0,There r many model..sony ericson also der.. &lt;#&gt; ..it luks good bt i forgot modl no,r many modelsony ericson also der ltgt luks good bt forgot modl
0,Ü comin to fetch us oredi...,comin fetch u oredi
0,"Do whatever you want. You know what the rules are. We had a talk earlier this week about what had to start happening, you showing responsibility. Yet, every week it's can i bend the rule this way? What about that way? Do whatever. I'm tired of having thia same argument with you every week. And a  &lt;#&gt;  movie DOESNT inlude the previews. You're still getting in after 1.",whatever want know rule talk earlier week start happening showing responsibility yet every week bend rule way way whatever im tired thia argument every week ltgt movie doesnt inlude preview youre still getting
0,I'm going 2 orchard now laready me reaching soon. U reaching?,im going orchard laready reaching soon u reaching
0,No no. I will check all rooms befor activities,check room befor activity
0,"Yes, princess. Are you going to make me moan?",yes princess going make moan
0,"No idea, I guess we'll work that out an hour after we're supposed to leave since as usual nobody has any interest in figuring shit out before the last second",idea guess well work hour supposed leave since usual nobody interest figuring shit last second
0,Are your freezing ? Are you home yet ? Will you remember to kiss your mom in the morning? Do you love me ? Do you think of me ? Are you missing me yet ?,freezing home yet remember kiss mom morning love think missing yet
0,Thats cool. i liked your photos. You are very sexy!,thats cool liked photo sexy
0,Did u download the fring app?,u download fring app
0,I'm working technical support :)voice process.,im working technical support voice process
0,"Machan you go to gym tomorrow,  i wil come late goodnight.",machan go gym tomorrow wil come late goodnight
1,Sorry I missed your call let's talk when you have the time. I'm on 07090201529,sorry missed call let talk time im
0,Who were those people ? Were you in a tour ? I thought you were doing that sofa thing you sent me ? Your curious sugar,people tour thought sofa thing sent curious sugar
0,Well done and ! luv ya all ,well done luv ya
0,IM GONNAMISSU SO MUCH!!I WOULD SAY IL SEND U A POSTCARD BUTTHERES ABOUTAS MUCH CHANCE OF MEREMEMBERIN ASTHERE IS OFSI NOT BREAKIN HIS CONTRACT!! LUV Yaxx,im gonnamissu muchi would say il send u postcard buttheres aboutas much chance merememberin asthere ofsi breakin contract luv yaxx
1,"Sppok up ur mob with a Halloween collection of nokia logo&pic message plus a FREE eerie tone, txt CARD SPOOK to 8007",sppok ur mob halloween collection nokia logopic message plus free eerie tone txt card spook
0,Probably gonna swing by in a wee bit,probably gon na swing wee bit
0,"I haven't forgotten you, i might have a couple bucks to send you tomorrow, k? I love ya too",havent forgotten might couple buck send tomorrow k love ya
0,"Merry Christmas to you too babe, i love ya *kisses*",merry christmas babe love ya kiss
0,Then we gotta do it after that,got ta
0,Going on nothing great.bye,going nothing greatbye
0,S.i think he is waste for rr..,si think waste rr
0,So is there anything specific I should be doing with regards to jaklin or what because idk what the fuck,anything specific regard jaklin idk fuck
0,No problem with the renewal. I.ll do it right away but i dont know his details.,problem renewal ill right away dont know detail
0,Well she's in for a big surprise!,well shes big surprise
0,I think i've fixed it can you send a test message?,think ive fixed send test message
0,"My painful personal thought- ""I always try to keep everybody happy all the time. But nobody recognises me when i am alone""",painful personal thought always try keep everybody happy time nobody recognises alone
0,Yeah jay's sort of a fucking retard,yeah jay sort fucking retard
0,Dunno i juz askin cos i got a card got 20% off 4 a salon called hair sense so i tot it's da one ü cut ur hair. ,dunno juz askin co got card got salon called hair sense tot da one cut ur hair
0,Ok lar i double check wif da hair dresser already he said wun cut v short. He said will cut until i look nice.,ok lar double check wif da hair dresser already said wun cut v short said cut look nice
1,"Hack Chat. Get backdoor entry into 121 chat rooms at a fraction of the cost. Reply NEO69 or call 09050280520, to subscribe 25p pm. DPS, Bcm box 8027 Ldn, wc1n3xx",hack chat get backdoor entry chat room fraction cost reply neo call subscribe p pm dp bcm box ldn wcnxx
0,Hello beautiful r u ok? I've kinda ad a row wiv and he walked out the pub?? I wanted a night wiv u Miss u ,hello beautiful r u ok ive kinda ad row wiv walked pub wanted night wiv u miss u
0,How much r ü willing to pay?,much r willing pay
1,For taking part in our mobile survey yesterday! You can now have 500 texts 2 use however you wish. 2 get txts just send TXT to 80160 T&C www.txt43.com 1.50p,taking part mobile survey yesterday text use however wish get txts send txt tc p
1,07732584351 - Rodger Burns - MSG = We tried to call you re your reply to our sms for a free nokia mobile + free camcorder. Please call now 08000930705 for delivery tomorrow,rodger burn msg tried call reply sm free nokia mobile free camcorder please call delivery tomorrow
0,either way works for me. I am  &lt;#&gt;  years old. Hope that doesnt bother you.,either way work ltgt year old hope doesnt bother
0,Thinkin about someone is all good. No drugs for that,thinkin someone good drug
1,"Mila, age23, blonde, new in UK. I look sex with UK guys. if u like fun with me. Text MTALK to 69866.18 . 30pp/txt 1st 5free. £1.50 increments. Help08718728876",mila age blonde new uk look sex uk guy u like fun text mtalk pptxt st free increment help
0,Alrite jod hows the revision goin? Keris bin doin a smidgin. N e way u wanna cum over after college?xx,alrite jod hows revision goin keris bin doin smidgin n e way u wan na cum collegexx
0,I emailed yifeng my part oredi.. Can ü get it fr him..,emailed yifeng part oredi get fr
0,Ok. But i finish at 6.,ok finish
0,I enjoy watching and playing football and basketball. Anything outdoors. And you?,enjoy watching playing football basketball anything outdoors
0,I was slept that time.you there?,slept timeyou
0,Why nothing. Ok anyway give me treat,nothing ok anyway give treat
0,K.k:)apo k.good movie.,kkapo kgood movie
0,She left it very vague. She just said she would inform the person in accounting about the delayed rent and that i should discuss with the housing agency about my renting another place. But checking online now and all places around usc are  &lt;#&gt;  and up,left vague said would inform person accounting delayed rent discus housing agency renting another place checking online place around usc ltgt
0,I sent lanre fakeye's Eckankar details to the mail box,sent lanre fakeyes eckankar detail mail box
0,Good. Good job. I like entrepreneurs,good good job like entrepreneur
1,FreeMsg>FAV XMAS TONES!Reply REAL,freemsgfav xmas tonesreply real
0,Need a coffee run tomo?Can't believe it's that time of week already,need coffee run tomocant believe time week already
0,I'm stuck in da middle of da row on da right hand side of da lt... ,im stuck da middle da row da right hand side da lt
1,"Hi, the SEXYCHAT girls are waiting for you to text them. Text now for a great night chatting. send STOP to stop this service",hi sexychat girl waiting text text great night chatting send stop stop service
0,"I'm there and I can see you, but you can't see me ? Maybe you should reboot ym ? I seen the buzz",im see cant see maybe reboot ym seen buzz
0,I think chennai well settled?,think chennai well settled
0,K..k..i'm also fine:)when will you complete the course?,kkim also finewhen complete course
0,Today i'm not workin but not free oso... Gee... Thgt u workin at ur fren's shop ? ,today im workin free oso gee thgt u workin ur frens shop
0,Sounds great! Are you home now?,sound great home
0,"Ups which is 3days also, and the shipping company that takes 2wks. The other way is usps which takes a week but when it gets to lag you may have to bribe nipost to get your stuff.",ups day also shipping company take wks way usps take week get lag may bribe nipost get stuff
0,The hair cream has not been shipped.,hair cream shipped
0,Hey leave it. not a big deal:-) take care.,hey leave big deal take care
0,By monday next week. Give me the full gist,monday next week give full gist
0,Also remember to get dobby's bowl from your car,also remember get dobbys bowl car
1,"Had your contract mobile 11 Mnths? Latest Motorola, Nokia etc. all FREE! Double Mins & Text on Orange tariffs. TEXT YES for callback, no to remove from records",contract mobile mnths latest motorola nokia etc free double min text orange tariff text yes callback remove record
0,"Cant believe i said so many things to you this morning when all i really wanted to say was good morning, i love you! Have a beautiful morning. See you in the library later.",cant believe said many thing morning really wanted say good morning love beautiful morning see library later
0,"Hm good morning, headache anyone? :-)",hm good morning headache anyone
0,I love you. You set my soul on fire. It is not just a spark. But it is a flame. A big rawring flame. XoXo,love set soul fire spark flame big rawring flame xoxo
0,"So many people seems to be special at first sight, But only very few will remain special to you till your last sight.. Maintain them till life ends.. Sh!jas",many people seems special first sight remain special till last sight maintain till life end shjas
0,Er mw im filled tuth is aight,er mw im filled tuth aight
0,"I think I‘m waiting for the same bus! Inform me when you get there, if you ever get there.",think im waiting bus inform get ever get
0,Badrith is only for chennai:)i will surely pick for us:)no competition for him.,badrith chennaii surely pick usno competition
1,Please CALL 08712402578 immediately as there is an urgent message waiting for you,please call immediately urgent message waiting
0,"Alright, I'll head out in a few minutes, text me where to meet you",alright ill head minute text meet
0,You are a very very very very bad girl. Or lady.,bad girl lady
0,Gokila is talking with you aha:),gokila talking aha
0,Ard 4 lor...,ard lor
0,Mm that time you dont like fun,mm time dont like fun
0,"Text me when you get off, don't call, my phones having problems",text get dont call phone problem
1,"U've been selected to stay in 1 of 250 top British hotels - FOR NOTHING! Holiday valued at £350! Dial 08712300220 to claim - National Rate Call. Bx526, SW73SS",uve selected stay top british hotel nothing holiday valued dial claim national rate call bx swss
0,Hi where you. You in home or calicut?,hi home calicut
0,Its just the effect of irritation. Just ignore it,effect irritation ignore
0,That's y u haf 2 keep me busy...,thats u haf keep busy
0,Lol I know! They're so dramatic. Schools already closed for tomorrow. Apparently we can't drive in the inch of snow were supposed to get.,lol know theyre dramatic school already closed tomorrow apparently cant drive inch snow supposed get
0,Shuhui say change 2 suntec steamboat? U noe where? Where r u now?,shuhui say change suntec steamboat u noe r u
0,Hey sexy buns! What of that day? No word from you this morning on YM ... :-( ... I think of you,hey sexy bun day word morning ym think
0,I've been searching for the right words to thank you for this breather. I promise i wont take your help for granted and will fulfil my promise. You have been wonderful and a blessing at all times.,ive searching right word thank breather promise wont take help granted fulfil promise wonderful blessing time
0,I can do that! I want to please you both inside and outside the bedroom...,want please inside outside bedroom
0,What time you coming down later? ,time coming later
0,"I think your mentor is , but not 100 percent sure.",think mentor percent sure
0,He is world famamus....,world famamus
0,"Especially since i talk about boston all up in my personal statement, lol! I woulda changed that if i had realized it said nyc! It says boston now.",especially since talk boston personal statement lol woulda changed realized said nyc say boston
0,"And stop wondering ""wow is she ever going to stop tm'ing me ?!"" because I will tm you whenever I want because you are MINE ... *laughs*",stop wondering wow ever going stop tming tm whenever want mine laugh
1,"Text82228>> Get more ringtones, logos and games from www.txt82228.com. Questions: info@txt82228.co.uk",text get ringtones logo game question
0,"Its ok., i just askd did u knw tht no?",ok askd u knw tht
0,WOT STUDENT DISCOUNT CAN U GET ON BOOKS?,wot student discount u get book
0,"Sorry, I guess whenever I can get a hold of my connections, maybe an hour or two? I'll text you",sorry guess whenever get hold connection maybe hour two ill text
0,I'm in a movie. Call me 4 wat?,im movie call wat
0,Send to someone else :-),send someone else
1,"FreeMsg: Claim ur 250 SMS messages-Text OK to 84025 now!Use web2mobile 2 ur mates etc. Join Txt250.com for 1.50p/wk. T&C BOX139, LA32WU. 16 . Remove txtX or stop",freemsg claim ur sm messagestext ok nowuse webmobile ur mate etc join txtcom pwk tc box lawu remove txtx stop
0,He didn't see his shadow. We get an early spring yay,didnt see shadow get early spring yay
0,it's still not working. And this time i also tried adding zeros. That was the savings. The checking is  &lt;#&gt; ,still working time also tried adding zero saving checking ltgt
0,:-( that's not v romantic!,thats v romantic
0,Oh ok..,oh ok
0,will you like to be spoiled? :),like spoiled
0,I'm not driving... Raining! Then i'll get caught at e mrt station lor.,im driving raining ill get caught e mrt station lor
0,Its ok..come to my home it vl nice to meet and v can chat..,okcome home vl nice meet v chat
0,Are you at work right now ?,work right
1,Great News! Call FREEFONE 08006344447 to claim your guaranteed £1000 CASH or £2000 gift. Speak to a live operator NOW!,great news call freefone claim guaranteed cash gift speak live operator
0,You busy or can I come by at some point and figure out what we're doing tomorrow,busy come point figure tomorrow
0,So can collect ur laptop?,collect ur laptop
0,"Just got some gas money, any chance you and the gang want to go on a grand nature adventure?",got gas money chance gang want go grand nature adventure
1,FREE for 1st week! No1 Nokia tone 4 ur mob every week just txt NOKIA to 8007 Get txting and tell ur mates www.getzed.co.uk POBox 36504 W45WQ norm150p/tone 16+,free st week nokia tone ur mob every week txt nokia get txting tell ur mate pobox wwq normptone
0,Infact happy new year. How are you where are you when are we seeing,infact happy new year seeing
0,"Dear friends, sorry for the late information. Today is the birthday of our loving Ar.Praveesh. for more details log on to face book and see. Its his number + &lt;#&gt; . Dont miss a delicious treat.",dear friend sorry late information today birthday loving arpraveesh detail log face book see number ltgt dont miss delicious treat
0,"life alle mone,eppolum oru pole allalo",life alle moneeppolum oru pole allalo
0,Lol your right. What diet? Everyday I cheat anyway. I'm meant to be a fatty :(,lol right diet everyday cheat anyway im meant fatty
1,"Win the newest Harry Potter and the Order of the Phoenix (Book 5) reply HARRY, answer 5 questions - chance to be the first among readers!",win newest harry potter order phoenix book reply harry answer question chance first among reader
0,K:)all the best:)congrats...,kall bestcongrats
0,And he's apparently bffs with carly quick now,he apparently bffs carly quick
0,Ok. Very good. Its all about making that money.,ok good making money
0,Hey sathya till now we dint meet not even a single time then how can i saw the situation sathya.,hey sathya till dint meet even single time saw situation sathya
0,Where can download clear movies. Dvd copies.,download clear movie dvd copy
1,Congratulations ur awarded either a yrs supply of CDs from Virgin Records or a Mystery Gift GUARANTEED Call 09061104283 Ts&Cs www.smsco.net £1.50pm approx 3mins,congratulation ur awarded either yr supply cd virgin record mystery gift guaranteed call tscs pm approx min
0,Yar he quite clever but aft many guesses lor. He got ask me 2 bring but i thk darren not so willing 2 go. Aiya they thk leona still not attach wat.,yar quite clever aft many guess lor got ask bring thk darren willing go aiya thk leona still attach wat
0,Reason is if the team budget is available at last they buy the unsold players for at base rate..,reason team budget available last buy unsold player base rate
0,Later i guess. I needa do mcat study too.,later guess needa mcat study
1,"As a valued customer, I am pleased to advise you that following recent review of your Mob No. you are awarded with a £1500 Bonus Prize, call 09066364589",valued customer pleased advise following recent review mob awarded bonus prize call
0,"Got ur mail Dileep.thank you so muchand look forward to lots of support...very less contacts here,remember one venugopal you mentioned.tomorrow if not late,i shall try to come up till there.goodnight dear.",got ur mail dileepthank muchand look forward lot supportvery less contact hereremember one venugopal mentionedtomorrow latei shall try come till theregoodnight dear
1,Ur balance is now £500. Ur next question is: Who sang 'Uptown Girl' in the 80's ? 2 answer txt ur ANSWER to 83600. Good luck!,ur balance ur next question sang uptown girl answer txt ur answer good luck
0,So now my dad is gonna call after he gets out of work and ask all these crazy questions.,dad gon na call get work ask crazy question
0,Ok i juz receive..,ok juz receive
0,Thought we could go out for dinner. I'll treat you! Seem ok?,thought could go dinner ill treat seem ok
0,What happened to our yo date?,happened yo date
0,Hi. I'm always online on yahoo and would like to chat with you someday,hi im always online yahoo would like chat someday
0,Aah! A cuddle would be lush! I'd need lots of tea and soup before any kind of fumbling!,aah cuddle would lush id need lot tea soup kind fumbling
0,I'm home. Ard wat time will u reach?,im home ard wat time u reach
0,Idea will soon get converted to live:),idea soon get converted live
0,Sorry to be a pain. Is it ok if we meet another night? I spent late afternoon in casualty and that means i haven't done any of y stuff42moro and that includes all my time sheets and that. Sorry. ,sorry pain ok meet another night spent late afternoon casualty mean havent done stuffmoro includes time sheet sorry
0,Wat r u doing now?,wat r u
0,Networking technical support associate.,networking technical support associate
0,We're on the opposite side from where we dropped you off,opposite side dropped
0,I don know account details..i will ask my mom and send you.my mom is out of reach now.,know account detailsi ask mom send youmy mom reach
0,Y dun cut too short leh. U dun like ah? She failed. She's quite sad.,dun cut short leh u dun like ah failed shes quite sad
0,Ü ready then call me...,ready call
0,"Nah, I'm a perpetual DD",nah im perpetual dd
1,"Customer service announcement. We recently tried to make a delivery to you but were unable to do so, please call 07090298926 to re-schedule. Ref:9307622",customer service announcement recently tried make delivery unable please call reschedule ref
0,I'm going 4 lunch now wif my family then aft dat i go str 2 orchard lor.,im going lunch wif family aft dat go str orchard lor
0,"Trust me. Even if isn't there, its there.",trust even isnt
0,Am i that much dirty fellow?,much dirty fellow
0,Big brother‘s really scraped the barrel with this shower of social misfits,big brother really scraped barrel shower social misfit
0,Nope i'm not drivin... I neva develop da photos lei...,nope im drivin neva develop da photo lei
0,Can not use foreign stamps in this country.,use foreign stamp country
1,FreeMsg: Txt: CALL to No: 86888 & claim your reward of 3 hours talk time to use from your phone now! Subscribe6GBP/mnth inc 3hrs 16 stop?txtStop,freemsg txt call claim reward hour talk time use phone subscribegbpmnth inc hr stoptxtstop
1,Call from 08702490080 - tells u 2 call 09066358152 to claim £5000 prize. U have 2 enter all ur mobile & personal details @ the prompts. Careful!,call tell u call claim prize u enter ur mobile personal detail prompt careful
0,Can... I'm free...,im free
0,Cos darren say ü considering mah so i ask ü...,co darren say considering mah ask
0,How r ü going to send it to me?,r going send
0,Lol ok ill try to send. Be warned Sprint is dead slow. You'll prolly get it tomorrow,lol ok ill try send warned sprint dead slow youll prolly get tomorrow
0,What r u cooking me for dinner?,r u cooking dinner
0,Purity of friendship between two is not about smiling after reading the forwarded message..Its about smiling just by seeing the name. Gud evng musthu,purity friendship two smiling reading forwarded messageits smiling seeing name gud evng musthu
0,HARD BUT TRUE: How much you show &amp;  express your love to someone....that much it will hurt when they leave you or you get seperated...!鈥┾??〨ud evening...,hard true much show amp express love someonethat much hurt leave get seperatedud evening
0,"I prefer my free days... Tues, wed, fri oso can... Ü ask those workin lor...",prefer free day tues wed fri oso ask workin lor
0,Hi. || Do u want | to join me with sts later? || Meeting them at five. || Call u after class.,hi u want join sts later meeting five call u class
0,K:)k:)what are detail you want to transfer?acc no enough?,kkwhat detail want transferacc enough
0,"My Parents, My Kidz, My Friends n My Colleagues. All screaming.. SURPRISE !! and I was waiting on the sofa.. ... ..... ' NAKED...!",parent kidz friend n colleague screaming surprise waiting sofa naked
0,Sounds better than my evening im just doing my costume. Im not sure what time i finish tomorrow but i will txt you at the end.,sound better evening im costume im sure time finish tomorrow txt end
1,FreeMsg: Hey - I'm Buffy. 25 and love to satisfy men. Home alone feeling randy. Reply 2 C my PIX! QlynnBV Help08700621170150p a msg Send stop to stop txts,freemsg hey im buffy love satisfy men home alone feeling randy reply c pix qlynnbv helpp msg send stop stop txts
0,"Okay, good, no problem, and thanx!",okay good problem thanx
0,Ok thanx... Take care then...,ok thanx take care
1,"BangBabes Ur order is on the way. U SHOULD receive a Service Msg 2 download UR content. If U do not, GoTo wap. bangb. tv on UR mobile internet/service menu",bangbabes ur order way u receive service msg download ur content u goto wap bangb tv ur mobile internetservice menu
0,I dont have i shall buy one dear,dont shall buy one dear
0,"Alright we'll bring it to you, see you in like  &lt;#&gt;  mins",alright well bring see like ltgt min
0,For real when u getting on yo? I only need 2 more tickets and one more jacket and I'm done. I already used all my multis.,real u getting yo need ticket one jacket im done already used multis
0,I'm very happy for you babe ! Woo hoo party on dude!,im happy babe woo hoo party dude
0,Don no da:)whats you plan?,dawhats plan
0,I taught that Ranjith sir called me. So only i sms like that. Becaus hes verifying about project. Prabu told today so only pa dont mistake me..,taught ranjith sir called sm like becaus he verifying project prabu told today pa dont mistake
0,Chk in ur belovd ms dict,chk ur belovd m dict
0,Yes ammae....life takes lot of turns you can only sit and try to hold the steering...,yes ammaelife take lot turn sit try hold steering
0,"Nice. Wait...should you be texting right now? I'm not gonna pay your ticket, ya know!",nice waitshould texting right im gon na pay ticket ya know
0,No probs hon! How u doinat the mo?,probs hon u doinat mo
0,There the size of elephant tablets & u shove um up ur ass!!,size elephant tablet u shove um ur as
0,I'm doing da intro covers energy trends n pros n cons... Brief description of nuclear fusion n oso brief history of iter n jet got abt 7 n half pages..,im da intro cover energy trend n pro n con brief description nuclear fusion n oso brief history iter n jet got abt n half page
0,"Goodmorning, Today i am late for  &lt;#&gt; min.",goodmorning today late ltgt min
1,Dear U've been invited to XCHAT. This is our final attempt to contact u! Txt CHAT to 86688,dear uve invited xchat final attempt contact u txt chat
0,Hey i will be late ah... Meet you at 945+,hey late ah meet
0,Yup. Izzit still raining heavily cos i'm in e mrt i can't c outside.,yup izzit still raining heavily co im e mrt cant c outside
0,"Until 545 lor... Ya, can go 4 dinner together...",lor ya go dinner together
1,"For ur chance to win a £250 cash every wk TXT: ACTION to 80608. T's&C's www.movietrivia.tv custcare 08712405022, 1x150p/wk.",ur chance win cash every wk txt action tscs custcare xpwk
0,Usually the body takes care of it buy making sure it doesnt progress. Can we pls continue this talk on saturday.,usually body take care buy making sure doesnt progress pls continue talk saturday
0,Is xy going 4 e lunch?,xy going e lunch
0,"Oh! Shit, I thought that was your trip! Loooooool ... That just makes SO much more sense now ... *grins* and the sofa reference was ... The ""sleep on a couch"" link you sent me ... Wasn't that how you went on your trip ? Oh ... And didn't your babe go with you for that celebration with your rents?",oh shit thought trip loooooool make much sense grin sofa reference sleep couch link sent wasnt went trip oh didnt babe go celebration rent
0,IM FINE BABES AINT BEEN UP 2 MUCH THO! SAW SCARY MOVIE YEST ITS QUITE FUNNY! WANT 2MRW AFTERNOON? AT TOWN OR MALL OR SUMTHIN?xx,im fine babe aint much tho saw scary movie yest quite funny want mrw afternoon town mall sumthinxx
0,4 oclock at mine. Just to bash out a flat plan.,oclock mine bash flat plan
0,U buy newspapers already?,u buy newspaper already
0,Dont let studying stress you out. L8r.,dont let studying stress lr
0,Give one miss from that number please,give one miss number please
0,Am in film ill call you later.,film ill call later
0,No. I.ll meet you in the library,ill meet library
0,Then. You are eldest know.,eldest know
0,R we still meeting 4 dinner tonight?,r still meeting dinner tonight
0,Huh? 6 also cannot? Then only how many mistakes?,huh also many mistake
0,I'll be late...,ill late
0,K k :-):-) then watch some films.,k k watch film
0,Yo sorry was in the shower sup,yo sorry shower sup
0,Been running but only managed 5 minutes and then needed oxygen! Might have to resort to the roller option!,running managed minute needed oxygen might resort roller option
0,Quite late lar... Ard 12 anyway i wun b drivin...,quite late lar ard anyway wun b drivin
0,"Tick, tick, tick ... Babe",tick tick tick babe
0,Okay lor... Will they still let us go a not ah? Coz they will not know until later. We drop our cards into the box right?,okay lor still let u go ah coz know later drop card box right
0,Well there's a pattern emerging of my friends telling me to drive up and come smoke with them and then telling me that I'm a weed fiend/make them smoke too much/impede their doing other things so you see how I'm hesitant,well there pattern emerging friend telling drive come smoke telling im weed fiendmake smoke muchimpede thing see im hesitant
0,All was well until slightly disastrous class this pm with my fav darlings! Hope day off ok. Coffee wld be good as can't stay late tomorrow. Same time + place as always?,well slightly disastrous class pm fav darling hope day ok coffee wld good cant stay late tomorrow time place always
0,"Not for possession, especially not first offense",possession especially first offense
0,Yup i'm still having coffee wif my frens... My fren drove she'll give me a lift...,yup im still coffee wif frens fren drove shell give lift
1,"Bears Pic Nick, and Tom, Pete and ... Dick. In fact, all types try gay chat with photo upload call 08718730666 (10p/min). 2 stop texts call 08712460324",bear pic nick tom pete dick fact type try gay chat photo upload call pmin stop text call
0,Pls what's the full name of joke's school cos fees in university of florida seem to actually be  &lt;#&gt; k. Pls holla back,pls whats full name joke school co fee university florida seem actually ltgt k pls holla back
1,Win a £1000 cash prize or a prize worth £5000,win cash prize prize worth
0,Do ü noe if ben is going?,noe ben going
0,Nope... C ü then...,nope c
1,"Orange customer, you may now claim your FREE CAMERA PHONE upgrade for your loyalty. Call now on 0207 153 9996. Offer ends 14thMarch. T&C's apply. Opt-out availa",orange customer may claim free camera phone upgrade loyalty call offer end thmarch tc apply optout availa
0,Boy; I love u Grl: Hogolo Boy: gold chain kodstini Grl: Agalla Boy: necklace madstini Grl: agalla Boy: Hogli 1 mutai eerulli kodthini! Grl: I love U kano;-),boy love u grl hogolo boy gold chain kodstini grl agalla boy necklace madstini grl agalla boy hogli mutai eerulli kodthini grl love u kano
0,I'm always on yahoo messenger now. Just send the message to me and i.ll get it you may have to send it in the mobile mode sha but i.ll get it. And will reply.,im always yahoo messenger send message ill get may send mobile mode sha ill get reply
0,True. Its easier with her here.,true easier
0,"Yo, you around? Just got my car back",yo around got car back
0,"Well imma definitely need to restock before thanksgiving, I'll let you know when I'm out",well imma definitely need restock thanksgiving ill let know im
1,"Eerie Nokia tones 4u, rply TONE TITLE to 8007 eg TONE DRACULA to 8007 Titles: GHOST, ADDAMSFA, MUNSTERS, EXORCIST, TWILIGHT www.getzed.co.uk POBox36504W45WQ 150p",eerie nokia tone u rply tone title eg tone dracula title ghost addamsfa munsters exorcist twilight poboxwwq p
0,Your gonna have to pick up a $1 burger for yourself on your way home. I can't even move. Pain is killing me.,gon na pick burger way home cant even move pain killing
0,Crazy ar he's married. Ü like gd looking guys not me. My frens like say he's korean leona's fave but i dun thk he is. Aft some thinking mayb most prob i'll go.,crazy ar he married like gd looking guy frens like say he korean leonas fave dun thk aft thinking mayb prob ill go
0,I've reached home finally...,ive reached home finally
0,Genius what's up. How your brother. Pls send his number to my skype.,genius whats brother pls send number skype
0,I come n pick ü up... Come out immediately aft ur lesson...,come n pick come immediately aft ur lesson
0,We are okay. Going to sleep now. Later,okay going sleep later
1,Camera - You are awarded a SiPix Digital Camera! call 09061221066 fromm landline. Delivery within 28 days.,camera awarded sipix digital camera call fromm landline delivery within day
0,Hi juan. Im coming home on fri hey. Of course i expect a welcome party and lots of presents. Ill phone u when i get back. Loads of love nicky x x x x x x x x x,hi juan im coming home fri hey course expect welcome party lot present ill phone u get back load love nicky x x x x x x x x x
0,"Jolly good! By the way,  will give u tickets for sat eve 7.30. Speak before then x",jolly good way give u ticket sat eve speak x
1,We have new local dates in your area - Lots of new people registered in YOUR AREA. Reply DATE to start now! 18 only www.flirtparty.us REPLYS150,new local date area lot new people registered area reply date start reply
0,Be happy there. I will come after noon,happy come noon
0,"Thank you so much. When we skyped wit kz and sura, we didnt get the pleasure of your company. Hope you are good. We've given you ultimatum oh! We are countin down to aburo. Enjoy! This is the message i sent days ago",thank much skyped wit kz sura didnt get pleasure company hope good weve given ultimatum oh countin aburo enjoy message sent day ago
0,Going thru a very different feeling.wavering decisions and coping up with the same is the same individual.time will heal everything i believe.,going thru different feelingwavering decision coping individualtime heal everything believe
0,Howz pain?hope u r fine..,howz painhope u r fine
0,Ok lor then we go tog lor...,ok lor go tog lor
1,Guess what! Somebody you know secretly fancies you! Wanna find out who it is? Give us a call on 09065394514 From Landline DATEBox1282EssexCM61XN 150p/min 18,guess somebody know secretly fancy wan na find give u call landline dateboxessexcmxn pmin
0,I'm freezing and craving ice. Fml,im freezing craving ice fml
0,Rightio. 11.48 it is then. Well arent we all up bright and early this morning.,rightio well arent bright early morning
1,Call Germany for only 1 pence per minute! Call from a fixed line via access number 0844 861 85 85. No prepayment. Direct access!,call germany penny per minute call fixed line via access number prepayment direct access
0,"Sure, whenever you show the fuck up &gt;:(",sure whenever show fuck gt
0,I love you both too :-),love
0,If u dun drive then how i go 2 sch.,u dun drive go sch
0,"Awesome, text me when you're restocked",awesome text youre restocked
0,I wish! I don't think its gonna snow that much. But it will be more than those flurries we usually get that melt before they hit the ground. Eek! We haven't had snow since &lt;#&gt; before I was even born!,wish dont think gon na snow much flurry usually get melt hit ground eek havent snow since ltgt even born
0,"Hello, my boytoy! I made it home and my constant thought is of you, my love. I hope your having a nice visit but I can't wait till you come home to me ...*kiss*",hello boytoy made home constant thought love hope nice visit cant wait till come home kiss
0,Ok.. Ü finishing soon?,ok finishing soon
0,"I'm eatin now lor, but goin back to work soon... E mountain deer show huh... I watch b4 liao, very nice...",im eatin lor goin back work soon e mountain deer show huh watch b liao nice
0,Great. I was getting worried about you. Just know that a wonderful and caring person like you will have only the best in life. Know that u r wonderful and God's love is yours.,great getting worried know wonderful caring person like best life know u r wonderful god love
1,"Call 09094100151 to use ur mins! Calls cast 10p/min (mob vary). Service provided by AOM, just GBP5/month. AOM Box61,M60 1ER until u stop. Ages 18+ only!",call use ur min call cast pmin mob vary service provided aom gbpmonth aom boxm er u stop age
0,I like cheap! But i‘m happy to splash out on the wine if it makes you feel better..,like cheap im happy splash wine make feel better
1,CALL 09090900040 & LISTEN TO EXTREME DIRTY LIVE CHAT GOING ON IN THE OFFICE RIGHT NOW TOTAL PRIVACY NO ONE KNOWS YOUR [sic] LISTENING 60P MIN 24/7MP 0870753331018+,call listen extreme dirty live chat going office right total privacy one know sic listening p min mp
0,Tmr timin still da same wat cos i got lesson until 6...,tmr timin still da wat co got lesson
0,Hmm...my uncle just informed me that he's paying the school directly. So pls buy food.,hmmmy uncle informed he paying school directly pls buy food
0,Pls she needs to dat slowly or she will vomit more.,pls need dat slowly vomit
0,I'm in class. Will holla later,im class holla later
0,When you guys planning on coming over?,guy planning coming
0,Can you do a mag meeting this avo at some point?,mag meeting avo point
0,Today is ACCEPT DAY..U Accept me as? Brother Sister Lover Dear1 Best1 Clos1 Lvblefrnd Jstfrnd Cutefrnd Lifpartnr Belovd Swtheart Bstfrnd No rply means enemy,today accept dayu accept brother sister lover dear best clos lvblefrnd jstfrnd cutefrnd lifpartnr belovd swtheart bstfrnd rply mean enemy
1,Phony £350 award - Todays Voda numbers ending XXXX are selected to receive a £350 award. If you have a match please call 08712300220 quoting claim code 3100 standard rates app,phony award today voda number ending xxxx selected receive award match please call quoting claim code standard rate app
1,"Get 3 Lions England tone, reply lionm 4 mono or lionp 4 poly. 4 more go 2 www.ringtones.co.uk, the original n best. Tones 3GBP network operator rates apply.",get lion england tone reply lionm mono lionp poly go original n best tone gbp network operator rate apply
0,Oh is it? Send me the address,oh send address
0,In e msg jus now. U said thanks for gift.,e msg jus u said thanks gift
0,"Although i told u dat i'm into baig face watches now but i really like e watch u gave cos it's fr u. Thanx 4 everything dat u've done today, i'm touched...",although told u dat im baig face watch really like e watch u gave co fr u thanx everything dat uve done today im touched
0,Just trying to figure out when I'm suppose to see a couple different people this week. We said we'd get together but I didn't set dates,trying figure im suppose see couple different people week said wed get together didnt set date
0,I have lost 10 kilos as of today!,lost kilo today
0,Cos i was out shopping wif darren jus now n i called him 2 ask wat present he wan lor. Then he started guessing who i was wif n he finally guessed darren lor.,co shopping wif darren jus n called ask wat present wan lor started guessing wif n finally guessed darren lor
1,Want 2 get laid tonight? Want real Dogging locations sent direct 2 ur mob? Join the UK's largest Dogging Network bt Txting GRAVEL to 69888! Nt. ec2a. 31p.msg@150p,want get laid tonight want real dogging location sent direct ur mob join uk largest dogging network bt txting gravel nt eca
0,Maybe you should find something else to do instead???,maybe find something else instead
0,I'm at bruce &amp; fowler now but I'm in my mom's car so I can't park (long story),im bruce amp fowler im mom car cant park long story
0,OK i'm waliking ard now... Do u wan me 2 buy anything go ur house?,ok im waliking ard u wan buy anything go ur house
1,"SMS SERVICES. for your inclusive text credits, pls goto www.comuk.net login= 3qxj9 unsubscribe with STOP, no extra charge. help 08702840625.COMUK. 220-CM2 9AE",sm service inclusive text credit pls goto login qxj unsubscribe stop extra charge help comuk cm ae
0,Ugh my leg hurts. Musta overdid it on mon.,ugh leg hurt musta overdid mon
0,Is fujitsu s series lifebook good?,fujitsu series lifebook good
1,Call FREEPHONE 0800 542 0578 now!,call freephone
1,Panasonic & BluetoothHdset FREE. Nokia FREE. Motorola FREE & DoubleMins & DoubleTxt on Orange contract. Call MobileUpd8 on 08000839402 or call 2optout,panasonic bluetoothhdset free nokia free motorola free doublemins doubletxt orange contract call mobileupd call optout
0,Hey next sun 1030 there's a basic yoga course... at bugis... We can go for that... Pilates intro next sat.... Tell me what time you r free,hey next sun there basic yoga course bugis go pilate intro next sat tell time r free
0,Yunny... I'm goin to be late,yunny im goin late
0,Jus finish bathing...,jus finish bathing
0,Well i will watch shrek in 3D!!B),well watch shrek db
0,Don know. I did't msg him recently.,know didt msg recently
0,Send his number and give reply tomorrow morning for why you said that to him like that ok,send number give reply tomorrow morning said like ok
0,Wat time ü finish?,wat time finish
0,Am also doing in cbe only. But have to pay.,also cbe pay
0,Mum ask ü to buy food home...,mum ask buy food home
1,"Wan2 win a Meet+Greet with Westlife 4 U or a m8? They are currently on what tour? 1)Unbreakable, 2)Untamed, 3)Unkempt. Text 1,2 or 3 to 83049. Cost 50p +std text",wan win meetgreet westlife u currently tour unbreakable untamed unkempt text cost p std text
1,"3 FREE TAROT TEXTS! Find out about your love life now! TRY 3 FOR FREE! Text CHANCE to 85555 16 only! After 3 Free, Msgs £1.50 each",free tarot text find love life try free text chance free msg
0,Check audrey's status right now,check audreys status right
0,Anything lor if they all go then i go lor...,anything lor go go lor
0,Sending you greetings of joy and happiness. Do have a gr8 evening,sending greeting joy happiness gr evening
0,No just send to you. Bec you in temple na.,send bec temple na
0,Yes. that will be fine. Love you. Be safe.,yes fine love safe
0,Gud ni8 dear..slp well..take care..swt dreams..Muah..,gud ni dearslp welltake careswt dreamsmuah
0,K...k...when will you give treat?,kkwhen give treat
0,"Ahhhh...just woken up!had a bad dream about u tho,so i dont like u right now :) i didnt know anything about comedy night but i guess im up for it.",ahhhhjust woken uphad bad dream u thoso dont like u right didnt know anything comedy night guess im
0,How much did ur hdd casing cost.,much ur hdd casing cost
0,You should know now. So how's anthony. Are you bringing money. I've school fees to pay and rent and stuff like that. Thats why i need your help. A friend in need....|,know hows anthony bringing money ive school fee pay rent stuff like thats need help friend need
0,"No, I was trying it all weekend ;V",trying weekend v
0,Sac will score big hundred.he is set batsman:-),sac score big hundredhe set batsman
0,"Cool, I'll text you in a few",cool ill text
0,I am going to film 2day da. At 6pm. Sorry da.,going film day da pm sorry da
0,Tell me they're female :V how're you throwing in? We're deciding what all to get now,tell theyre female v howre throwing deciding get
0,Hi.:)technical support.providing assistance to us customer through call and email:),hitechnical supportproviding assistance u customer call email
0,Ya:)going for restaurant..,yagoing restaurant
0,"Ok omw now, you at castor?",ok omw castor
0,I'm on my way home. Went to change batt 4 my watch then go shop a bit lor.,im way home went change batt watch go shop bit lor
0,"Hi Jon, Pete here, Ive bin 2 Spain recently & hav sum dinero left, Bill said u or ur rents mayb interested in it, I hav 12,000pes, so around £48, tb, James.",hi jon pete ive bin spain recently hav sum dinero left bill said u ur rent mayb interested hav pe around tb james
1,Dorothy@kiefer.com (Bank of Granite issues Strong-Buy) EXPLOSIVE PICK FOR OUR MEMBERS *****UP OVER 300% *********** Nasdaq Symbol CDGT That is a $5.00 per..,bank granite issue strongbuy explosive pick member nasdaq symbol cdgt per
1,URGENT! We are trying to contact U. Todays draw shows that you have won a £800 prize GUARANTEED. Call 09050001808 from land line. Claim M95. Valid12hrs only,urgent trying contact u today draw show prize guaranteed call land line claim validhrs
1,"Hottest pics straight to your phone!! See me getting Wet and Wanting, just for you xx Text PICS to 89555 now! txt costs 150p textoperator g696ga 18 XxX",hottest pic straight phone see getting wet wanting xx text pic txt cost p textoperator gga xxx
0,So your telling me I coulda been your real Valentine and I wasn't? U never pick me for NOTHING!!,telling coulda real valentine wasnt u never pick nothing
0,I'm sorry. I've joined the league of people that dont keep in touch. You mean a great deal to me. You have been a friend at all times even at great personal cost. Do have a great week.|,im sorry ive joined league people dont keep touch mean great deal friend time even great personal cost great week
0,Well. Im computerless. Time to make some oreo truffles,well im computerless time make oreo truffle
0,Only 2% students solved this CAT question in 'xam... 5+3+2= &lt;#&gt;  9+2+4= &lt;#&gt;  8+6+3= &lt;#&gt;  then 7+2+5=????? Tell me the answer if u r brilliant...1thing.i got d answr.,student solved cat question xam ltgt ltgt ltgt tell answer u r brilliantthingi got answr
0,"Dear all, as we know  &lt;#&gt; th is the  &lt;#&gt; th birthday of our loving Gopalettan. We are planning to give a small gift on that day. Those who like to participate in that you are welcome. Please contact our admin team for more details",dear know ltgt th ltgt th birthday loving gopalettan planning give small gift day like participate welcome please contact admin team detail
0,"no, i *didn't* mean to post it. I wrote it, and like so many other times i've ritten stuff to you, i let it sit there. it WAS what i was feeling at the time. I was angry. Before i left, i hit send, then stop. It wasn't there. I checked on my phone when i got to my car. It wasn't there. You said you didn't sleep, you were bored. So why wouldn't THAT be the time to clean, fold laundry, etc.? At least make the bed?",didnt mean post wrote like many time ive ritten stuff let sit feeling time angry left hit send stop wasnt checked phone got car wasnt said didnt sleep bored wouldnt time clean fold laundry etc least make bed
0,yes baby! I need to stretch open your pussy!,yes baby need stretch open pussy
0,Ok enjoy . R u there in home.,ok enjoy r u home
1,You have WON a guaranteed £1000 cash or a £2000 prize.To claim yr prize call our customer service representative on,guaranteed cash prizeto claim yr prize call customer service representative
0,Wat ü doing now?,wat
1,Hope you enjoyed your new content. text stop to 61610 to unsubscribe. help:08712400602450p Provided by tones2you.co.uk,hope enjoyed new content text stop unsubscribe helpp provided tonesyoucouk
0,What time do u get out?,time u get
0,Are you happy baby ? Are you alright ? Did you take that job ? I hope your fine. I send you a kiss to make you smile from across the sea ... *kiss* *kiss*,happy baby alright take job hope fine send kiss make smile across sea kiss kiss
0,I didn't get the second half of that message,didnt get second half message
0,I was gonna ask you lol but i think its at 7,gon na ask lol think
0,"Aight, tomorrow around  &lt;#&gt;  it is",aight tomorrow around ltgt
0,Life spend with someone for a lifetime may be meaningless but a few moments spent with someone who really love you means more than life itself..,life spend someone lifetime may meaningless moment spent someone really love mean life
0,Which channel:-):-):):-).,channel
0,Come aftr  &lt;DECIMAL&gt; ..now i m cleaning the house,come aftr ltdecimalgt cleaning house
0,Wat u doing there?,wat u
0,What is the plural of the noun research?,plural noun research
0,Stop the story. I've told him i've returned it and he's saying i should not re order it.,stop story ive told ive returned he saying order
0,"Also sir, i sent you an email about how to log into the usc payment portal. I.ll send you another message that should explain how things are back home. Have a great weekend.",also sir sent email log usc payment portal ill send another message explain thing back home great weekend
0,R u over scratching it?,r u scratching
0,Then we wait 4 u lor... No need 2 feel bad lar...,wait u lor need feel bad lar
1,Moby Pub Quiz.Win a £100 High Street prize if u know who the new Duchess of Cornwall will be? Txt her first name to 82277.unsub STOP £1.50 008704050406 SP,moby pub quizwin high street prize u know new duchess cornwall txt first name unsub stop sp
1,"As a valued customer, I am pleased to advise you that following recent review of your Mob No. you are awarded with a £1500 Bonus Prize, call 09066368470",valued customer pleased advise following recent review mob awarded bonus prize call
0,"A few people are at the game, I'm at the mall with iouri and kaila",people game im mall iouri kaila
0,That seems unnecessarily hostile,seems unnecessarily hostile
1,SMS AUCTION You have won a Nokia 7250i. This is what you get when you win our FREE auction. To take part send Nokia to 86021 now. HG/Suite342/2Lands Row/W1JHL 16+,sm auction nokia get win free auction take part send nokia hgsuitelands rowwjhl
0,IM LATE TELLMISS IM ON MY WAY,im late tellmiss im way
0,What's the significance?,whats significance
0,"Hey ! I want you ! I crave you ! I miss you ! I need you ! I love you, Ahmad Saeed al Hallaq ...",hey want crave miss need love ahmad saeed al hallaq
0,Ok darlin i supose it was ok i just worry too much.i have to do some film stuff my mate and then have to babysit again! But you can call me there.xx,ok darlin supose ok worry muchi film stuff mate babysit call therexx
0,Its a great day. Do have yourself a beautiful one.,great day beautiful one
0,Jus came back fr lunch wif my sis only. U leh?,jus came back fr lunch wif si u leh
0,Yep get with the program. You're slacking.,yep get program youre slacking
0,Well I'm going to be an aunty!,well im going aunty
0,So dont use hook up any how,dont use hook
0,"Fuck babe ... I miss you already, you know ? Can't you let me send you some money towards your net ? I need you ... I want you ... I crave you ...",fuck babe miss already know cant let send money towards net need want crave
0,I'm home. Doc gave me pain meds says everything is fine.,im home doc gave pain med say everything fine
0,"Superb Thought- ""Be grateful that u dont have everything u want. That means u still have an opportunity to be happier tomorrow than u are today."":-)",superb thought grateful u dont everything u want mean u still opportunity happier tomorrow u today
0,Nah dub but je still buff,nah dub je still buff
0,"Im sorry bout last nite it wasnt ur fault it was me, spouse it was pmt or sumthin! U 4give me? I think u shldxxxx",im sorry bout last nite wasnt ur fault spouse pmt sumthin u give think u shldxxxx
0,Anything is valuable in only 2 situations: First- Before getting it... Second- After loosing it...,anything valuable situation first getting second loosing
0,How are you. Just checking up on you,checking
0,do u think that any girl will propose u today by seing ur bloody funky shit fucking face...............asssssholeeee................,u think girl propose u today seing ur bloody funky shit fucking faceasssssholeeee
0,"Dear Hero,i am leaving to qatar tonite for an apt opportunity.pls do keep in touch at  &lt;EMAIL&gt; ,kerala",dear heroi leaving qatar tonite apt opportunitypls keep touch ltemailgt kerala
0,Din i tell u jus now 420,din tell u jus
0,Huh so early.. Then ü having dinner outside izzit?,huh early dinner outside izzit
0,Yeah like if it goes like it did with my friends imma flip my shit in like half an hour,yeah like go like friend imma flip shit like half hour
0,Hey check it da. I have listed da.,hey check da listed da
0,Hey so this sat are we going for the intro pilates only? Or the kickboxing too? ,hey sat going intro pilate kickboxing
0,My battery is low babe,battery low babe
0,Anything...,anything
1,"URGENT! You have won a 1 week FREE membership in our £100,000 Prize Jackpot! Txt the word: CLAIM to No: 81010 T&C www.dbuk.net LCCLTD POBOX 4403LDNW1A7RW18",urgent week free membership prize jackpot txt word claim tc lccltd pobox ldnwarw
1,wamma get laid?want real doggin locations sent direct to your mobile? join the UKs largest dogging network. txt dogs to 69696 now!nyt. ec2a. 3lp £1.50/msg.,wamma get laidwant real doggin location sent direct mobile join uk largest dogging network txt dog nownyt eca lp msg
0,When can ü come out?,come
0,"Good afternoon, my love! How goes that day ? I hope maybe you got some leads on a job. I think of you, boytoy and send you a passionate kiss from across the sea",good afternoon love go day hope maybe got lead job think boytoy send passionate kiss across sea
0,Also fuck you and your family for going to rhode island or wherever the fuck and leaving me all alone the week I have a new bong &gt;:(,also fuck family going rhode island wherever fuck leaving alone week new bong gt
0,Am in gobi arts college,gobi art college
0,"Today is ""song dedicated day.."" Which song will u dedicate for me? Send this to all ur valuable frnds but first rply me...",today song dedicated day song u dedicate send ur valuable frnds first rply
0,"HELLOGORGEOUS, HOWS U? MY FONE WAS ON CHARGE LST NITW WEN U TEXD ME. HOPEU AD A NICE WKEND AS IM SURE U DID LOOKIN 4WARD 2 C-IN U 2MRW LUV JAZ",hellogorgeous hows u fone charge lst nitw wen u texd hopeu ad nice wkend im sure u lookin ward cin u mrw luv jaz
0,2 laptop... I noe infra but too slow lar... I wan fast one,laptop noe infra slow lar wan fast one
0,on a Tuesday night r u 4 real,tuesday night r u real
0,Tell me whos this pls:-),tell who pls
0,No wonder... Cos i dun rem seeing a silver car... But i thk i saw a black one...,wonder co dun rem seeing silver car thk saw black one
0,Please da call me any mistake from my side sorry da. Pls da goto doctor.,please da call mistake side sorry da pls da goto doctor
0,I have a rather prominent bite mark on my right cheek,rather prominent bite mark right cheek
0,Sat right? Okay thanks... ,sat right okay thanks
0,"OH YEAH,AND HAV A GREAT TIME IN NEWQUAY-SEND ME A POSTCARD !1 LOOK AFTER ALL THE GIRLS WHILE IM GONE(U KNOW THE 1IM TALKIN BOUT!)xx",oh yeahand hav great time newquaysend postcard look girl im goneu know im talkin boutxx
0,"Hey...Great deal...Farm tour 9am to 5pm $95/pax, $50 deposit by 16 May",heygreat dealfarm tour pm pax deposit may
0,Then wat r u doing now? Busy wif work?,wat r u busy wif work
0,Oooh I got plenty of those!,oooh got plenty
0,We can make a baby in yo tho,make baby yo tho
0,I am on the way to tirupur.,way tirupur
0,Full heat pa:-) i have applyed oil pa.,full heat pa applyed oil pa
0,Tmr then ü brin lar... Aiya later i come n c lar... Mayb ü neva set properly ü got da help sheet wif ü...,tmr brin lar aiya later come n c lar mayb neva set properly got da help sheet wif
0,Ok. There may be a free gym about.,ok may free gym
0,These won't do. Have to move on to morphine,wont move morphine
0,I'm not sure if its still available though,im sure still available though
0,At the funeral home with Audrey and dad,funeral home audrey dad
0,Where is it. Is there any opening for mca.,opening mca
0,Lol ok. I'll snatch her purse too.,lol ok ill snatch purse
0,"Sad story of a Man - Last week was my b'day. My Wife did'nt wish me. My Parents forgot n so did my Kids . I went to work. Even my Colleagues did not wish. As I entered my cabin my PA said, '' Happy B'day Boss !!''. I felt special. She askd me 4 lunch. After lunch she invited me to her apartment. We went there. She said,'' do u mind if I go into the bedroom for a minute ? '' ''OK'', I sed in a sexy mood. She came out 5 minuts latr wid a cake...n My Wife, My Parents, My Kidz, My Friends n My Colleagues. All screaming.. SURPRISE !! and I was waiting on the sofa.. ... ..... ' NAKED...!",sad story man last week bday wife didnt wish parent forgot n kid went work even colleague wish entered cabin pa said happy bday bos felt special askd lunch lunch invited apartment went said u mind go bedroom minute ok sed sexy mood came minuts latr wid caken wife parent kidz friend n colleague screaming surprise waiting sofa naked
0,Ron say fri leh. N he said ding tai feng cant make reservations. But he said wait lor.,ron say fri leh n said ding tai feng cant make reservation said wait lor
0,No break time one... How... I come out n get my stuff fr ü?,break time one come n get stuff fr
0,I'm leaving my house now.,im leaving house
0,Cramps stopped. Going back to sleep,cramp stopped going back sleep
0,HI DARLIN I HOPE YOU HAD A NICE NIGHT I WISH I HAD COME CANT WAIT TO SEE YOU LOVE FRAN PS I WANT DIRTY ANAL SEX AND I WANT A 10 MAN GANG BANG,hi darlin hope nice night wish come cant wait see love fran p want dirty anal sex want man gang bang
0,Hey you can pay. With salary de. Only  &lt;#&gt; .,hey pay salary de ltgt
0,"Pity, * was in mood for that. So...any other suggestions?",pity mood soany suggestion
0,PISS IS TALKING IS SOMEONE THAT REALISE U THAT POINT THIS AT IS IT.(NOW READ IT BACKWARDS),piss talking someone realise u point itnow read backwards
0,"Right on brah, see you later",right brah see later
1,"Had your mobile 10 mths? Update to the latest Camera/Video phones for FREE. KEEP UR SAME NUMBER, Get extra free mins/texts. Text YES for a call",mobile mths update latest cameravideo phone free keep ur number get extra free minstexts text yes call
0,Ya that one is slow as poo,ya one slow poo
0,I will be gentle princess! We will make sweet gentle love...,gentle princess make sweet gentle love
0,Well. Balls. Time to make calls,well ball time make call
0,I'm already back home so no probably not,im already back home probably
0,"I call you later, don't have network. If urgnt, sms me.",call later dont network urgnt sm
0,"The  &lt;#&gt; g that i saw a few days ago, the guy wants sell wifi only for  &lt;#&gt;  and with 3g for  &lt;#&gt; . That's why i blanked him.",ltgt g saw day ago guy want sell wifi ltgt g ltgt thats blanked
0,Lmao. Take a pic and send it to me.,lmao take pic send
0,Oh sorry please its over,oh sorry please
0,Then get some cash together and I'll text jason,get cash together ill text jason
0,I've not sent it. He can send me.,ive sent send
0,Ok lor. I ned 2 go toa payoh 4 a while 2 return smth u wan 2 send me there or wat?,ok lor ned go toa payoh return smth u wan send wat
0,Yeah you should. I think you can use your gt atm now to register. Not sure but if there's anyway i can help let me know. But when you do be sure you are ready.,yeah think use gt atm register sure there anyway help let know sure ready
0,Oh dang! I didn't mean o send that to you! Lol!,oh dang didnt mean send lol
0,R we going with the  &lt;#&gt;  bus?,r going ltgt bus
0,"Do you know why god created gap between your fingers..? So that, One who is made for you comes &amp; fills those gaps by holding your hand with LOVE..!",know god created gap finger one made come amp fill gap holding hand love
0,"K give me a sec, breaking a  &lt;#&gt;  at cstore",k give sec breaking ltgt cstore
0,"Hi , where are you? We're at  and they're not keen to go out i kind of am but feel i shouldn't so can we go out tomo, don't mind do you?",hi theyre keen go kind feel shouldnt go tomo dont mind
0,I called but no one pick up e phone. I ask both of them already they said ok.,called one pick e phone ask already said ok
1,Do you want a new Video phone? 600 anytime any network mins 400 Inclusive Video calls AND downloads 5 per week Free delTOMORROW call 08002888812 or reply NOW,want new video phone anytime network min inclusive video call downloads per week free deltomorrow call reply
0,Buy one egg for me da..please:),buy one egg daplease
1,December only! Had your mobile 11mths+? You are entitled to update to the latest colour camera mobile for Free! Call The Mobile Update VCo FREE on 08002986906 ,december mobile mths entitled update latest colour camera mobile free call mobile update vco free
0,"Not yet chikku..k, then wat abt tht guy did he stopped irritating or msging to u..",yet chikkuk wat abt tht guy stopped irritating msging u
0,Havent shopping now lor i juz arrive only,havent shopping lor juz arrive
0,University of southern california.,university southern california
0,Ok i thk i got it. Then u wan me 2 come now or wat?,ok thk got u wan come wat
0,Fuck cedar key and fuck her (come over anyway tho),fuck cedar key fuck come anyway tho
0,Would me smoking you out help us work through this difficult time,would smoking help u work difficult time
0,"Kate jackson rec center before 7ish, right?",kate jackson rec center ish right
0,No way I'm going back there!,way im going back
0,"Arms fine, how's Cardiff and uni? ",arm fine hows cardiff uni
0,"Hey elaine, is today's meeting still on?",hey elaine today meeting still
0,As per your request 'Maangalyam (Alaipayuthe)' has been set as your callertune for all Callers. Press *9 to copy your friends Callertune,per request maangalyam alaipayuthe set callertune caller press copy friend callertune
0,"FRAN I DECIDED 2 GO N E WAY IM COMPLETELY BROKE AN KNACKERED I GOT UP BOUT 3 C U 2MRW LOVE JANX P.S THIS IS MY DADS FONE, -NO CREDIT",fran decided go n e way im completely broke knackered got bout c u mrw love janx p dad fone credit
1,Email AlertFrom: Jeri StewartSize: 2KBSubject: Low-cost prescripiton drvgsTo listen to email call 123,email alertfrom jeri stewartsize kbsubject lowcost prescripiton drvgsto listen email call
0,Tension ah?what machi?any problem?,tension ahwhat machiany problem
0,Pls pls find out from aunt nike.,pls pls find aunt nike
0,Pathaya enketa maraikara pa',pathaya enketa maraikara pa
0,"He has lots of used ones babe, but the model doesn't help. Youi have to bring it over and he'll match it up",lot used one babe model doesnt help youi bring hell match
0,"Finally it has happened..! Aftr decades..! BEER is now cheaper than PETROL! The goverment expects us to ""DRINK"". . . But don't ""DRIVE """,finally happened aftr decade beer cheaper petrol goverment expects u drink dont drive
0,CHEERS FOR CALLIN BABE.SOZI CULDNT TALKBUT I WANNATELL U DETAILS LATER WENWECAN CHAT PROPERLY X,cheer callin babesozi culdnt talkbut wannatell u detail later wenwecan chat properly x
0,Now get step 2 outta the way. Congrats again.,get step outta way congrats
0,Do you want bold 2 or bb torch,want bold bb torch
0,How come guoyang go n tell her? Then u told her?,come guoyang go n tell u told
0,"hey, looks like I was wrong and one of the kappa guys numbers is still on my phone, if you want I can text him and see if he's around",hey look like wrong one kappa guy number still phone want text see he around
0,"Forgot it takes me 3 years to shower, sorry. Where you at/your phone dead yet?",forgot take year shower sorry atyour phone dead yet
1,U’ve Bin Awarded £50 to Play 4 Instant Cash. Call 08715203028 To Claim. EVERY 9th Player Wins Min £50-£500. OptOut 08718727870,uve bin awarded play instant cash call claim every th player win min optout
0,Ha! I wouldn't say that I just didn't read anything into way u seemed. I don't like 2 be judgemental....i save that for fridays in the pub!,ha wouldnt say didnt read anything way u seemed dont like judgementali save friday pub
0,No. I dont want to hear anything,dont want hear anything
0,Just normal only here :),normal
0,"I feel like a dick because I keep sleeping through your texts and facebook messages. Sup, you in town?",feel like dick keep sleeping text facebook message sup town
0,What's happening with you. Have you gotten a job and have you begun registration for permanent residency,whats happening gotten job begun registration permanent residency
0,Waiting for your call.,waiting call
0,Er yep sure. Props?,er yep sure prop
0,"Er yeah, i will b there at 15:26, sorry! Just tell me which pub/cafe to sit in and come wen u can",er yeah b sorry tell pubcafe sit come wen u
0,K sure am in my relatives home. Sms me de. Pls:-),k sure relative home sm de pls
1,"Do you ever notice that when you're driving, anyone going slower than you is an idiot and everyone driving faster than you is a maniac?",ever notice youre driving anyone going slower idiot everyone driving faster maniac
0,"If i let you do this, i want you in the house by 8am.",let want house
1,U have a secret admirer who is looking 2 make contact with U-find out who they R*reveal who thinks UR so special-call on 09058094565,u secret admirer looking make contact ufind rreveal think ur specialcall
0,I'm sick !! I'm needy !! I want you !! *pouts* *stomps feet* Where are you ?! *pouts* *stomps feet* I want my slave !! I want him now !!,im sick im needy want pout stomp foot pout stomp foot want slave want
0,Well there's not a lot of things happening in Lindsay on New years *sighs* Some bars in Ptbo and the blue heron has something going,well there lot thing happening lindsay new year sigh bar ptbo blue heron something going
0,"Good! No, don‘t need any receipts—well done! (…) Yes, please tell . What‘s her number, i could ring her",good dont need receiptswell done yes please tell whats number could ring
0,Will be out of class in a few hours. Sorry,class hour sorry
0,"K so am I, how much for an 8th? Fifty?",k much th fifty
0,Have you emigrated or something? Ok maybe 5.30 was a bit hopeful...,emigrated something ok maybe bit hopeful
1,"Hi babe its Chloe, how r u? I was smashed on saturday night, it was great! How was your weekend? U been missing me? SP visionsms.com Text stop to stop 150p/text",hi babe chloe r u smashed saturday night great weekend u missing sp visionsmscom text stop stop ptext
0,"It's cool, let me know before it kicks off around  &lt;#&gt; , I'll be out and about all day",cool let know kick around ltgt ill day
0,I hate when she does this. She turns what should be a fun shopping trip into an annoying day of how everything would look in her house.,hate turn fun shopping trip annoying day everything would look house
0,No problem. Talk to you later,problem talk later
0,Well i know Z will take care of me. So no worries.,well know z take care worry
0,"Coffee cake, i guess...",coffee cake guess
1,Guess who am I?This is the first time I created a web page WWW.ASJESUS.COM read all I wrote. I'm waiting for your opinions. I want to be your friend 1/1,guess ithis first time created web page read wrote im waiting opinion want friend
0,"Hi this is yijue, can i meet u at 11 tmr?",hi yijue meet u tmr
0,"Like  &lt;#&gt; , same question",like ltgt question
0,I've sent ü my part..,ive sent part
0,Eat jap done oso aft ur lect wat... Ü got lect at 12 rite... ,eat jap done oso aft ur lect wat got lect rite
0,"Thank you so much. When we skyped wit kz and sura, we didnt get the pleasure of your company. Hope you are good. We've given you ultimatum oh! We are countin down to aburo. Enjoy!",thank much skyped wit kz sura didnt get pleasure company hope good weve given ultimatum oh countin aburo enjoy
0,Hi darlin im on helens fone im gonna b up the princes 2 nite please come up tb love Kate,hi darlin im helen fone im gon na b prince nite please come tb love kate
0,I will reach office around  &lt;DECIMAL&gt; . &amp; my mobile have problem. You cann't get my voice. So call you asa i'll free,reach office around ltdecimalgt amp mobile problem cannt get voice call asa ill free
0,Ok but tell me half an hr b4 u come i need 2 prepare.,ok tell half hr b u come need prepare
0,hope things went well at 'doctors' ;) reminds me i still need 2go.did u c d little thing i left in the lounge?,hope thing went well doctor reminds still need godid u c little thing left lounge
0,Omg I want to scream. I weighed myself and I lost more weight! Woohoo!,omg want scream weighed lost weight woohoo
0,Ok... Then r we meeting later?,ok r meeting later
0,"Daddy, shu shu is looking 4 u... U wan me 2 tell him u're not in singapore or wat?",daddy shu shu looking u u wan tell ure singapore wat
0,"Probably not, still going over some stuff here",probably still going stuff
0,How have your little darlings been so far this week? Need a coffee run tomo?Can't believe it's that time of week already …,little darling far week need coffee run tomocant believe time week already
1,Had your mobile 10 mths? Update to latest Orange camera/video phones for FREE. Save £s with Free texts/weekend calls. Text YES for a callback orno to opt out,mobile mths update latest orange cameravideo phone free save free textsweekend call text yes callback orno opt
0,"Awesome, I'll see you in a bit",awesome ill see bit
0,NOT MUCH NO FIGHTS. IT WAS A GOOD NITE!!,much fight good nite
0,U horrible gal... U knew dat i was going out wif him yest n u still come n ask me...,u horrible gal u knew dat going wif yest n u still come n ask
0,X2  &lt;#&gt; . Are you going to get that,x ltgt going get
0,"Wn u r hurt by d prsn who s close 2 u, do fight wit dem. Coz somtimes dis fight saves a relation bt being quiet leaves nothin in a relation.. Gud eveB-)",wn u r hurt prsn close u fight wit dem coz somtimes dis fight save relation bt quiet leaf nothin relation gud eveb
0,what I meant to say is cant wait to see u again getting bored of this bridgwater banter,meant say cant wait see u getting bored bridgwater banter
1,"Hello darling how are you today? I would love to have a chat, why dont you tell me what you look like and what you are in to sexy?",hello darling today would love chat dont tell look like sexy
0,I pocked you up there before,pocked
0,Company is very good.environment is terrific and food is really nice:),company goodenvironment terrific food really nice
0,So its to be poking man everyday that they teach you in canada abi! How are you. Just saying hi.,poking man everyday teach canada abi saying hi
0,Haha... Really oh no... How? Then will they deduct your lesson tmr?,haha really oh deduct lesson tmr
0,Lol great now im getting hungry.,lol great im getting hungry
0,I'm done. C ü there.,im done c
0,One day a crab was running on the sea shore..The waves came n cleared the footprints of the crab.. Crab asked: being my frnd y r u clearing my beautiful footprints? Waves replied: A fox was following ur footprints to catch you! thats y i cleared it off:) frndsship never lets u dwn :-) GUD nyt..,one day crab running sea shorethe wave came n cleared footprint crab crab asked frnd r u clearing beautiful footprint wave replied fox following ur footprint catch thats cleared frndsship never let u dwn gud nyt
0,"Call me when you/carlos is/are here, my phone's vibrate is acting up and I might not hear texts",call youcarlos isare phone vibrate acting might hear text
0,Please don't text me anymore. I have nothing else to say.,please dont text anymore nothing else say
1,TBS/PERSOLVO. been chasing us since Sept for£38 definitely not paying now thanks to your information. We will ignore them. Kath. Manchester.,tbspersolvo chasing u since sept definitely paying thanks information ignore kath manchester
0,En chikku nange bakra msg kalstiya..then had tea/coffee?,en chikku nange bakra msg kalstiyathen teacoffee
0,Lol they don't know about my awesome phone. I could click delete right now if I want.,lol dont know awesome phone could click delete right want
0,I know I'm lacking on most of this particular dramastorm's details but for the most part I'm not worried about that,know im lacking particular dramastorms detail part im worried
0,I dont know ask to my brother. Nothing problem some thing that. Just i told .,dont know ask brother nothing problem thing told
0,"Yes, my reg is  Ciao!",yes reg ciao
0,Miss call miss call khelate kintu opponenter miss call dhorte lage. Thats d rule. One with great phone receiving quality wins.,miss call miss call khelate kintu opponenter miss call dhorte lage thats rule one great phone receiving quality win
0,Anything lor is she coming?,anything lor coming
0,I have to take exam with in march 3,take exam march
0,Then ü ask dad to pick ü up lar... Ü wan 2 stay until 6 meh...,ask dad pick lar wan stay meh
0,Nope watching tv at home... Not going out. V bored...,nope watching tv home going v bored
0,He needs to stop going to bed and make with the fucking dealing,need stop going bed make fucking dealing
0,Idk. I'm sitting here in a stop and shop parking lot right now bawling my eyes out because i feel like i'm a failure in everything. Nobody wants me and now i feel like i'm failing you.,idk im sitting stop shop parking lot right bawling eye feel like im failure everything nobody want feel like im failing
0,If i not meeting ü all rite then i'll go home lor. If ü dun feel like comin it's ok.,meeting rite ill go home lor dun feel like comin ok
1,PRIVATE! Your 2004 Account Statement for 07742676969 shows 786 unredeemed Bonus Points. To claim call 08719180248 Identifier Code: 45239 Expires,private account statement show unredeemed bonus point claim call identifier code expires
0,I probably won't eat at all today. I think I'm gonna pop. How was your weekend? Did u miss me?,probably wont eat today think im gon na pop weekend u miss
0,"They can try! They can get lost, in fact. Tee hee",try get lost fact tee hee
1,"Did you hear about the new ""Divorce Barbie""? It comes with all of Ken's stuff!",hear new divorce barbie come ken stuff
0,Come by our room at some point so we can iron out the plan for this weekend,come room point iron plan weekend
0,"8 at the latest, g's still there if you can scrounge up some ammo and want to give the new ak a try",latest g still scrounge ammo want give new ak try
0,I'm fine. Hope you are good. Do take care.,im fine hope good take care
1,Can U get 2 phone NOW? I wanna chat 2 set up meet Call me NOW on 09096102316 U can cum here 2moro Luv JANE xx Calls£1/minmoremobsEMSPOBox45PO139WA,u get phone wan na chat set meet call u cum moro luv jane xx callsminmoremobsemspoboxpowa
1,"This is the 2nd time we have tried 2 contact u. U have won the £750 Pound prize. 2 claim is easy, call 087187272008 NOW1! Only 10p per minute. BT-national-rate.",nd time tried contact u u pound prize claim easy call p per minute btnationalrate
0,"Pls send me a comprehensive mail about who i'm paying, when and how much.",pls send comprehensive mail im paying much
0,"Probably gonna be here for a while, see you later tonight &lt;)",probably gon na see later tonight lt
1,87077: Kick off a new season with 2wks FREE goals & news to ur mobile! Txt ur club name to 87077 eg VILLA to 87077,kick new season wks free goal news ur mobile txt ur club name eg villa
1,WIN URGENT! Your mobile number has been awarded with a £2000 prize GUARANTEED call 09061790121 from land line. claim 3030 valid 12hrs only 150ppm ,win urgent mobile number awarded prize guaranteed call land line claim valid hr ppm
0,Where r we meeting?,r meeting
0,Hey are we going for the lo lesson or gym? ,hey going lo lesson gym
0,"I wonder if your phone battery went dead ? I had to tell you, I love you babe",wonder phone battery went dead tell love babe
0,Well I wasn't available as I washob nobbing with last night so they had to ask Nickey Platt instead of me!;,well wasnt available washob nobbing last night ask nickey platt instead
0,I anything lor...,anything lor
0,Depends on where u going lor.,depends u going lor
0,I had a good time too. Its nice to do something a bit different with my weekends for a change. See ya soon,good time nice something bit different weekend change see ya soon
0,"Cool, text me when you're parked",cool text youre parked
0,"Honey, can you pls find out how much they sell Predicte in Nigeria. And how many times can it be used. Its very important to have a reply before monday",honey pls find much sell predicte nigeria many time used important reply monday
1,"Your free ringtone is waiting to be collected. Simply text the password ""MIX"" to 85069 to verify. Get Usher and Britney. FML, PO Box 5249, MK17 92H. 450Ppw 16",free ringtone waiting collected simply text password mix verify get usher britney fml po box mk h ppw
0,"She was supposed to be but couldn't make it, she's still in town though",supposed couldnt make shes still town though
1,"If you don't, your prize will go to another customer. T&C at www.t-c.biz 18+ 150p/min Polo Ltd Suite 373 London W1J 6HL Please call back if busy ",dont prize go another customer tc pmin polo ltd suite london wj hl please call back busy
0,Holy living christ what is taking you so long,holy living christ taking long
0,Petey boy whereare you me and all your friendsare in theKingshead come down if you canlove Nic,petey boy whereare friendsare thekingshead come canlove nic
0,Dont know you bring some food,dont know bring food
0,"Beautiful Truth against Gravity.. Read carefully: ""Our heart feels light when someone is in it.. But it feels very heavy when someone leaves it.."" GOOD NIGHT",beautiful truth gravity read carefully heart feel light someone feel heavy someone leaf good night
0,No need to buy lunch for me.. I eat maggi mee..,need buy lunch eat maggi mee
0,Taka lor. Wat time u wan 2 come n look 4 us?,taka lor wat time u wan come n look u
1,"pdate_Now - Double mins and 1000 txts on Orange tariffs. Latest Motorola, SonyEricsson & Nokia & Bluetooth FREE! Call MobileUpd8 on 08000839402 or call2optout/!YHL",pdatenow double min txts orange tariff latest motorola sonyericsson nokia bluetooth free call mobileupd calloptoutyhl
0,Does uncle timi help in clearing cars,uncle timi help clearing car
0,Hmm. Shall i bring a bottle of wine to keep us amused? Just joking! I'll still bring a bottle. Red or white? See you tomorrow,hmm shall bring bottle wine keep u amused joking ill still bring bottle red white see tomorrow
0,No need lar. Jus testing e phone card. Dunno network not gd i thk. Me waiting 4 my sis 2 finish bathing so i can bathe. Dun disturb u liao u cleaning ur room.,need lar jus testing e phone card dunno network gd thk waiting si finish bathing bathe dun disturb u liao u cleaning ur room
1,"all the lastest from Stereophonics, Marley, Dizzee Racal, Libertines and The Strokes! Win Nookii games with Flirt!! Click TheMob WAP Bookmark or text WAP to 82468",lastest stereophonics marley dizzee racal libertine stroke win nookii game flirt click themob wap bookmark text wap
0,Ü called dad oredi...,called dad oredi
0,Its good to hear from you,good hear
0,K I'll call you when I'm close,k ill call im close
0,Not..tel software name..,nottel software name
0,Can you do online transaction?,online transaction
0,Not from this campus. Are you in the library?,campus library
0,Yeah no probs - last night is obviously catching up with you... Speak soon ,yeah probs last night obviously catching speak soon
1,Do you want 750 anytime any network mins 150 text and a NEW VIDEO phone for only five pounds per week call 08002888812 or reply for delivery tomorrow,want anytime network min text new video phone five pound per week call reply delivery tomorrow
0,I know but you need to get hotel now. I just got my invitation but i had to apologise. Cali is to sweet for me to come to some english bloke's weddin,know need get hotel got invitation apologise cali sweet come english bloke weddin
0,I will once i get home,get home
0,Prepare to be pleasured :),prepare pleasured
0,"Did you say bold, then torch later. Or one torch and 2bold?",say bold torch later one torch bold
0,You only hate me. You can call any but you didnt accept even a single call of mine. Or even you messaged,hate call didnt accept even single call mine even messaged
0,"Had the money issue weigh me down but thanks to you, I can breathe easier now. I.ll make sure you dont regret it. Thanks.",money issue weigh thanks breathe easier ill make sure dont regret thanks
0,"Oh, yes, I've just been a little under the weather so i've kind of been coccooning at home",oh yes ive little weather ive kind coccooning home
0,Cool. I am  &lt;#&gt;  inches long. hope you like them big!,cool ltgt inch long hope like big
0,Got it..mail panren paru..,got itmail panren paru
0,have you ever had one foot before?,ever one foot
1,+123 Congratulations - in this week's competition draw u have won the £1450 prize to claim just call 09050002311 b4280703. T&Cs/stop SMS 08718727868. Over 18 only 150ppm,congratulation week competition draw u prize claim call b tcsstop sm ppm
0,Still at west coast... Haiz... Ü'll take forever to come back...,still west coast haiz take forever come back
1,Ur cash-balance is currently 500 pounds - to maximize ur cash-in now send CASH to 86688 only 150p/msg. CC: 08708800282 HG/Suite342/2Lands Row/W1J6HL,ur cashbalance currently pound maximize ur cashin send cash pmsg cc hgsuitelands rowwjhl
1,"Congrats! 1 year special cinema pass for 2 is yours. call 09061209465 now! C Suprman V, Matrix3, StarWars3, etc all 4 FREE! bx420-ip4-5we. 150pm. Dont miss out! ",congrats year special cinema pas call c suprman v matrix starwars etc free bxipwe pm dont miss
0,When are you going to ride your bike?,going ride bike
0,Yeah right! I'll bring my tape measure fri!,yeah right ill bring tape measure fri
0,Welp apparently he retired,welp apparently retired
0,Why you Dint come with us.,dint come u
0,You're right I have now that I think about it,youre right think
0,I've been barred from all B and Q stores for life!?This twat in orange dungerees came up to me and asked if I wanted decking? So I got the first punch in!!,ive barred b q store lifethis twat orange dungerees came asked wanted decking got first punch
0,Try to do something dear. You read something for exams,try something dear read something exam
0,"Rose needs water, season needs change, poet needs imagination..My phone needs ur sms and i need ur lovely frndship forever....",rose need water season need change poet need imaginationmy phone need ur sm need ur lovely frndship forever
0,I think steyn surely get one wicket:),think steyn surely get one wicket
1,LORD OF THE RINGS:RETURN OF THE KING in store NOW!REPLY LOTR by 2 June 4 Chance 2 WIN LOTR soundtrack CDs StdTxtRate. Reply STOP to end txts,lord ringsreturn king store nowreply lotr june chance win lotr soundtrack cd stdtxtrate reply stop end txts
0,Really? I crashed out cuddled on my sofa.,really crashed cuddled sofa
0,Hey what's up charles sorry about the late reply.,hey whats charles sorry late reply
0,"Best msg: It's hard to be with a person, when u know that one more step foward will make u fall in love.. &amp; One step back can ruin ur friendship.. good night:-) ...",best msg hard person u know one step foward make u fall love amp one step back ruin ur friendship good night
0,"Hello, yeah i've just got out of the bath and need to do my hair so i'll come up when i'm done, yeah?",hello yeah ive got bath need hair ill come im done yeah
0,If i start sending blackberry torch to nigeria will you find buyer for me?like 4a month. And tell dad not to buy bb from anyone oh.,start sending blackberry torch nigeria find buyer melike month tell dad buy bb anyone oh
0,In which place do you want da.,place want da
0,Was doing my test earlier. I appreciate you. Will call you tomorrow.,test earlier appreciate call tomorrow
1,"500 New Mobiles from 2004, MUST GO! Txt: NOKIA to No: 89545 & collect yours today!From ONLY £1 www.4-tc.biz 2optout 087187262701.50gbp/mtmsg18 TXTAUCTION",new mobile must go txt nokia collect todayfrom optout gbpmtmsg txtauction
0,"Dont give a monkeys wot they think and i certainly don't mind. Any friend of mine&all that! Just don't sleep wiv , that wud be annoyin!",dont give monkey wot think certainly dont mind friend mineall dont sleep wiv wud annoyin
0,"Bill, as in: Are there any letters for me. i’m expecting one from orange that isn’t a bill but may still say orange on it.",bill letter im expecting one orange isnt bill may still say orange
0,Missed your call cause I was yelling at scrappy. Miss u. Can't wait for u to come home. I'm so lonely today.,missed call cause yelling scrappy miss u cant wait u come home im lonely today
0,SERIOUSLY. TELL HER THOSE EXACT WORDS RIGHT NOW.,seriously tell exact word right
0,Yup,yup
0,Did you see that film:),see film
0,So what do you guys do.,guy
0,My trip was ok but quite tiring lor. Uni starts today but it's ok 4 me cos i'm not taking any modules but jus concentrating on my final yr project.,trip ok quite tiring lor uni start today ok co im taking module jus concentrating final yr project
0,How long does it take to get it.,long take get
1,URGENT! We are trying to contact U. Todays draw shows that you have won a £800 prize GUARANTEED. Call 09050003091 from land line. Claim C52. Valid 12hrs only,urgent trying contact u today draw show prize guaranteed call land line claim c valid hr
1,PRIVATE! Your 2003 Account Statement for shows 800 un-redeemed S. I. M. points. Call 08715203652 Identifier Code: 42810 Expires 29/10/0,private account statement show unredeemed point call identifier code expires
0,"Alright, see you in a bit",alright see bit
0,Nope but i'm going home now then go pump petrol lor... Like going 2 rain soon...,nope im going home go pump petrol lor like going rain soon
0,All will come alive.better correct any good looking figure there itself..,come alivebetter correct good looking figure
0,She told to hr that he want posting in chennai:)because i'm working here:),told hr want posting chennaibecause im working
0,"Nothing. I meant that once the money enters your account here, the bank will remove its flat rate. Someone transfered  &lt;#&gt;  to my account and  &lt;#&gt; dollars got removed. So the banks differ and charges also differ.be sure you trust the 9ja person you are sending account details to cos...",nothing meant money enters account bank remove flat rate someone transfered ltgt account ltgt dollar got removed bank differ charge also differbe sure trust ja person sending account detail co
0,Tell me pa. How is pain de.,tell pa pain de
0,Are you comingdown later?,comingdown later
0,Thats cool. Where should i cum? On you or in you? :),thats cool cum
0,Daddy will take good care of you :),daddy take good care
0,"My friend just got here and says he's upping his order by a few grams (he's got $ &lt;#&gt; ), when can you get here?",friend got say he upping order gram he got ltgt get
0,Sorry sent blank msg again. Yup but trying 2 do some serious studying now.,sorry sent blank msg yup trying serious studying
0,And of course you should make a stink!,course make stink
0,Babe !!!! I LOVE YOU !!!! *covers your face in kisses*,babe love cover face kiss
0,We don call like  &lt;#&gt;  times oh. No give us hypertension oh.,call like ltgt time oh give u hypertension oh
0,Nah im goin 2 the wrks with j wot bout u?,nah im goin wrks j wot bout u
0,Can u get pic msgs to your phone?,u get pic msg phone
1,"SMS. ac Blind Date 4U!: Rodds1 is 21/m from Aberdeen, United Kingdom. Check Him out http://img. sms. ac/W/icmb3cktz8r7!-4 no Blind Dates send HIDE",sm ac blind date u rodds aberdeen united kingdom check sm acwicmbcktzr blind date send hide
0,I know complain num only..bettr directly go to bsnl offc nd apply for it..,know complain num onlybettr directly go bsnl offc nd apply
0,K.i will send in  &lt;#&gt;  min:),ki send ltgt min
0,Hey... Why dont we just go watch x men and have lunch... Haha ,hey dont go watch x men lunch haha
0,Oh god. I'm gonna Google nearby cliffs now.,oh god im gon na google nearby cliff
0,What should i eat fo lunch senor,eat fo lunch senor
0,"Camera quite good, 10.1mega pixels, 3optical and 5digital dooms. Have a lovely holiday, be safe and i hope you hav a good journey! Happy new year to you both! See you in a couple of weeks! ",camera quite good mega pixel optical digital doom lovely holiday safe hope hav good journey happy new year see couple week
0,"sorry brah, just finished the last of my exams, what up",sorry brah finished last exam
1,Want the latest Video handset? 750 anytime any network mins? Half price line rental? Reply or call 08000930705 for delivery tomorrow,want latest video handset anytime network min half price line rental reply call delivery tomorrow
0,"Sounds good, keep me posted",sound good keep posted
0,"Jane babes not goin 2 wrk, feel ill after lst nite. Foned in already cover 4 me chuck.:-)",jane babe goin wrk feel ill lst nite foned already cover chuck
1,Had your mobile 11mths ? Update for FREE to Oranges latest colour camera mobiles & unlimited weekend calls. Call Mobile Upd8 on freefone 08000839402 or 2StopTxt,mobile mths update free orange latest colour camera mobile unlimited weekend call call mobile upd freefone stoptxt
0,"Height of Confidence: All the Aeronautics professors wer calld &amp; they wer askd 2 sit in an aeroplane. Aftr they sat they wer told dat the plane ws made by their students. Dey all hurried out of d plane.. Bt only 1 didnt move... He said:""if it is made by my students,this wont even start........ Datz confidence..",height confidence aeronautics professor wer calld amp wer askd sit aeroplane aftr sat wer told dat plane w made student dey hurried plane bt didnt move saidif made studentsthis wont even start datz confidence
1,PRIVATE! Your 2003 Account Statement for <fone no> shows 800 un-redeemed S. I. M. points. Call 08715203656 Identifier Code: 42049 Expires 26/10/04,private account statement fone show unredeemed point call identifier code expires
1,"January Male Sale! Hot Gay chat now cheaper, call 08709222922. National rate from 1.5p/min cheap to 7.8p/min peak! To stop texts call 08712460324 (10p/min)",january male sale hot gay chat cheaper call national rate pmin cheap pmin peak stop text call pmin
0,Great! So what attracts you to the brothas?,great attracts brothas
0,"Tee hee. Off to lecture, cheery bye bye.",tee hee lecture cheery bye bye
0,True dear..i sat to pray evening and felt so.so i sms'd you in some time...,true deari sat pray evening felt soso smsd time
0,"Good FRIENDS CaRE for each Other.. CLoSE Friends UNDERSTaND each Other... and TRUE Friends STaY forever beyond words, beyond time. Gud ni8",good friend care close friend understand true friend stay forever beyond word beyond time gud ni
0,Shall i get my pouch?,shall get pouch
1,Free Msg: Ringtone!From: http://tms. widelive.com/index. wml?id=1b6a5ecef91ff9*37819&first=true18:0430-JUL-05,free msg ringtonefrom widelivecomindex wmlidbaeceffffirsttruejul
0,K..then come wenever u lik to come and also tel vikky to come by getting free time..:-),kthen come wenever u lik come also tel vikky come getting free time
0,HI DARLIN IM MISSIN U HOPE YOU ARE HAVING A GOOD TIME. WHEN ARE U BACK AND WHAT TIME IF U CAN GIVE ME A CALL AT HOME. JESS XX,hi darlin im missin u hope good time u back time u give call home jess xx
0,Super da:)good replacement for murali,super dagood replacement murali
0,Same. Wana plan a trip sometme then,wana plan trip sometme
0,It's ok lar. U sleep early too... Nite...,ok lar u sleep early nite
0,My house here e sky quite dark liao... If raining then got excuse not 2 run already rite... Hee...,house e sky quite dark liao raining got excuse run already rite hee
0,Ü all write or wat..,write wat
0,R u still working now?,r u still working
0,U GOIN OUT 2NITE?,u goin nite
0,For fear of fainting with the of all that housework you just did? Quick have a cuppa,fear fainting housework quick cuppa
1,Urgent! Please call 09061213237 from a landline. £5000 cash or a 4* holiday await collection. T &Cs SAE PO Box 177 M227XY. 16+,urgent please call landline cash holiday await collection c sae po box mxy
0,Am i that much bad to avoid like this?,much bad avoid like
0,Everybody had fun this evening. Miss you.,everybody fun evening miss
1,"Loan for any purpose £500 - £75,000. Homeowners + Tenants welcome. Have you been previously refused? We can still help. Call Free 0800 1956669 or text back 'help'",loan purpose homeowner tenant welcome previously refused still help call free text back help
0,Yes i thought so. Thanks.,yes thought thanks
0,"Oh ! A half hour is much longer in Syria than Canada, eh ? Wow you must get SO much more work done in a day than us with all that extra time ! *grins*",oh half hour much longer syria canada eh wow must get much work done day u extra time grin
0,"The sign of maturity is not when we start saying big things.. But actually it is, when we start understanding small things... *HAVE A NICE EVENING* BSLVYL",sign maturity start saying big thing actually start understanding small thing nice evening bslvyl
0,No need lar i go engin? Cos my sis at arts today...,need lar go engin co si art today
0,Ok... But they said i've got wisdom teeth hidden inside n mayb need 2 remove.,ok said ive got wisdom teeth hidden inside n mayb need remove
1,"Urgent! call 09066350750 from your landline. Your complimentary 4* Ibiza Holiday or 10,000 cash await collection SAE T&Cs PO BOX 434 SK3 8WP 150 ppm 18+",urgent call landline complimentary ibiza holiday cash await collection sae tc po box sk wp ppm
1,Mobile Club: Choose any of the top quality items for your mobile. 7cfca1a,mobile club choose top quality item mobile cfcaa
0,Lol or I could just starve and lose a pound by the end of the day.,lol could starve lose pound end day
0,I'm really not up to it still tonight babe,im really still tonight babe
0,Have you seen who's back at Holby?!,seen who back holby
0,Or just do that 6times,time
0,Ok. No wahala. Just remember that a friend in need ...,ok wahala remember friend need
0,Check with nuerologist.,check nuerologist
0,Aww that's the first time u said u missed me without asking if I missed u first. You DO love me! :),aww thats first time u said u missed without asking missed u first love
1,"449050000301 You have won a £2,000 price! To claim, call 09050000301.",price claim call
0,I love u 2 my little pocy bell I am sorry but I love u,love u little pocy bell sorry love u
0,U sick still can go shopping?,u sick still go shopping
0,"Aight, I'll ask a few of my roommates",aight ill ask roommate
0,"'An Amazing Quote'' - ""Sometimes in life its difficult to decide whats wrong!! a lie that brings a smile or the truth that brings a tear....""",amazing quote sometimes life difficult decide whats wrong lie brings smile truth brings tear
0,Jesus christ bitch I'm trying to give you drugs answer your fucking phone,jesus christ bitch im trying give drug answer fucking phone
0,Ok no prob. Take ur time.,ok prob take ur time
0,"K, jason says he's gonna be around so I'll be up there around  &lt;#&gt;",k jason say he gon na around ill around ltgt
1,"Urgent! call 09066612661 from landline. Your complementary 4* Tenerife Holiday or £10,000 cash await collection SAE T&Cs PO Box 3 WA14 2PX 150ppm 18+ Sender: Hol Offer",urgent call landline complementary tenerife holiday cash await collection sae tc po box wa px ppm sender hol offer
0,"Yup. Anything lor, if u dun wan it's ok...",yup anything lor u dun wan ok
0,Haha... Hope ü can hear the receipt sound... Gd luck!,haha hope hear receipt sound gd luck
0,Hey pple...$700 or $900 for 5 nights...Excellent location wif breakfast hamper!!!,hey pple nightsexcellent location wif breakfast hamper
1,Want a new Video Phone? 750 anytime any network mins? Half price line rental free text for 3 months? Reply or call 08000930705 for free delivery,want new video phone anytime network min half price line rental free text month reply call free delivery
0,Cold. Dont be sad dear,cold dont sad dear
0,"I thought i'd get him a watch, just cos thats the kind of thing u get4an18th. And he loves so much!",thought id get watch co thats kind thing u getanth love much
0,Send me your resume:-),send resume
0,"Every King Was Once A Crying Baby And Every Great Building Was Once A Map.. Not Imprtant Where U r TODAY, BUT Where U Wil Reach TOMORW. Gud ni8",every king cry baby every great building map imprtant u r today u wil reach tomorw gud ni
0,Ok lor.,ok lor
0,Mum say we wan to go then go... Then she can shun bian watch da glass exhibition... ,mum say wan go go shun bian watch da glass exhibition
0,We have to pick rayan macleran there.,pick rayan macleran
0,Waiting in e car 4 my mum lor. U leh? Reach home already?,waiting e car mum lor u leh reach home already
0,Only once then after ill obey all yours.,ill obey
0,Just curious because my cuz asked what I was up to,curious cuz asked
0,Hi. Hope you had a good day. Have a better night.,hi hope good day better night
0,Yes princess! I want to catch you with my big strong hands...,yes princess want catch big strong hand
0,This weekend is fine (an excuse not to do too much decorating),weekend fine excuse much decorating
0,Jus finish watching tv... U?,jus finish watching tv u
0,"K, fyi I'm back in my parents' place in south tampa so I might need to do the deal somewhere else",k fyi im back parent place south tampa might need deal somewhere else
0,"Gumby's has a special where a  &lt;#&gt; "" cheese pizza is $2 so I know what we're doin tonight",gumbys special ltgt cheese pizza know doin tonight
0,Sent me ur email id soon,sent ur email id soon
0,Just sing HU. I think its also important to find someone female that know the place well preferably a citizen that is also smart to help you navigate through. Even things like choosing a phone plan require guidance. When in doubt ask especially girls.,sing hu think also important find someone female know place well preferably citizen also smart help navigate even thing like choosing phone plan require guidance doubt ask especially girl
0,"The guy (kadeem) hasn't been selling since the break, I know one other guy but he's paranoid as fuck and doesn't like selling without me there and I can't be up there til late tonight",guy kadeem hasnt selling since break know one guy he paranoid fuck doesnt like selling without cant til late tonight
0,"Yeah there's quite a bit left, I'll swing by tomorrow when I get up",yeah there quite bit left ill swing tomorrow get
0,"I'm not coming over, do whatever you want",im coming whatever want
0,at bruce b downs &amp; fletcher now,bruce b down amp fletcher
0,Yes:)sura in sun tv.:)lol.,yessura sun tvlol
0,"Good afternoon, my love ... How goes your day ? How did you sleep ? I hope your well, my boytoy ... I think of you ...",good afternoon love go day sleep hope well boytoy think
0,"Sorry to trouble u again. Can buy 4d for my dad again? 1405, 1680, 1843. All 2 big 1 small, sat n sun. Thanx.",sorry trouble u buy dad big small sat n sun thanx
1,"5 Free Top Polyphonic Tones call 087018728737, National Rate. Get a toppoly tune sent every week, just text SUBPOLY to 81618, £3 per pole. UnSub 08718727870.",free top polyphonic tone call national rate get toppoly tune sent every week text subpoly per pole unsub
0,Think you sent the text to the home phone. That cant display texts. If you still want to send it his number is,think sent text home phone cant display text still want send number
1,"Urgent! Please call 09066612661 from your landline, your complimentary 4* Lux Costa Del Sol holiday or £1000 CASH await collection. ppm 150 SAE T&Cs James 28, EH74RR",urgent please call landline complimentary lux costa del sol holiday cash await collection ppm sae tc james ehrr
0,Noice. Text me when you're here,noice text youre
1,RT-KIng Pro Video Club>> Need help? info@ringtoneking.co.uk or call 08701237397 You must be 16+ Club credits redeemable at www.ringtoneking.co.uk! Enjoy!,rtking pro video club need help call must club credit redeemable enjoy
0,Yes just finished watching days of our lives. I love it.,yes finished watching day life love
1,88800 and 89034 are premium phone services call 08718711108,premium phone service call
0,Hey so whats the plan this sat? ,hey whats plan sat
0,You have to pls make a note of all she.s exposed to. Also find out from her school if anyone else was vomiting. Is there a dog or cat in the house? Let me know later.,pls make note shes exposed also find school anyone else vomiting dog cat house let know later
1,LIFE has never been this much fun and great until you came in. You made it truly special for me. I won't forget you! enjoy @ one gbp/sms,life never much fun great came made truly special wont forget enjoy one gbpsms
1,Freemsg: 1-month unlimited free calls! Activate SmartCall Txt: CALL to No: 68866. Subscriptn3gbp/wk unlimited calls Help: 08448714184 Stop?txt stop landlineonly,freemsg month unlimited free call activate smartcall txt call subscriptngbpwk unlimited call help stoptxt stop landlineonly
0,"Just arrived, see you in a couple days &lt;3",arrived see couple day lt
0,Anytime...,anytime
0,V nice! Off 2 sheffield tom 2 air my opinions on categories 2 b used 2 measure ethnicity in next census. Busy transcribing. :-),v nice sheffield tom air opinion category b used measure ethnicity next census busy transcribing
0,"Hey sweet, I was wondering when you had a moment if you might come to me ? I want to send a file to someone but it won't go over yahoo for them because their connection sucks, remember when you set up that page for me to go to and download the format disc ? Could you tell me how to do that ? Or do you know some other way to download big files ? Because they can download stuff directly from the internet. Any help would be great, my prey ... *teasing kiss*",hey sweet wondering moment might come want send file someone wont go yahoo connection suck remember set page go download format disc could tell know way download big file download stuff directly internet help would great prey teasing kiss
0,"Thank You for calling.Forgot to say Happy Onam to you Sirji.I am fine here and remembered you when i met an insurance person.Meet You in Qatar Insha Allah.Rakhesh, ex Tata AIG who joined TISSCO,Tayseer.",thank callingforgot say happy onam sirjii fine remembered met insurance personmeet qatar insha allahrakhesh ex tata aig joined tisscotayseer
0,S:-)if we have one good partnership going we will take lead:),sif one good partnership going take lead
0,From 5 to 2 only my work timing.,work timing
0,Even if he my friend he is a priest call him now,even friend priest call
1,GENT! We are trying to contact you. Last weekends draw shows that you won a £1000 prize GUARANTEED. Call 09064012160. Claim Code K52. Valid 12hrs only. 150ppm ,gent trying contact last weekend draw show prize guaranteed call claim code k valid hr ppm
0,when you and derek done with class?,derek done class
0,"Hey chief, can you give me a bell when you get this. Need to talk to you about this royal visit on the 1st june. ",hey chief give bell get need talk royal visit st june
0,... Are you in the pub?,pub
0,Kothi print out marandratha.,kothi print marandratha
0,Yetunde i'm in class can you not run water on it to make it ok. Pls now.,yetunde im class run water make ok pls
0,"Actually, my mobile is full of msg. And i m doing a work online, where i need to send them  &lt;#&gt;  sent msg i wil explain u later.",actually mobile full msg work online need send ltgt sent msg wil explain u later
0,"Good afternoon loverboy ! How goes you day ? Any luck come your way? I think of you, sweetie and send my love across the sea to make you smile and happy",good afternoon loverboy go day luck come way think sweetie send love across sea make smile happy
1,"For ur chance to win £250 cash every wk TXT: PLAY to 83370. T's&C's www.music-trivia.net custcare 08715705022, 1x150p/wk.",ur chance win cash every wk txt play tscs custcare xpwk
0,"Me not waking up until 4 in the afternoon, sup",waking afternoon sup
0,Jus telling u dat i'll b leaving 4 shanghai on 21st instead so we'll haf more time 2 meet up cya...,jus telling u dat ill b leaving shanghai st instead well haf time meet cya
0,"I'm taking derek &amp; taylor to walmart, if I'm not back by the time you're done just leave the mouse on my desk and I'll text you when priscilla's ready",im taking derek amp taylor walmart im back time youre done leave mouse desk ill text priscillas ready
0,I'm aight. Wat's happening on your side.,im aight wats happening side
0,Only if you promise your getting out as SOON as you can. And you'll text me in the morning to let me know you made it in ok.,promise getting soon youll text morning let know made ok
0,I dled 3d its very imp,dled imp
0,Hi:)cts employee how are you?,hicts employee
0,We r outside already.,r outside already
0,Ya but it cant display internal subs so i gotta extract them,ya cant display internal sub got ta extract
0,Imagine Life WITHOUT ME... see.. How fast u are searching me?Don't worry.. l'm always there To disturb U.. Goodnoon..:),imagine life without see fast u searching medont worry lm always disturb u goodnoon
0,Hi my email address has changed now it is ,hi email address changed
1,FROM 88066 LOST £12 HELP,lost help
0,I‘m going to try for 2 months ha ha only joking,im going try month ha ha joking
0,I'll be at mu in like  &lt;#&gt;  seconds,ill mu like ltgt second
1,FREE entry into our £250 weekly competition just text the word WIN to 80086 NOW. 18 T&C www.txttowin.co.uk,free entry weekly competition text word win tc
0,Hi di is yijue we're meeting at 7 pm at esaplanade tonight.,hi di yijue meeting pm esaplanade tonight
1,"Welcome to UK-mobile-date this msg is FREE giving you free calling to 08719839835. Future mgs billed at 150p daily. To cancel send ""go stop"" to 89123",welcome ukmobiledate msg free giving free calling future mg billed p daily cancel send go stop
0,"I want to show you the world, princess :) how about europe?",want show world princess europe
0,Pick you up bout 7.30ish? What time are  and that going?,pick bout ish time going
0,Ok. She'll be ok. I guess,ok shell ok guess
0,Sitting ard nothing to do lor. U leh busy w work?,sitting ard nothing lor u leh busy w work
0,I dont want to hear anything,dont want hear anything
0,Apart from the one i told you about yesterday?,apart one told yesterday
0,That would be great. We'll be at the Guild. Could meet on Bristol road or somewhere - will get in touch over weekend. Our plans take flight! Have a good week,would great well guild could meet bristol road somewhere get touch weekend plan take flight good week
0,"Christmas is An occasion that is Celebrated as a Reflection of UR... Values..., Desires..., Affections...&amp; Traditions.... Have an ideal Christmas...",christmas occasion celebrated reflection ur value desire affectionsamp tradition ideal christmas
0,I absolutely LOVE South Park! I only recently started watching the office.,absolutely love south park recently started watching office
0,I am not having her number sir,number sir
0,Ah you see. You have to be in the lingo. I will let you know wot on earth it is when has finished making it!,ah see lingo let know wot earth finished making
0,Ball is moving a lot.will spin in last :)so very difficult to bat:),ball moving lotwill spin last difficult bat
0,The greatest test of courage on earth is to bear defeat without losing heart....gn tc,greatest test courage earth bear defeat without losing heartgn tc
0,"Men always needs a beautiful, intelligent, caring, loving, adjustable, cooperative wife. But the law allows only one wife....",men always need beautiful intelligent caring loving adjustable cooperative wife law allows one wife
0,U gd lor go shopping i got stuff to do. U wan 2 watch infernal affairs a not? Come lar...,u gd lor go shopping got stuff u wan watch infernal affair come lar
0,No you'll just get a headache trying to figure it out. U can trust me to do the math. I promise. O:-),youll get headache trying figure u trust math promise
1,Free 1st week entry 2 TEXTPOD 4 a chance 2 win 40GB iPod or £250 cash every wk. Txt POD to 84128 Ts&Cs www.textpod.net custcare 08712405020.,free st week entry textpod chance win gb ipod cash every wk txt pod tscs custcare
1,INTERFLORA - It's not too late to order Interflora flowers for christmas call 0800 505060 to place your order before Midnight tomorrow.,interflora late order interflora flower christmas call place order midnight tomorrow
0,Esplanade lor. Where else...,esplanade lor else
0,7 lor... Change 2 suntec... Wat time u coming?,lor change suntec wat time u coming
0,I'm home.,im home
0,Hi this is yijue... It's regarding the 3230 textbook it's intro to algorithms second edition... I'm selling it for $50...,hi yijue regarding textbook intro algorithm second edition im selling
0,Why do you ask princess?,ask princess
1,Not heard from U4 a while. Call me now am here all night with just my knickers on. Make me beg for it like U did last time 01223585236 XX Luv Nikiyu4.net,heard u call night knickers make beg like u last time xx luv nikiyunet
0,Go fool dont cheat others ok,go fool dont cheat others ok
0,It so happens that there r 2waxsto do wat you want. She can come and ill get her medical insurance. And she'll be able to deliver and have basic care. I'm currently shopping for the right medical insurance for her. So just give me til friday morning. Thats when i.ll see the major person that can guide me to the right insurance.,happens r waxsto wat want come ill get medical insurance shell able deliver basic care im currently shopping right medical insurance give til friday morning thats ill see major person guide right insurance
0,When did i use soc... I use it only at home... Ü dunno how 2 type it in word ar...,use soc use home dunno type word ar
0,Haha... They cant what... At the most tmr forfeit... haha so how?,haha cant tmr forfeit haha
0,Loosu go to hospital. De dont let it careless.,loosu go hospital de dont let careless
0,Then i buy.,buy
0,"We have sent JD for Customer Service cum Accounts Executive to ur mail id, For details contact us",sent jd customer service cum account executive ur mail id detail contact u
0,"Helloooo... Wake up..! ""Sweet"" ""morning"" ""welcomes"" ""You"" ""Enjoy"" ""This Day"" ""with full of joy"".. ""GUD MRNG"".",helloooo wake sweet morning welcome enjoy day full joy gud mrng
0,I anything lor.,anything lor
0,Exactly. Anyways how far. Is jide her to study or just visiting,exactly anyways far jide study visiting
0,Dear where you will be when i reach there,dear reach
0,U can call now...,u call
0,Can do lor...,lor
0,Yar lor... Keep raining non stop... Or u wan 2 go elsewhere?,yar lor keep raining non stop u wan go elsewhere
1,"Shop till u Drop, IS IT YOU, either 10K, 5K, £500 Cash or £100 Travel voucher, Call now, 09064011000. NTT PO Box CR01327BT fixedline Cost 150ppm mobile vary",shop till u drop either k k cash travel voucher call ntt po box crbt fixedline cost ppm mobile vary
1,Summers finally here! Fancy a chat or flirt with sexy singles in yr area? To get MATCHED up just reply SUMMER now. Free 2 Join. OptOut txt STOP Help08714742804,summer finally fancy chat flirt sexy single yr area get matched reply summer free join optout txt stop help
1,Cashbin.co.uk (Get lots of cash this weekend!) www.cashbin.co.uk Dear Welcome to the weekend We have got our biggest and best EVER cash give away!! These..,cashbincouk get lot cash weekend dear welcome weekend got biggest best ever cash give away
0,You know what hook up means right?,know hook mean right
0,"I wake up long ago already... Dunno, what other thing?",wake long ago already dunno thing
0,Tell your friends what you plan to do on Valentines day @ &lt;URL&gt;,tell friend plan valentine day lturlgt
0,Did either of you have any idea's? Do you know of anyplaces doing something?,either idea know anyplaces something
0,"Painful words- ""I thought being Happy was the most toughest thing on Earth... But, the toughest is acting Happy with all unspoken pain inside..""",painful word thought happy toughest thing earth toughest acting happy unspoken pain inside
1,I'd like to tell you my deepest darkest fantasies. Call me 09094646631 just 60p/min. To stop texts call 08712460324 (nat rate),id like tell deepest darkest fantasy call pmin stop text call nat rate
1,"Free Msg: get Gnarls Barkleys ""Crazy"" ringtone TOTALLY FREE just reply GO to this message right now!",free msg get gnarl barkley crazy ringtone totally free reply go message right
0,"Wen ur lovable bcums angry wid u, dnt take it seriously.. Coz being angry is d most childish n true way of showing deep affection, care n luv!.. kettoda manda... Have nice day da.",wen ur lovable bcums angry wid u dnt take seriously coz angry childish n true way showing deep affection care n luv kettoda manda nice day da
0,Don't forget though that I love you .... And I walk beside you. Watching over you and keeping your heart warm.,dont forget though love walk beside watching keeping heart warm
0,Ok going to sleep. Hope i can meet her.,ok going sleep hope meet
0,SORRY IM STIL FUCKED AFTER LAST NITE WENT TOBED AT 430 GOT UP 4 WORK AT 630,sorry im stil fucked last nite went tobed got work
0,"Good evening Sir, hope you are having a nice day. I wanted to bring it to your notice that I have been late in paying rent for the past few months and have had to pay a $ &lt;#&gt;  charge. I felt it would be inconsiderate of me to nag about something you give at great cost to yourself and that's why i didnt speak up. I however am in a recession and wont be able to pay the charge this month hence my askin well ahead of month's end. Can you please help. Thank you for everything.",good evening sir hope nice day wanted bring notice late paying rent past month pay ltgt charge felt would inconsiderate nag something give great cost thats didnt speak however recession wont able pay charge month hence askin well ahead month end please help thank everything
0,ALRITE HUNNY!WOT U UP 2 2NITE? DIDNT END UP GOIN DOWN TOWN JUS DA PUB INSTEAD! JUS CHILLIN AT DA MO IN ME BEDROOM!LOVE JEN XXX.,alrite hunnywot u nite didnt end goin town jus da pub instead jus chillin da mo bedroomlove jen xxx
0,Be sure to check your yahoo email. We sent photos yesterday,sure check yahoo email sent photo yesterday
0,Why i come in between you people,come people
0,Sometimes Heart Remembrs someone Very much... Forgets someone soon... Bcoz Heart will not like everyone. But liked ones will be Remembered Everytime... BSLVYL,sometimes heart remembrs someone much forgets someone soon bcoz heart like everyone liked one remembered everytime bslvyl
0,Hi Petey!noim ok just wanted 2 chat coz avent spoken 2 u 4 a long time-hope ur doin alrite.have good nit at js love ya am.x,hi peteynoim ok wanted chat coz avent spoken u long timehope ur doin alritehave good nit j love ya amx
0,Don't necessarily expect it to be done before you get back though because I'm just now headin out,dont necessarily expect done get back though im headin
0,Hhahhaahahah rofl wtf nig was leonardo in your room or something,hhahhaahahah rofl wtf nig leonardo room something
0,Will ü b going to esplanade fr home?,b going esplanade fr home
0,"Hi the way I was with u 2day, is the normal way&this is the real me. UR unique&I hope I know u 4 the rest of mylife. Hope u find wot was lost.",hi way u day normal waythis real ur uniquei hope know u rest mylife hope u find wot lost
0,The beauty of life is in next second.. which hides thousands of secrets. I wish every second will be wonderful in ur life...!! gud n8,beauty life next second hide thousand secret wish every second wonderful ur life gud n
0,"Come to me, slave. Your doing it again ... Going into your shell and unconsciously avoiding me ... You are making me unhappy :-(",come slave going shell unconsciously avoiding making unhappy
0,K and you're sure I don't have to have consent forms to do it :V,k youre sure dont consent form v
0,Simply sitting and watching match in office..,simply sitting watching match office
0,Ok . . now i am in bus. . If i come soon i will come otherwise tomorrow,ok bus come soon come otherwise tomorrow
0,Ok I'm gonna head up to usf in like fifteen minutes,ok im gon na head usf like fifteen minute
1,Hard LIVE 121 chat just 60p/min. Choose your girl and connect LIVE. Call 09094646899 now! Cheap Chat UK's biggest live service. VU BCM1896WC1N3XX,hard live chat pmin choose girl connect live call cheap chat uk biggest live service vu bcmwcnxx
0,"Hey sexy buns ! Have I told you ? I adore you, loverboy. I hope you remember to thank your sister in law for those meatballs *grins* ... i love you, babe",hey sexy bun told adore loverboy hope remember thank sister law meatball grin love babe
0,Do we have any spare power supplies,spare power supply
0,Ü mean it's confirmed... I tot they juz say oni... Ok then... ,mean confirmed tot juz say oni ok
0,great princess! I love giving and receiving oral. Doggy style is my fave position. How about you? I enjoy making love  &lt;#&gt;  times per night :),great princess love giving receiving oral doggy style fave position enjoy making love ltgt time per night
0,A bloo bloo bloo I'll miss the first bowl,bloo bloo bloo ill miss first bowl
0,Is there a reason we've not spoken this year? Anyways have a great week and all the best in your exam,reason weve spoken year anyways great week best exam
0,Happy valentines day I know its early but i have hundreds of handsomes and beauties to wish. So i thought to finish off aunties and uncles 1st...,happy valentine day know early hundred handsomes beauty wish thought finish aunty uncle st
0,I got to video tape pple type in message lor. U so free wan 2 help me? Hee... Cos i noe u wan 2 watch infernal affairs so ask u along. Asking shuhui oso.,got video tape pple type message lor u free wan help hee co noe u wan watch infernal affair ask u along asking shuhui oso
0,Ok i wont call or disturb any one. I know all are avoiding me. I am a burden for all,ok wont call disturb one know avoiding burden
0,"Ooh, 4got, i'm gonna start belly dancing in moseley weds 6.30 if u want 2 join me, they have a cafe too. ",ooh got im gon na start belly dancing moseley wed u want join cafe
0,Sorry * was at the grocers.,sorry grocer
0,"Alright if you're sure, let me know when you're leaving",alright youre sure let know youre leaving
0,"I wasn't well babe, i have swollen glands at my throat ... What did you end up doing ?",wasnt well babe swollen gland throat end
0,Its going good...no problem..but still need little experience to understand american customer voice...,going goodno problembut still need little experience understand american customer voice
0,U still havent got urself a jacket ah?,u still havent got urself jacket ah
0,Good afternoon starshine! How's my boytoy? Does he crave me yet? Ache to fuck me ? *sips cappuccino* I miss you babe *teasing kiss*,good afternoon starshine hows boytoy crave yet ache fuck sip cappuccino miss babe teasing kiss
0,You dont know you jabo me abi.,dont know jabo abi
0,"Mmmmm ... I loved waking to your words this morning ! I miss you too, my Love. I hope your day goes well and you are happy. I wait for us to be together again",mmmmm loved waking word morning miss love hope day go well happy wait u together
0,Gd luck 4 ur exams :-),gd luck ur exam
0,Yes! I am a one woman man! Please tell me your likes and dislikes in bed...,yes one woman man please tell like dislike bed
0,Hello hun how ru? Its here by the way. Im good. Been on 2 dates with that guy i met in walkabout so far. We have to meet up soon. Hows everyone else?,hello hun ru way im good date guy met walkabout far meet soon hows everyone else
0,Me sef dey laugh you. Meanwhile how's my darling anjie!,sef dey laugh meanwhile hows darling anjie
0,What does the dance river do?,dance river
1,Todays Voda numbers ending 1225 are selected to receive a £50award. If you have a match please call 08712300220 quoting claim code 3100 standard rates app ,today voda number ending selected receive award match please call quoting claim code standard rate app
0,"Geeee ... I miss you already, you know ? Your all I can think about. Fuck, I can't wait till next year when we will be together ... *loving kiss*",geeee miss already know think fuck cant wait till next year together loving kiss
0,"* Was really good to see you the other day dudette, been missing you!",really good see day dudette missing
1,"Thanks for your ringtone order, reference number X49. Your mobile will be charged 4.50. Should your tone not arrive please call customer services 09065989182. From: [colour=red]text[/colour]TXTstar",thanks ringtone order reference number x mobile charged tone arrive please call customer service colourredtextcolourtxtstar
0,I lost 4 pounds since my doc visit last week woot woot! Now I'm gonna celebrate by stuffing my face!,lost pound since doc visit last week woot woot im gon na celebrate stuffing face
0,"By the way, i've put a skip right outside the front of the house so you can see which house it is. Just pull up before it.",way ive put skip right outside front house see house pull
0,I wud never mind if u dont miss me or if u dont need me.. But u wil really hurt me wen u need me &amp; u dont tell me......... Take care:-),wud never mind u dont miss u dont need u wil really hurt wen u need amp u dont tell take care
0,Can't. I feel nauseous. I'm so pissed. I didn't eat any sweets all week cause today I was planning to pig out. I was dieting all week. And now I'm not hungry :/,cant feel nauseous im pissed didnt eat sweet week cause today planning pig dieting week im hungry
0,Mmm so yummy babe ... Nice jolt to the suzy,mmm yummy babe nice jolt suzy
0,How much is torch in 9ja.,much torch ja
0,happened here while you were adventuring,happened adventuring
0,"Well the weather in cali's great. But its complexities are great. You need a car to move freely, its taxes are outrageous. But all in all its a great place. The sad part is i missing home.",well weather cali great complexity great need car move freely tax outrageous great place sad part missing home
0,Bring tat cd don forget,bring tat cd forget
0,"Fair enough, anything going on?",fair enough anything going
0,This pain couldn't have come at a worse time.,pain couldnt come worse time
0,What's up my own oga. Left my phone at home and just saw ur messages. Hope you are good. Have a great weekend.,whats oga left phone home saw ur message hope good great weekend
0,This is ur face test ( 1 2 3 4 5 6 7 8 9  &lt;#&gt;  ) select any number i will tell ur face astrology.... am waiting. quick reply...,ur face test ltgt select number tell ur face astrology waiting quick reply
1,"FREE RINGTONE text FIRST to 87131 for a poly or text GET to 87131 for a true tone! Help? 0845 2814032 16 after 1st free, tones are 3x£150pw to e£nd txt stop",free ringtone text first poly text get true tone help st free tone xpw end txt stop
0,I agree. So i can stop thinkin about ipad. Can you please ask macho the same question.,agree stop thinkin ipad please ask macho question
1,"For ur chance to win a £250 wkly shopping spree TXT: SHOP to 80878. T's&C's www.txt-2-shop.com custcare 08715705022, 1x150p/wk",ur chance win wkly shopping spree txt shop tscs custcare xpwk
0,Hello which the site to download songs its urgent pls,hello site download song urgent pls
1,From next month get upto 50% More Calls 4 Ur standard network charge 2 activate Call 9061100010 C Wire3.net 1st4Terms PoBox84 M26 3UZ Cost £1.50 min MobcudB more,next month get upto call ur standard network charge activate call c wirenet stterms pobox uz cost min mobcudb
0,Correct. So how was work today,correct work today
0,Oh just getting even with u.... u?,oh getting even u u
0,Ic. There are a lotta childporn cars then.,ic lotta childporn car
0,I got it before the new year cos yetunde said she wanted to surprise you with it but when i didnt see money i returned it mid january before the  &lt;#&gt; day return period ended.,got new year co yetunde said wanted surprise didnt see money returned mid january ltgt day return period ended
0,Honestly i've just made a lovely cup of tea and promptly dropped my keys in it and then burnt my fingers getting them out!,honestly ive made lovely cup tea promptly dropped key burnt finger getting
0,"Don't worry, * is easy once have ingredients!",dont worry easy ingredient
0,No..jst change tat only..,nojst change tat
0,"A cute thought for friendship: ""Its not necessary to share every secret with ur close Frnd, but watever u shared should be true""....",cute thought friendship necessary share every secret ur close frnd watever u shared true
0,"He said that he had a right giggle when he saw u again! You would possibly be the first person2die from NVQ, but think how much you could for! ",said right giggle saw u would possibly first persondie nvq think much could
0,"HEY KATE, HOPE UR OK... WILL GIVE U A BUZ WEDLUNCH. GO OUTSOMEWHERE 4 ADRINK IN TOWN..CUD GO 2WATERSHD 4 A BIT? PPL FROMWRK WILL BTHERE. LOVE PETEXXX.",hey kate hope ur ok give u buz wedlunch go outsomewhere adrink towncud go watershd bit ppl fromwrk bthere love petexxx
0,I only haf msn. It's yijue@hotmail.com,haf msn
0,"I can make it up there, squeezed  &lt;#&gt;  bucks out of my dad",make squeezed ltgt buck dad
0,You are a great role model. You are giving so much and i really wish each day for a miracle but God as a reason for everything and i must say i wish i knew why but i dont. I've looked up to you since i was young and i still do. Have a great day.,great role model giving much really wish day miracle god reason everything must say wish knew dont ive looked since young still great day
1,74355 XMAS iscoming & ur awarded either £500 CD gift vouchers & free entry 2 r £100 weekly draw txt MUSIC to 87066 TnC,xmas iscoming ur awarded either cd gift voucher free entry r weekly draw txt music tnc
0,"Yeah, probably here for a while",yeah probably
0,Just checking in on you. Really do miss seeing Jeremiah. Do have a great month,checking really miss seeing jeremiah great month
0,Ok...,ok
0,U coming 2 pick me?,u coming pick
0,When should I come over?,come
0,Am slow in using biola's fne,slow using biolas fne
0,Babes I think I got ur brolly I left it in English wil bring it in 2mrw 4 u luv Franxx,babe think got ur brolly left english wil bring mrw u luv franxx
1,U are subscribed to the best Mobile Content Service in the UK for £3 per 10 days until you send STOP to 82324. Helpline 08706091795,u subscribed best mobile content service uk per day send stop helpline
1,U are subscribed to the best Mobile Content Service in the UK for £3 per ten days until you send STOP to 83435. Helpline 08706091795.,u subscribed best mobile content service uk per ten day send stop helpline
0,So the sun is anti sleep medicine.,sun anti sleep medicine
0,"Turns out my friends are staying for the whole show and won't be back til ~ &lt;#&gt; , so feel free to go ahead and smoke that $ &lt;#&gt;  worth",turn friend staying whole show wont back til ltgt feel free go ahead smoke ltgt worth
0,Oic cos me n my sis got no lunch today my dad went out... So dunno whether 2 eat in sch or wat...,oic co n si got lunch today dad went dunno whether eat sch wat
0,Good Morning my Dear........... Have a great &amp; successful day.,good morning dear great amp successful day
0,Understand. his loss is my gain :) so do you work? School?,understand loss gain work school
0,Yeah just open chat and click friend lists. Then make the list. Easy as pie,yeah open chat click friend list make list easy pie
0,I am in tirupur.  call you da.,tirupur call da
0,There is os called ubandu which will run without installing in hard disk...you can use that os to copy the important files in system and give it to repair shop..,o called ubandu run without installing hard diskyou use o copy important file system give repair shop
0,Have you always been saying welp?,always saying welp
1,You'll not rcv any more msgs from the chat svc. For FREE Hardcore services text GO to: 69988 If u get nothing u must Age Verify with yr network & try again,youll rcv msg chat svc free hardcore service text go u get nothing u must age verify yr network try
0,"No! But we found a diff farm shop to buy some cheese. On way back now, can i call in?",found diff farm shop buy cheese way back call
0,It's ok i noe u're busy but i'm really too bored so i msg u. I oso dunno wat colour she choose 4 me one.,ok noe ure busy im really bored msg u oso dunno wat colour choose one
0,"Me also da, i feel yesterday night  wait til 2day night dear.",also da feel yesterday night wait til day night dear
0,Yeah imma come over cause jay wants to do some drugs,yeah imma come cause jay want drug
0,:( but your not here....,
1,Your weekly Cool-Mob tones are ready to download !This weeks new Tones include: 1) Crazy Frog-AXEL F>>> 2) Akon-Lonely>>> 3) Black Eyed-Dont P >>>More info in n,weekly coolmob tone ready download week new tone include crazy frogaxel f akonlonely black eyeddont p info n
0,I.ll get there tomorrow and send it to you,ill get tomorrow send
0,K:)i will give my kvb acc details:),ki give kvb acc detail
0,Sian... Aft meeting supervisor got work 2 do liao... U working now?,sian aft meeting supervisor got work liao u working
0,Ya just telling abt tht incident..,ya telling abt tht incident
1,"Do you realize that in about 40 years, we'll have thousands of old ladies running around with tattoos?",realize year well thousand old lady running around tattoo
0,"Tell you what, if you make a little spreadsheet and track whose idea it was to smoke to determine who ""smokes too much"" for the entire month of february, I'll come up",tell make little spreadsheet track whose idea smoke determine smoke much entire month february ill come
0,"Hello, my love ! How went your day ? Are you alright ? I think of you, my sweet and send a jolt to your heart to remind you ... I LOVE YOU! Can you hear it ? I screamed it across the sea for all the world to hear. Ahmad al Hallaq is loved ! and owned ! *possessive passionate kiss*",hello love went day alright think sweet send jolt heart remind love hear screamed across sea world hear ahmad al hallaq loved owned possessive passionate kiss
0,Wherre's my boytoy ? :-(,wherres boytoy
0,Your gonna be the death if me. I'm gonna leave a note that says its all robs fault. Avenge me.,gon na death im gon na leave note say robs fault avenge
0,Honey boo I'm missing u.,honey boo im missing u
0,K I'll be sure to get up before noon and see what's what,k ill sure get noon see whats
0,Ok lor ü reaching then message me.,ok lor reaching message
0,"Hi, wkend ok but journey terrible. Wk not good as have huge back log of marking to do",hi wkend ok journey terrible wk good huge back log marking
0,I'm reading the text i just sent you. Its meant to be a joke. So read it in that light,im reading text sent meant joke read light
0,You got job in wipro:)you will get every thing in life in 2 or 3 years.,got job wiproyou get every thing life year
0,Or u ask they all if next sat can a not. If all of them can make it then i'm ok lor.,u ask next sat make im ok lor
0,"Excellent, I'll see what riley's plans are",excellent ill see riley plan
1,Please call our customer service representative on 0800 169 6031 between 10am-9pm as you have WON a guaranteed £1000 cash or £5000 prize!,please call customer service representative ampm guaranteed cash prize
0,"Ha ha nan yalrigu heltini..Iyo kothi chikku, u shared many things wit me..so far i didn't told any body and even uttered a word abt u.. If ur trusting me so much how can i tell these to others.. Plz nxt time dont use those words to me..ok, chikku:-);-)B-)",ha ha nan yalrigu heltiniiyo kothi chikku u shared many thing wit meso far didnt told body even uttered word abt u ur trusting much tell others plz nxt time dont use word meok chikkub
0,"Sir, good morning. Hope you had a good weekend. I called to let you know that i was able to raise  &lt;#&gt;  from my dad. He however said he would make the rest available by mid feb. This amount is still quite short and i was hoping you would help. Do have a good day. Abiola",sir good morning hope good weekend called let know able raise ltgt dad however said would make rest available mid feb amount still quite short hoping would help good day abiola
0,HOW ARE U? I HAVE MISSED U! I HAVENT BEEN UP 2 MUCH A BIT BORED WITH THE HOLIDAY WANT 2 GO BAK 2 COLLEGE! SAD ISNT IT?xx,u missed u havent much bit bored holiday want go bak college sad isnt itxx
0,I can't describe how lucky you are that I'm actually awake by noon,cant describe lucky im actually awake noon
0,Ujhhhhhhh computer shipped out with address to sandiago and parantella lane. Wtf. Poop.,ujhhhhhhh computer shipped address sandiago parantella lane wtf poop
0,Oh ok i didnt know what you meant. Yep i am baby jontin,oh ok didnt know meant yep baby jontin
0,"Yeah that's what I thought, lemme know if anything's goin on later",yeah thats thought lem know anythings goin later
0,I have 2 docs appointments next week.:/ I'm tired of them shoving stuff up me. Ugh why couldn't I have had a normal body?,doc appointment next week im tired shoving stuff ugh couldnt normal body
1,"0A$NETWORKS allow companies to bill for SMS, so they are responsible for their ""suppliers"", just as a shop has to give a guarantee on what they sell. B. G.",anetworks allow company bill sm responsible supplier shop give guarantee sell b g
1,You have an important customer service announcement. Call FREEPHONE 0800 542 0825 now!,important customer service announcement call freephone
0,Dear i am not denying your words please,dear denying word please
0,Yes i think so. I am in office but my lap is in room i think thats on for the last few days. I didnt shut that down,yes think office lap room think thats last day didnt shut
1,U have won a nokia 6230 plus a free digital camera. This is what u get when u win our FREE auction. To take part send NOKIA to 83383 now. POBOX114/14TCR/W1 16,u nokia plus free digital camera u get u win free auction take part send nokia poboxtcrw
0,Nvm take ur time.,nvm take ur time
0,He fucking chickened out. He messaged me he would be late and woould buzz me and then I didn't hear a word from him,fucking chickened messaged would late woould buzz didnt hear word
0,Were trying to find a Chinese food place around here,trying find chinese food place around
0,Haha... Yup hopefully  we will lose a few kg by mon. after hip hop can go orchard and weigh again,haha yup hopefully lose kg mon hip hop go orchard weigh
0,You want to go? ,want go
0,"I'm gonna be home soon and i don't want to talk about this stuff anymore tonight, k? I've cried enough today.",im gon na home soon dont want talk stuff anymore tonight k ive cried enough today
0,G wants to know where the fuck you are,g want know fuck
0,Fine. Do you remember me.,fine remember
0,No sir. That's why i had an 8-hr trip on the bus last week. Have another audition next wednesday but i think i might drive this time.,sir thats hr trip bus last week another audition next wednesday think might drive time
0,I think u have the wrong number.,think u wrong number
0,U say leh... Of course nothing happen lar. Not say v romantic jus a bit only lor. I thk e nite scenery not so nice leh.,u say leh course nothing happen lar say v romantic jus bit lor thk e nite scenery nice leh
0,I thk 50 shd be ok he said plus minus 10.. Did ü leave a line in between paragraphs?,thk shd ok said plus minus leave line paragraph
1,This message is free. Welcome to the new & improved Sex & Dogging club! To unsubscribe from this service reply STOP. msgs@150p 18 only,message free welcome new improved sex dogging club unsubscribe service reply stop
0,Webpage s not available!,webpage available
0,"What's up bruv, hope you had a great break. Do have a rewarding semester.",whats bruv hope great break rewarding semester
0,Hmm .. Bits and pieces lol ... *sighs* ...,hmm bit piece lol sigh
0,Dear are you angry i was busy dear,dear angry busy dear
1,BIG BROTHER ALERT! The computer has selected u for 10k cash or #150 voucher. Call 09064018838. NTT PO Box CRO1327 18+ BT Landline Cost 150ppm mobiles vary,big brother alert computer selected u k cash voucher call ntt po box cro bt landline cost ppm mobile vary
0,"Enjoy the showers of possessiveness poured on u by ur loved ones, bcoz in this world of lies, it is a golden gift to be loved truly..",enjoy shower possessiveness poured u ur loved one bcoz world lie golden gift loved truly
0,Yup but it's not giving me problems now so mayb i'll jus leave it...,yup giving problem mayb ill jus leave
0,"I'm an actor. When i work, i work in the evening and sleep late. Since i'm unemployed at the moment, i ALWAYS sleep late. When you're unemployed, every day is saturday.",im actor work work evening sleep late since im unemployed moment always sleep late youre unemployed every day saturday
0,Men like shorter ladies. Gaze up into his eyes.,men like shorter lady gaze eye
0,Are you staying in town ?,staying town
0,"Thanx. Yup we coming back on sun. Finish dinner going back 2 hotel now. Time flies, we're tog 4 exactly a mth today. Hope we'll haf many more mths to come...",thanx yup coming back sun finish dinner going back hotel time fly tog exactly mth today hope well haf many mths come
0,Ü give me some time to walk there.,give time walk
0,India have to take lead:),india take lead
0,Haha... dont be angry with yourself... Take it as a practice for the real thing. =) ,haha dont angry take practice real thing
1,You have WON a guaranteed £1000 cash or a £2000 prize. To claim yr prize call our customer service representative on 08714712412 between 10am-7pm Cost 10p,guaranteed cash prize claim yr prize call customer service representative ampm cost p
0,I am not at all happy with what you saying or doing,happy saying
0,Yup i thk they r e teacher said that will make my face look longer. Darren ask me not 2 cut too short.,yup thk r e teacher said make face look longer darren ask cut short
0,"I‘ve got some salt, you can rub it in my open wounds if you like!",ive got salt rub open wound like
0,Customer place i will call you.,customer place call
0,"Say this slowly.? GOD,I LOVE YOU &amp; I NEED YOU,CLEAN MY HEART WITH YOUR BLOOD.Send this to Ten special people &amp; u c miracle tomorrow, do it,pls,pls do it...",say slowly godi love amp need youclean heart bloodsend ten special people amp u c miracle tomorrow itplspls
0,Im at arestaurant eating squid! i will be out about 10:30 wanna dosomething or is that to late?,im arestaurant eating squid wan na dosomething late
1,For sale - arsenal dartboard. Good condition but no doubles or trebles!,sale arsenal dartboard good condition double treble
0,Ranjith cal drpd Deeraj and deepak 5min hold,ranjith cal drpd deeraj deepak min hold
0,Where is that one day training:-),one day training
0,"Omw back to tampa from west palm, you hear what happened?",omw back tampa west palm hear happened
1,"You have won ?1,000 cash or a ?2,000 prize! To claim, call09050000327",cash prize claim call
0,Its not that time of the month nor mid of the time?,time month mid time
0,K go and sleep well. Take rest:-).,k go sleep well take rest
0,You could have seen me..i did't recognise you Face.:),could seen mei didt recognise face
0,Not able to do anything.,able anything
0,Ok k..sry i knw 2 siva..tats y i askd..,ok ksry knw sivatats askd
0,"I got another job! The one at the hospital doing data analysis or something, starts on monday! Not sure when my thesis will got finished",got another job one hospital data analysis something start monday sure thesis got finished
0,"Y cant u try new invention to fly..i'm not joking.,",cant u try new invention flyim joking
0,How much for an eighth?,much eighth
0,Sen told that he is going to join his uncle finance in cbe,sen told going join uncle finance cbe
0,Lemme know when you're here,lem know youre
0,Juz now havent woke up so a bit blur blur... Can? Dad went out liao... I cant cum now oso...,juz havent woke bit blur blur dad went liao cant cum oso
0,Hmmm.but you should give it on one day..,hmmmbut give one day
0,Hmmm:)how many players selected?,hmmmhow many player selected
0,Where's mummy's boy ? Is he being good or bad ? Is he being positive or negative ? Why is mummy being made to wait? Hmmmm?,wheres mummy boy good bad positive negative mummy made wait hmmmm
0,Why didn't u call on your lunch?,didnt u call lunch
0,I guess it is useless calling u 4 something important.,guess useless calling u something important
0,"K.. I yan jiu liao... Sat we can go 4 bugis vill one frm 10 to 3 den hop to parco 4 nb. Sun can go cine frm 1030 to 2, den hop to orc mrt 4 hip hop at 4...",k yan jiu liao sat go bugis vill one frm den hop parco nb sun go cine frm den hop orc mrt hip hop
0,Then u ask darren go n pick u lor... But i oso sian tmr haf 2 meet lect...,u ask darren go n pick u lor oso sian tmr haf meet lect
0,Is ur lecture over?,ur lecture
0,We'll you pay over like  &lt;#&gt; yrs so its not too difficult,well pay like ltgt yr difficult
1,You have 1 new voicemail. Please call 08719181513.,new voicemail please call
1,You have 1 new message. Please call 08712400200.,new message please call
0,Just hopeing that wasn‘t too pissed up to remember and has gone off to his sisters or something!,hopeing wasnt pissed remember gone sister something
0,jay says he'll put in  &lt;#&gt;,jay say hell put ltgt
1,URGENT! Your Mobile number has been awarded with a £2000 prize GUARANTEED. Call 09058094454 from land line. Claim 3030. Valid 12hrs only,urgent mobile number awarded prize guaranteed call land line claim valid hr
0,Fine am simply sitting.,fine simply sitting
0,Finish liao... U?,finish liao u
0,Yup...,yup
0,"Mum, hope you are having a great day. Hoping this text meets you well and full of life. Have a great day. Abiola",mum hope great day hoping text meet well full life great day abiola
0,You stayin out of trouble stranger!!saw Dave the other day hes sorted now!still with me bloke when u gona get a girl MR!ur mum still Thinks we will get 2GETHA! ,stayin trouble strangersaw dave day he sorted nowstill bloke u gona get girl mrur mum still think get getha
0,How much u trying to get?,much u trying get
0,"Aight that'll work, thanks",aight thatll work thanks
0,Ok.ok ok..then..whats ur todays plan,okok okthenwhats ur today plan
0,Hey. You got any mail?,hey got mail
0,Nite nite pocay wocay luv u more than n e thing 4eva I promise ring u 2morrowxxxx,nite nite pocay wocay luv u n e thing eva promise ring u morrowxxxx
0,I am going to sleep. I am tired of travel.,going sleep tired travel
1,Good Luck! Draw takes place 28th Feb 06. Good Luck! For removal send STOP to 87239 customer services 08708034412,good luck draw take place th feb good luck removal send stop customer service
1,"SIX chances to win CASH! From 100 to 20,000 pounds txt> CSH11 and send to 87575. Cost 150p/day, 6days, 16+ TsandCs apply Reply HL 4 info",six chance win cash pound txt csh send cost pday day tsandcs apply reply hl info
0,"Good afternon, my love. How are today? I hope your good and maybe have some interviews. I wake and miss you babe. A passionate kiss from across the sea",good afternon love today hope good maybe interview wake miss babe passionate kiss across sea
0,I'll text now! All creepy like so he won't think that we forgot,ill text creepy like wont think forgot
0,Finished class where are you.,finished class
0,He is a womdarfull actor,womdarfull actor
0,Happy new year. Hope you are having a good semester,happy new year hope good semester
1,"URGENT! Your Mobile No was awarded a £2,000 Bonus Caller Prize on 1/08/03! This is our 2nd attempt to contact YOU! Call 0871-4719-523 BOX95QU BT National Rate",urgent mobile awarded bonus caller prize nd attempt contact call boxqu bt national rate
0,Dunno leh cant remember mayb lor. So wat time r we meeting tmr?,dunno leh cant remember mayb lor wat time r meeting tmr
0,Aiyah sorry lor... I watch tv watch until i forgot 2 check my phone.,aiyah sorry lor watch tv watch forgot check phone
0,You also didnt get na hi hi hi hi hi,also didnt get na hi hi hi hi hi
0,"Looks like you found something to do other than smoke, great job!",look like found something smoke great job
0,"K, wait chikku..il send aftr  &lt;#&gt; mins",k wait chikkuil send aftr ltgt min
0,I'm still pretty weak today .. Bad day ?,im still pretty weak today bad day
0,Wat happened to the cruise thing,wat happened cruise thing
0,S but mostly not like that.,mostly like
0,Msgs r not time pass.They silently say that I am thinking of U right now and also making U think of me at least 4 a moment. Gd nt.swt drms @Shesil,msg r time passthey silently say thinking u right also making u think least moment gd ntswt drms shesil
0,That is wondarfull song,wondarfull song
0,"Argh my 3g is spotty, anyway the only thing I remember from the research we did was that province and sterling were the only problem-free places we looked at",argh g spotty anyway thing remember research province sterling problemfree place looked
0,What time should I tell my friend to be around?,time tell friend around
1,"HOT LIVE FANTASIES call now 08707509020 Just 20p per min NTT Ltd, PO Box 1327 Croydon CR9 5WB 0870..k",hot live fantasy call p per min ntt ltd po box croydon cr wb k
1,URGENT! We are trying to contact U Todays draw shows that you have won a £800 prize GUARANTEED. Call 09050000460 from land line. Claim J89. po box245c2150pm,urgent trying contact u today draw show prize guaranteed call land line claim j po boxcpm
0,We're finally ready fyi,finally ready fyi
0,I hope your pee burns tonite.,hope pee burn tonite
0,I'm not. She lip synced with shangela.,im lip synced shangela
0,Maybe i could get book out tomo then return it immediately ..? Or something.,maybe could get book tomo return immediately something
0,"Hiya, probably coming home * weekend after next",hiya probably coming home weekend next
1,Congratulations U can claim 2 VIP row A Tickets 2 C Blu in concert in November or Blu gift guaranteed Call 09061104276 to claim TS&Cs www.smsco.net cost£3.75max ,congratulation u claim vip row ticket c blu concert november blu gift guaranteed call claim tscs costmax
0,Friendship poem: Dear O Dear U R Not Near But I Can Hear Dont Get Fear Live With Cheer No More Tear U R Always my Dear. Gud ni8,friendship poem dear dear u r near hear dont get fear live cheer tear u r always dear gud ni
0,"Evening * v good if somewhat event laden. Will fill you in, don't you worry … Head * ok but throat * wrecked. See you at six then!",evening v good somewhat event laden fill dont worry head ok throat wrecked see six
0,Good night. Am going to sleep.,good night going sleep
0,I am getting threats from your sales executive Shifad as i raised complaint against him. Its an official message.,getting threat sale executive shifad raised complaint official message
0,Here got ur favorite oyster... N got my favorite sashimi... Ok lar i dun say already... Wait ur stomach start rumbling...,got ur favorite oyster n got favorite sashimi ok lar dun say already wait ur stomach start rumbling
0,"Wait, do you know if wesleys in town? I bet she does hella drugs!",wait know wesley town bet hella drug
0,"Princess, is your kitty shaved or natural?",princess kitty shaved natural
0,And popping &lt;#&gt; ibuprofens was no help.,popping ltgt ibuprofen help
0,Hi! This is Roger from CL. How are you?,hi roger cl
0,Lol enjoy role playing much?,lol enjoy role playing much
0, what number do u live at? Is it 11?,number u live
0,Ay wana meet on sat?ü wkg on sat?,ay wana meet sat wkg sat
0,I'm gonna say no. Sorry. I would but as normal am starting to panic about time. Sorry again! Are you seeing on Tuesday?,im gon na say sorry would normal starting panic time sorry seeing tuesday
0,"Sir, I have been late in paying rent for the past few months and had to pay a $ &lt;#&gt;  charge. I felt it would be inconsiderate of me to nag about something you give at great cost to yourself and that's why i didnt speak up. I however am in a recession and wont be able to pay the charge this month hence my askin well ahead of month's end. Can you please help. Thanks",sir late paying rent past month pay ltgt charge felt would inconsiderate nag something give great cost thats didnt speak however recession wont able pay charge month hence askin well ahead month end please help thanks
0,Yar lor actually we quite fast... Cos da ge slow wat... Haha...,yar lor actually quite fast co da ge slow wat haha
0,"God picked up a flower and dippeditinaDEW, lovingly touched itwhichturnedinto u, and the he gifted tomeandsaid,THIS FRIEND IS 4U",god picked flower dippeditinadew lovingly touched itwhichturnedinto u gifted tomeandsaidthis friend u
0,Ok no problem... Yup i'm going to sch at 4 if i rem correctly...,ok problem yup im going sch rem correctly
0,Stop knowing me so well!,stop knowing well
0,But i have to. I like to have love and arrange.,like love arrange
0,He also knows about lunch menu only da. . I know,also know lunch menu da know
1,SplashMobile: Choose from 1000s of gr8 tones each wk! This is a subscrition service with weekly tones costing 300p. U have one credit - kick back and ENJOY,splashmobile choose gr tone wk subscrition service weekly tone costing p u one credit kick back enjoy
0,Yup i'm elaborating on the safety aspects and some other issues..,yup im elaborating safety aspect issue
0,"Ya they are well and fine., BBD(pooja) full pimples..even she become quite black..and ur rite here its too cold, wearing sweatter..",ya well fine bbdpooja full pimpleseven become quite blackand ur rite cold wearing sweatter
0,Hi mate its RV did u hav a nice hol just a message 3 say hello coz havent sent u 1 in ages started driving so stay off roads!RVx,hi mate rv u hav nice hol message say hello coz havent sent u age started driving stay roadsrvx
0,I need to come home and give you some good lovin...,need come home give good lovin
0,Don‘t give a flying monkeys wot they think and I certainly don‘t mind. Any friend of mine and all that!,dont give flying monkey wot think certainly dont mind friend mine
0,No i am not having not any movies in my laptop,movie laptop
0,"Its ok, if anybody asks abt me, u tel them..:-P",ok anybody asks abt u tel themp
0,Still i have not checked it da. . .,still checked da
0,"All done, all handed in. Don't know if mega shop in asda counts as celebration but thats what i'm doing!",done handed dont know mega shop asda count celebration thats im
0,Are you up for the challenge? I know i am :),challenge know
0,"Good afternoon, my boytoy ... How are you feeling today ? Better I hope? Are you being my good boy? Are you my obedient, slave? Do you please your Queen?",good afternoon boytoy feeling today better hope good boy obedient slave please queen
0,Let me know if you need anything else. Salad or desert or something... How many beers shall i get?,let know need anything else salad desert something many beer shall get
1,TheMob>Yo yo yo-Here comes a new selection of hot downloads for our members to get for FREE! Just click & open the next link sent to ur fone...,themobyo yo yohere come new selection hot downloads member get free click open next link sent ur fone
0,Just got outta class gonna go gym.,got outta class gon na go gym
0,I want to lick your pussy now...,want lick pussy
0,No..few hours before.went to hair cut .,nofew hour beforewent hair cut
0,"I don't have anybody's number, I still haven't thought up a tactful way to ask alex",dont anybodys number still havent thought tactful way ask alex
0,Ugh I don't wanna get out of bed. It's so warm.,ugh dont wan na get bed warm
0,I'm awake oh. What's up.,im awake oh whats
0,I ain't answerin no phone at what is actually a pretty reasonable hour but I'm sleepy,aint answerin phone actually pretty reasonable hour im sleepy
0,"As in missionary hook up, doggy hook up, standing...|",missionary hook doggy hook standing
0,Just finished. Missing you plenty,finished missing plenty
0,A pure hearted person can have a wonderful smile that makes even his/her enemies to feel guilty for being an enemy.. So catch the world with your smile..:) GOODMORNING &amp; HAVE A SMILEY SUNDAY..:),pure hearted person wonderful smile make even hisher enemy feel guilty enemy catch world smile goodmorning amp smiley sunday
0,It's justbeen overa week since we broke up and already our brains are going to mush!,justbeen overa week since broke already brain going mush
0,"Piggy, r u awake? I bet u're still sleeping. I'm going 4 lunch now...",piggy r u awake bet ure still sleeping im going lunch
0,"LOL .. *grins* .. I'm not babe, but thanks for thinking of me!",lol grin im babe thanks thinking
0,"That's cool, I'll come by like  &lt;#&gt; ish",thats cool ill come like ltgt ish
0,"Cool, text me when you're ready",cool text youre ready
0,How are you enjoying this semester? Take care brother.,enjoying semester take care brother
0,"Babe, I'm back ... Come back to me ...",babe im back come back
0,K da:)how many page you want?,k dahow many page want
0,I wont touch you with out your permission.,wont touch permission
0,My birthday is on feb  &lt;#&gt;  da. .,birthday feb ltgt da
0,Am only searching for good dual sim mobile pa.,searching good dual sim mobile pa
0,"Carlos took a while (again), we leave in a minute",carlos took leave minute
0,"Hello.How u doing?What u been up 2?When will u b moving out of the flat, cos I will need to arrange to pick up the lamp, etc. Take care. Hello caroline!",hellohow u doingwhat u u b moving flat co need arrange pick lamp etc take care hello caroline
0,Y de asking like this.,de asking like
0,Omg it could snow here tonite!,omg could snow tonite
0,Okey dokey swashbuckling stuff what oh.,okey dokey swashbuckling stuff oh
0,"Living is very simple.. Loving is also simple.. Laughing is too simple.. Winning is tooo simple.. But, being 'SIMPLE' is very difficult.. Gud nte.:-",living simple loving also simple laughing simple winning tooo simple simple difficult gud nte
0,"Fyi I'm taking a quick shower, be at epsilon in like  &lt;#&gt;  min",fyi im taking quick shower epsilon like ltgt min
1,"URGENT. Important information for 02 user. Today is your lucky day! 2 find out why , log onto http://www.urawinner.com there is a fantastic surprise awaiting you !",urgent important information user today lucky day find log onto fantastic surprise awaiting
1,Adult 18 Content Your video will be with you shortly,adult content video shortly
0,Anything lor. Juz both of us lor.,anything lor juz u lor
0,"It's cool, we can last a little while. Getting more any time soon?",cool last little getting time soon
0,You are right though. I can't give you the space you want and need. This is really starting to become an issue. I was going to suggest setting a definite move out--if i'm still there-- after greece. But maybe you are ready and should do it now.,right though cant give space want need really starting become issue going suggest setting definite move outif im still greece maybe ready
0,10 min later k...,min later k
0,I AM AT THE GAS STATION. GO THERE.,gas station go
0,Was gr8 to see that message. So when r u leaving? Congrats dear. What school and wat r ur plans.,gr see message r u leaving congrats dear school wat r ur plan
0,Aight well keep me informed,aight well keep informed
0,Dai i downloaded but there is only exe file which i can only run that exe after installing.,dai downloaded exe file run exe installing
0,Just getting back home,getting back home
0,Are u coming to the funeral home,u coming funeral home
0,"Aight fuck it, I'll get it later",aight fuck ill get later
0,Its sarcasm.. .nt scarcasim,sarcasm nt scarcasim
0,Yup... From what i remb... I think should be can book... ,yup remb think book
0,Good Morning my Dear Shijutta........... Have a great &amp; successful day.,good morning dear shijutta great amp successful day
1,Last chance 2 claim ur £150 worth of discount vouchers-Text YES to 85023 now!SavaMob-member offers mobile T Cs 08717898035. £3.00 Sub. 16 . Remove txt X or STOP,last chance claim ur worth discount voucherstext yes nowsavamobmember offer mobile c sub remove txt x stop
0,Yup n her fren lor. I'm meeting my fren at 730.,yup n fren lor im meeting fren
0,Ü got wat to buy tell us then ü no need to come in again.,got wat buy tell u need come
0,Ok.,ok
0,"Its so common hearin How r u? Wat r u doing? How was ur day? So let me ask u something different. Did u smile today? If not, do it now.... Gud evng.",common hearin r u wat r u ur day let ask u something different u smile today gud evng
0,Oh ho. Is this the first time u use these type of words,oh ho first time u use type word
0,Going to join tomorrow.,going join tomorrow
0,"Yeah work is fine, started last week, all the same stuff as before, dull but easy and guys are fun!",yeah work fine started last week stuff dull easy guy fun
0,But i juz remembered i gotta bathe my dog today..,juz remembered got ta bathe dog today
0,"I can't, I don't have her number!",cant dont number
0,"I met you as a stranger and choose you as my friend. As long as the world stands, our friendship never ends. Lets be Friends forever!!! Gud nitz...",met stranger choose friend long world stand friendship never end let friend forever gud nitz
0,"not that I know of, most people up here are still out of town",know people still town
0,Aiyah ok wat as long as got improve can already wat...,aiyah ok wat long got improve already wat
0,All e best 4 ur exam later.,e best ur exam later
0,Doing project w frens lor. ,project w frens lor
0,Roger that. We‘re probably going to rem in about 20,roger probably going rem
0,Cuz ibored. And don wanna study,cuz ibored wan na study
0,U sure u can't take any sick time?,u sure u cant take sick time
0,HELLO U.CALL WEN U FINISH WRK.I FANCY MEETIN UP WIV U ALL TONITE AS I NEED A BREAK FROM DABOOKS. DID 4 HRS LAST NITE+2 TODAY OF WRK!,hello ucall wen u finish wrki fancy meetin wiv u tonite need break dabooks hr last nite today wrk
0,Umma my life and vava umma love you lot dear,umma life vava umma love lot dear
0,Send me the new number,send new number
0,I uploaded mine to Facebook,uploaded mine facebook
0,WHORE YOU ARE UNBELIEVABLE.,whore unbelievable
0,K.k.how is your business now?,kkhow business
0,Becoz its  &lt;#&gt;  jan whn al the post ofice is in holiday so she cn go fr the post ofice...got it duffer,becoz ltgt jan whn al post ofice holiday cn go fr post oficegot duffer
1,You will be receiving this week's Triple Echo ringtone shortly. Enjoy it!,receiving week triple echo ringtone shortly enjoy
0,We're done...,done
0,Did you stitch his trouser,stitch trouser
